gender,sleep_hours,doom_scrolling_time,productive_screen_time,study_hours,medical_issue,drug_addiction,math_score,physics_score,chemistry_score,biology_score,english_score,performance
male,7.8,4.0,1.6,0.0,no,no,14,0,61,61,86,Just Pass
female,8.0,2.3,2.0,2.1,no,no,81,35,86,31,27,Decent
male,7.8,3.4,2.3,2.3,no,no,24,19,34,75,25,Just Pass
male,7.1,4.1,4.1,1.5,no,no,11,78,50,60,90,Decent
male,6.7,1.8,4.2,2.3,no,no,100,79,87,86,72,Good
female,6.8,2.8,7.1,5.1,no,no,80,67,94,100,23,Nice
male,6.7,2.9,4.8,1.6,no,no,10,92,37,94,71,Decent
male,8.7,4.7,0.0,4.1,no,no,6,18,32,59,82,Just Pass
male,7.9,0.9,4.5,1.1,no,no,68,52,73,96,34,Decent
female,2.6,2.9,1.1,2.6,no,no,46,63,85,7,30,Just Pass
male,8.0,6.8,2.1,3.6,no,no,2,2,39,0,15,Worst
male,7.3,5.3,2.4,1.0,no,no,15,30,28,46,56,Just Pass
male,7.0,5.7,2.7,0.4,no,no,83,48,80,88,57,Nice
male,6.4,3.0,1.2,4.0,no,no,63,42,74,76,12,Decent
female,8.7,3.6,4.4,5.2,no,no,57,61,51,43,80,Decent
male,8.4,5.0,1.2,2.8,no,no,22,57,2,63,62,Just Pass
female,5.8,6.1,4.7,2.1,no,no,11,34,70,1,1,Worst
female,7.6,0.0,8.5,3.3,no,no,62,32,57,69,77,Decent
female,5.5,0.4,1.3,3.1,no,no,100,23,17,33,71,Just Pass
male,4.9,5.6,3.4,3.5,no,no,5,53,62,5,44,Just Pass
female,6.1,2.4,0.0,0.0,no,no,93,11,26,18,84,Just Pass
male,8.3,1.7,3.4,0.9,no,no,23,91,36,75,35,Decent
female,8.4,0.5,5.3,1.3,no,no,50,93,57,65,16,Decent
female,7.8,1.9,5.4,3.3,no,no,17,47,84,15,80,Just Pass
female,8.1,0.2,4.2,3.4,no,no,74,99,43,56,76,Decent
female,7.8,7.2,5.8,4.3,no,no,51,56,11,78,100,Decent
female,6.0,3.0,9.1,3.5,no,no,82,31,58,100,39,Decent
female,7.6,2.9,7.4,0.4,no,no,59,66,10,92,44,Decent
female,8.2,4.2,3.0,5.9,no,no,50,78,80,11,57,Decent
female,8.1,4.9,1.1,5.5,no,no,78,13,100,26,91,Decent
male,8.8,4.9,3.2,0.5,no,no,0,25,59,14,35,Worst
male,8.1,5.1,2.1,3.7,no,no,55,1,28,42,78,Just Pass
female,7.5,1.7,4.9,1.8,no,no,19,39,26,72,23,Just Pass
female,8.6,2.4,1.6,3.3,no,no,49,39,29,21,46,Just Pass
female,7.0,4.5,3.9,5.1,no,no,88,72,31,100,24,Decent
male,5.7,1.9,5.7,7.3,no,no,39,44,56,100,100,Decent
female,6.8,3.0,3.8,4.5,no,no,100,14,20,52,28,Just Pass
male,5.9,3.8,2.1,3.6,no,no,92,35,93,62,45,Decent
male,6.0,4.6,6.3,2.3,no,no,45,86,92,58,12,Decent
male,6.8,0.0,0.2,3.4,no,no,10,49,71,68,100,Decent
male,5.8,4.4,3.3,5.7,no,no,89,52,17,97,73,Decent
male,6.5,2.5,3.9,2.9,no,no,96,54,88,28,100,Nice
female,4.2,4.4,4.0,1.2,no,no,12,70,1,63,0,Worst
female,7.3,4.6,4.4,0.0,no,no,86,43,5,5,12,Worst
female,7.0,6.2,5.2,4.0,no,no,95,13,36,49,42,Just Pass
female,5.8,5.7,3.9,3.5,no,no,49,22,45,65,64,Just Pass
female,8.0,5.7,3.3,1.7,no,no,74,13,30,0,27,Worst
male,8.4,5.9,3.2,5.1,no,no,49,55,21,15,76,Just Pass
female,4.6,3.6,2.8,2.2,no,no,56,2,11,9,16,Worst
female,5.9,3.1,5.6,2.7,no,no,39,36,93,45,68,Decent
male,5.8,4.7,2.7,3.0,no,no,16,61,37,63,40,Just Pass
female,5.6,4.5,5.7,2.3,no,no,78,39,25,100,54,Decent
male,8.2,2.4,4.0,3.5,no,no,10,80,58,35,66,Just Pass
female,6.7,3.8,3.0,5.3,no,no,67,49,13,23,15,Just Pass
male,6.6,2.9,5.2,0.7,no,no,88,99,62,43,94,Nice
female,4.0,1.3,2.5,4.0,no,no,30,100,32,22,86,Decent
female,8.0,5.6,5.3,3.3,yes,no,21,67,47,0,32,Just Pass
male,5.1,3.1,4.4,3.3,no,no,66,100,69,64,62,Nice
male,7.1,7.1,2.8,4.7,no,no,24,20,80,87,3,Just Pass
male,7.4,0.0,5.1,3.1,no,no,100,91,38,100,65,Nice
male,9.0,1.9,5.1,4.0,no,no,50,46,60,24,56,Just Pass
male,5.0,3.1,6.3,4.4,yes,no,57,71,95,13,36,Decent
male,2.5,5.3,5.9,2.0,no,no,13,28,63,40,72,Just Pass
male,7.3,3.8,5.0,3.6,no,no,12,36,100,44,26,Just Pass
male,9.7,3.6,1.7,2.5,no,no,18,96,93,71,18,Decent
female,8.9,0.7,8.9,2.7,no,no,23,39,80,68,71,Decent
female,7.3,0.7,1.2,2.4,no,no,53,82,33,9,75,Decent
male,6.3,3.6,5.9,3.9,no,no,69,78,86,39,13,Decent
female,8.2,0.3,4.9,3.2,no,no,20,46,85,100,70,Decent
female,5.5,1.9,1.7,3.8,no,no,18,54,67,60,38,Just Pass
female,7.7,4.0,3.8,3.0,no,yes,27,0,48,58,54,Just Pass
female,7.8,1.0,3.8,0.0,no,no,82,95,64,43,49,Decent
male,8.6,6.2,6.6,3.1,no,no,65,99,54,70,86,Nice
female,11.1,5.4,2.6,3.1,no,no,9,72,40,15,38,Just Pass
male,7.6,0.0,3.5,3.5,yes,no,88,84,4,73,82,Decent
female,6.2,1.1,0.0,1.8,yes,no,78,0,73,65,58,Decent
female,7.0,0.0,7.5,0.6,no,no,45,51,99,22,95,Decent
female,4.3,1.4,1.9,4.2,no,no,70,42,68,27,90,Decent
male,6.0,4.5,4.7,2.5,no,no,52,59,29,49,51,Just Pass
female,6.4,2.2,3.8,3.3,no,no,100,28,12,73,46,Decent
male,6.2,3.9,3.8,2.4,no,no,53,59,3,66,79,Decent
female,7.2,0.0,5.6,3.0,no,no,100,82,24,83,53,Decent
male,5.8,4.6,7.3,2.1,no,no,24,18,40,76,13,Just Pass
female,8.7,1.9,4.5,1.1,no,no,39,18,23,55,90,Just Pass
male,7.0,3.0,5.3,3.9,no,no,90,15,38,69,51,Decent
male,7.0,2.8,4.7,1.8,no,no,83,81,74,5,18,Decent
female,6.5,0.5,6.0,3.3,no,no,90,50,100,33,81,Decent
male,7.2,0.7,3.1,3.8,no,no,99,36,34,63,100,Decent
female,8.2,4.9,6.2,1.8,no,no,72,79,48,76,88,Nice
female,5.7,3.8,6.2,0.6,no,no,64,15,100,81,56,Decent
female,6.0,5.1,6.2,7.9,no,no,65,62,100,92,28,Decent
female,6.5,3.6,2.7,1.9,no,no,46,74,35,48,69,Decent
female,5.0,3.3,3.7,4.2,no,no,49,66,40,37,69,Decent
female,5.8,0.0,4.5,6.9,no,no,89,82,51,71,48,Decent
female,6.3,2.5,1.3,4.6,no,no,49,24,24,9,99,Just Pass
female,8.3,2.9,7.2,2.4,no,no,24,28,56,69,18,Just Pass
female,7.4,6.9,4.0,2.9,no,no,7,55,31,4,34,Worst
female,7.3,4.4,4.6,1.3,no,no,91,1,73,13,8,Just Pass
female,8.3,6.1,2.8,4.8,no,no,5,89,26,65,94,Decent
male,6.8,4.2,1.3,4.1,no,no,13,38,76,4,6,Worst
male,7.6,1.6,2.8,2.0,no,no,50,47,34,63,48,Just Pass
female,6.8,3.2,4.4,0.9,no,no,27,26,60,64,87,Decent
female,7.4,3.5,5.3,0.4,no,no,40,87,63,78,25,Decent
female,6.1,1.1,4.3,5.0,no,no,29,82,85,24,28,Just Pass
female,3.3,2.2,4.7,3.2,no,no,17,48,21,4,16,Worst
female,6.8,2.6,3.3,3.4,no,no,88,66,36,84,48,Decent
female,9.1,6.2,5.0,1.4,no,no,71,34,20,25,38,Just Pass
female,8.4,0.0,7.0,0.1,no,no,20,56,67,98,81,Decent
female,8.4,5.4,5.4,4.9,no,no,75,44,16,27,32,Just Pass
male,8.9,1.1,5.6,3.1,no,no,74,55,65,72,84,Decent
female,7.1,0.3,4.6,4.8,yes,no,76,36,13,15,100,Just Pass
male,7.3,5.4,1.0,2.2,no,no,41,1,27,34,80,Just Pass
female,6.1,4.5,1.9,2.5,no,no,25,2,67,87,62,Just Pass
female,6.5,5.5,4.9,4.4,no,no,72,23,47,66,99,Decent
male,7.9,4.6,4.0,4.5,no,no,45,33,36,76,100,Decent
female,8.8,7.1,4.9,4.6,no,no,24,92,64,25,60,Decent
male,6.8,4.1,7.4,2.4,no,no,48,69,82,100,35,Decent
female,6.3,2.7,5.5,4.2,no,no,90,100,39,76,100,Good
female,7.0,3.7,6.5,5.2,no,no,63,49,45,26,100,Decent
male,7.9,5.5,4.2,2.8,no,no,29,40,64,1,8,Worst
female,4.8,1.4,2.4,2.0,no,no,88,76,100,6,98,Nice
male,3.6,1.7,3.9,5.7,no,no,100,70,34,18,49,Decent
female,6.2,2.4,2.4,1.7,no,no,45,54,67,93,34,Decent
male,5.2,0.0,7.1,4.3,no,no,60,80,100,58,57,Nice
male,6.2,3.3,5.6,2.9,no,no,69,66,54,37,40,Decent
female,6.8,0.0,5.0,0.0,no,no,12,83,38,48,58,Just Pass
female,6.3,3.1,6.5,5.3,no,no,86,83,83,57,74,Nice
male,9.2,4.7,0.0,0.0,no,no,66,83,0,11,30,Just Pass
female,7.5,2.0,5.2,0.0,no,no,41,96,38,11,43,Just Pass
female,7.5,6.4,1.4,4.1,no,no,15,40,23,8,71,Worst
female,7.9,0.1,4.0,4.1,no,no,20,21,40,77,18,Just Pass
male,5.3,5.4,3.4,1.7,no,no,59,0,13,35,90,Just Pass
male,8.6,4.4,5.3,3.3,no,no,32,18,79,96,77,Decent
male,6.9,0.0,4.5,0.0,no,no,52,13,100,52,76,Decent
male,8.0,8.4,6.7,4.4,no,no,40,39,40,52,44,Just Pass
male,5.4,2.9,2.8,3.5,no,no,24,12,11,99,100,Just Pass
male,4.7,1.2,5.4,2.9,no,no,62,74,83,62,12,Decent
male,8.2,0.2,4.3,3.0,no,no,59,33,67,64,21,Just Pass
male,7.6,2.6,0.7,4.0,no,no,68,57,78,42,86,Decent
male,5.6,2.7,2.2,2.9,no,no,30,15,69,76,78,Decent
female,5.7,3.2,3.7,0.0,no,no,18,79,87,36,24,Just Pass
male,8.7,2.4,6.2,7.4,no,no,100,100,39,83,84,Good
female,5.2,4.3,4.9,5.4,no,no,82,50,28,56,65,Decent
female,9.5,2.2,1.7,0.4,no,no,75,89,32,50,50,Decent
female,5.6,0.0,3.7,2.3,no,no,24,30,61,94,71,Decent
male,8.0,2.7,8.0,2.5,yes,no,19,78,89,38,96,Decent
male,6.5,0.0,4.2,5.2,no,no,78,75,100,44,100,Nice
male,7.9,3.7,3.3,0.0,no,no,80,27,82,52,93,Decent
male,6.2,1.0,5.0,2.0,no,no,100,19,33,100,65,Decent
female,6.8,3.3,5.5,0.0,no,no,83,17,72,69,31,Decent
male,7.1,5.6,3.1,2.4,no,no,1,83,35,27,53,Just Pass
male,5.5,1.1,5.0,2.1,no,no,93,71,100,100,73,Good
male,8.1,5.1,3.3,3.2,yes,no,75,9,7,20,17,Worst
male,6.2,2.1,5.4,1.8,no,no,13,57,22,100,71,Decent
male,6.7,6.5,4.3,1.5,no,no,35,4,78,13,56,Just Pass
female,5.5,2.3,5.0,4.2,no,no,67,23,85,100,100,Nice
male,3.2,1.3,2.5,3.9,no,no,28,95,87,12,28,Decent
female,6.7,4.4,2.4,4.1,yes,no,40,34,4,60,58,Just Pass
male,10.6,2.1,5.9,2.6,no,no,99,47,99,85,56,Nice
female,8.2,1.3,3.8,1.9,no,no,94,100,75,75,20,Nice
male,7.0,2.0,4.6,2.8,no,no,100,49,75,87,41,Decent
male,6.6,2.9,3.4,4.0,no,no,57,42,67,56,14,Just Pass
female,7.0,5.7,5.8,0.0,no,no,35,21,70,0,25,Worst
female,7.8,0.0,2.8,3.8,no,no,81,71,56,50,21,Decent
female,5.2,3.0,3.7,3.6,no,no,49,63,21,72,100,Decent
male,8.7,4.2,5.6,3.1,no,no,11,8,60,71,17,Just Pass
female,8.1,3.4,6.3,2.7,no,no,80,74,83,28,90,Nice
male,8.1,5.6,3.0,0.0,no,no,18,68,5,15,80,Just Pass
male,7.7,2.9,7.9,2.1,no,no,14,71,32,58,56,Just Pass
female,7.0,2.6,4.6,6.6,no,no,22,100,89,92,25,Decent
female,8.0,4.2,1.9,3.0,no,no,94,28,27,86,60,Decent
male,7.9,3.2,4.7,2.4,no,no,31,25,22,14,29,Worst
male,6.5,2.2,3.2,3.0,no,no,52,77,96,100,25,Decent
female,6.1,4.0,4.9,3.7,no,no,100,26,24,100,64,Decent
female,7.2,1.7,3.9,4.3,no,no,60,23,48,14,49,Just Pass
female,9.3,1.8,4.1,2.5,no,no,16,18,51,59,82,Just Pass
male,5.1,1.9,2.2,3.8,no,no,64,85,56,67,68,Decent
male,4.8,5.7,6.0,6.4,yes,no,6,0,34,53,80,Just Pass
male,7.2,0.0,1.7,5.0,no,no,26,45,100,78,22,Decent
male,7.1,3.8,1.8,7.7,no,no,100,28,81,66,39,Decent
male,7.3,3.1,4.7,1.7,no,no,32,79,39,33,60,Just Pass
male,7.4,0.0,7.2,6.4,no,no,97,80,65,39,100,Nice
female,6.7,3.6,3.3,1.4,no,no,50,20,50,20,81,Just Pass
male,9.2,4.0,5.4,3.7,no,no,31,84,12,83,76,Decent
male,4.6,4.2,6.1,4.5,no,no,61,85,100,34,67,Decent
male,5.8,0.0,5.6,2.0,no,no,20,66,36,96,77,Decent
female,6.8,5.7,3.4,3.2,no,no,34,27,69,40,21,Just Pass
male,4.5,1.5,1.8,4.8,no,no,63,69,88,52,70,Decent
male,6.7,4.4,0.0,1.6,no,no,15,86,75,79,42,Decent
female,9.5,4.5,3.5,6.3,no,no,78,17,28,33,50,Just Pass
male,7.0,1.2,6.4,0.2,no,no,12,33,60,25,95,Just Pass
male,7.3,4.3,1.8,6.9,no,no,60,40,20,100,94,Decent
male,5.1,2.2,5.4,5.0,no,no,88,80,97,71,24,Nice
male,6.1,0.0,2.1,2.8,no,no,53,76,59,30,100,Decent
male,6.4,5.3,4.2,2.2,no,no,86,19,14,15,21,Worst
female,6.5,1.4,5.4,2.0,no,no,73,31,81,96,31,Decent
female,8.9,1.3,2.7,2.7,no,no,100,100,41,67,100,Good
female,7.8,2.2,4.3,2.9,no,no,37,84,20,20,53,Just Pass
male,5.3,3.5,3.2,5.5,no,no,100,100,58,100,92,Good
male,7.4,2.9,5.4,6.9,no,no,81,100,44,65,49,Decent
male,7.7,4.1,4.5,3.4,no,no,80,46,100,100,93,Good
female,8.7,0.3,4.1,1.3,no,no,99,21,45,37,92,Decent
male,9.4,1.5,7.1,1.9,no,no,67,74,69,64,63,Decent
male,5.5,2.8,5.3,2.6,no,no,94,43,100,25,78,Decent
female,5.8,6.8,2.6,0.9,no,no,43,31,28,32,85,Just Pass
male,5.1,2.8,3.8,0.6,no,no,59,42,35,17,45,Just Pass
female,6.6,5.2,3.8,7.2,no,yes,33,82,5,19,38,Just Pass
female,7.7,3.1,4.2,3.6,no,no,23,15,100,35,81,Decent
female,8.5,2.0,9.0,1.3,no,no,67,31,92,40,50,Decent
male,6.9,2.5,4.7,4.6,no,no,100,74,36,100,100,Good
male,6.5,2.7,0.0,0.6,no,no,73,83,28,0,0,Just Pass
male,7.2,4.2,2.9,0.8,no,no,70,87,87,45,36,Decent
male,5.7,5.7,0.1,1.4,no,no,54,45,43,52,61,Decent
male,10.1,3.7,3.3,6.3,no,no,48,17,69,80,56,Decent
male,4.6,5.4,0.0,2.5,no,no,8,28,56,67,17,Just Pass
male,7.3,1.1,2.3,0.0,no,no,22,91,76,76,41,Decent
female,10.0,2.2,1.0,5.4,no,no,12,61,100,100,100,Nice
male,7.0,1.6,4.8,2.4,no,no,77,82,90,85,64,Nice
female,6.7,3.6,4.0,0.0,no,no,78,23,90,79,30,Decent
male,6.5,2.3,4.6,2.4,no,no,34,10,90,61,75,Decent
male,6.7,4.5,3.8,4.0,no,no,15,63,10,71,67,Just Pass
male,9.1,1.1,1.2,3.8,yes,no,28,78,6,42,51,Just Pass
female,3.7,3.1,5.0,6.6,no,no,43,100,100,41,53,Decent
female,9.3,4.4,7.8,1.3,no,no,49,88,6,35,11,Just Pass
female,4.9,0.0,4.8,3.1,no,no,42,71,95,52,78,Decent
female,6.6,7.2,3.1,1.6,no,no,24,51,75,25,32,Just Pass
male,6.4,2.4,1.1,0.0,no,no,85,77,36,48,37,Decent
female,7.9,0.0,2.2,4.8,no,no,50,18,52,41,40,Just Pass
male,4.6,3.3,4.9,3.9,no,no,87,100,28,60,33,Decent
male,7.7,3.1,6.1,3.6,no,no,74,65,16,100,90,Decent
female,10.0,2.8,4.5,3.9,no,no,44,100,85,51,58,Decent
female,5.0,5.0,5.6,1.6,no,no,81,76,7,22,10,Just Pass
female,7.3,4.5,5.4,1.0,no,no,58,14,93,33,3,Just Pass
female,6.0,3.6,5.0,3.1,no,no,7,23,36,94,29,Just Pass
female,7.6,3.9,2.7,5.3,no,no,16,45,89,100,58,Decent
female,7.0,2.8,4.3,6.2,no,no,93,44,23,100,79,Decent
female,6.0,6.6,2.3,4.6,no,no,44,43,53,28,14,Just Pass
female,7.7,0.0,4.0,3.1,no,no,55,75,49,53,58,Decent
male,9.7,3.3,4.7,3.5,yes,no,8,37,0,91,1,Worst
female,6.7,3.1,7.4,3.0,no,no,27,17,77,44,15,Just Pass
female,8.1,4.6,1.4,0.9,no,no,72,90,87,6,79,Decent
male,5.1,1.3,5.0,3.0,no,no,95,55,14,41,78,Decent
female,5.6,0.0,7.0,0.3,no,no,67,96,38,100,89,Nice
male,7.7,3.3,5.5,2.8,no,no,37,15,78,49,26,Just Pass
male,9.2,3.6,5.7,6.3,no,yes,86,74,80,86,25,Decent
female,7.5,6.0,5.2,4.6,no,no,68,23,25,16,50,Just Pass
male,6.5,0.5,6.6,1.2,no,no,91,79,19,88,77,Decent
male,7.0,5.3,1.8,2.9,no,no,0,64,0,7,51,Worst
male,5.1,7.7,1.2,1.3,no,no,31,76,7,5,41,Worst
male,7.9,2.2,4.0,2.9,no,no,96,41,16,70,24,Just Pass
female,8.3,0.4,0.0,5.1,no,no,47,24,49,57,61,Just Pass
male,6.3,2.2,6.5,4.3,no,no,89,100,61,83,99,Good
female,6.3,3.0,6.4,8.0,yes,no,76,44,58,100,61,Decent
male,7.4,4.1,3.1,5.4,no,no,25,33,24,15,29,Worst
male,6.3,1.8,3.3,3.4,no,no,87,58,56,29,51,Decent
male,6.9,6.1,3.9,4.4,no,no,14,17,3,67,78,Just Pass
male,10.1,0.8,4.1,2.6,no,no,83,40,34,100,24,Decent
female,6.6,0.0,4.3,0.7,no,yes,82,21,19,62,41,Just Pass
female,6.5,5.2,5.1,5.6,no,no,100,38,22,57,100,Decent
male,6.0,0.0,3.7,5.0,no,no,100,65,100,94,58,Good
male,8.1,2.6,5.9,2.5,yes,no,47,32,14,14,0,Worst
female,6.7,9.2,4.9,3.5,no,no,61,71,69,0,57,Decent
male,6.0,3.0,2.8,5.5,no,no,85,100,60,70,17,Decent
male,9.0,0.8,6.7,4.7,no,no,22,32,69,100,41,Decent
male,9.1,2.9,1.3,0.1,no,no,5,77,59,38,0,Just Pass
female,6.1,2.9,3.8,3.5,no,no,67,100,12,64,25,Decent
female,4.2,3.3,5.9,2.7,no,no,5,73,12,47,90,Just Pass
female,8.5,4.3,2.6,5.2,no,no,98,100,40,59,81,Nice
male,6.0,0.9,4.6,5.1,no,no,67,52,60,100,53,Decent
male,8.2,6.4,5.1,5.6,no,no,33,91,50,55,97,Decent
female,4.0,3.5,2.3,0.8,no,no,32,60,60,0,59,Just Pass
female,8.3,4.5,3.9,1.4,no,no,83,30,0,77,42,Just Pass
female,5.2,1.7,3.7,5.2,no,no,100,86,100,77,22,Nice
female,8.1,5.6,2.9,1.8,no,no,6,45,12,68,68,Just Pass
male,7.0,2.5,8.6,0.0,no,no,83,24,30,96,43,Decent
female,5.6,3.6,2.5,4.1,no,no,64,24,97,35,37,Decent
male,6.4,1.1,6.0,1.9,no,no,69,82,11,61,39,Decent
female,8.0,1.0,3.2,6.6,no,no,99,93,100,82,22,Nice
male,7.2,4.4,1.8,3.6,no,no,24,55,5,36,76,Just Pass
female,7.9,2.1,4.2,3.3,no,no,63,60,22,94,24,Decent
female,10.0,1.3,5.3,2.3,no,no,42,29,35,80,63,Just Pass
female,4.7,1.7,5.8,6.2,no,no,30,63,64,94,22,Decent
female,9.4,4.4,7.1,3.7,no,no,20,97,61,90,72,Decent
male,7.2,1.7,9.9,2.2,no,no,30,100,27,42,53,Decent
female,5.7,2.8,4.5,1.4,no,no,64,69,10,77,66,Decent
male,5.0,3.0,2.7,2.9,no,yes,0,79,0,57,0,Worst
male,6.7,0.0,4.9,1.0,no,no,67,99,35,94,36,Decent
male,8.4,0.1,3.5,5.1,no,no,78,34,100,68,31,Decent
male,6.8,3.7,5.9,0.0,no,no,89,38,37,49,63,Decent
female,9.3,1.5,1.4,2.7,no,yes,43,0,57,0,0,Worst
male,4.8,5.1,8.7,4.2,no,no,100,58,31,97,73,Nice
male,7.0,4.9,5.7,3.7,yes,no,0,69,0,45,5,Worst
male,5.1,4.4,0.6,1.6,no,no,64,9,49,53,88,Decent
female,7.5,6.6,2.6,4.3,no,no,2,88,82,12,41,Just Pass
female,8.3,2.8,5.6,1.2,no,no,77,61,94,65,17,Decent
female,6.4,4.3,6.4,3.0,no,no,45,81,61,11,11,Just Pass
female,3.1,1.8,1.5,4.3,no,no,64,7,32,95,35,Just Pass
male,7.3,7.9,5.4,3.9,no,no,30,9,10,86,89,Just Pass
male,7.7,7.0,0.1,1.6,no,no,2,49,53,6,1,Worst
female,7.6,3.0,3.8,5.4,no,no,86,97,42,73,93,Nice
male,8.9,3.8,6.2,3.2,no,no,99,96,93,69,50,Good
male,5.4,5.7,2.9,4.5,no,no,21,71,63,83,83,Decent
male,8.0,2.7,1.0,6.1,no,no,100,33,98,88,100,Good
female,8.8,1.7,4.3,5.2,no,no,31,36,73,100,100,Decent
female,4.3,4.7,2.8,5.2,no,no,78,93,82,40,11,Decent
male,7.5,3.2,5.3,3.4,no,no,100,21,39,22,89,Decent
female,6.2,3.4,2.2,4.6,no,no,22,76,58,65,14,Just Pass
female,6.9,1.3,2.5,3.4,no,no,53,63,11,86,41,Decent
female,7.5,0.0,0.0,0.6,no,no,34,43,61,29,65,Just Pass
female,6.3,3.5,4.3,3.6,no,yes,21,27,36,6,27,Worst
female,6.0,4.8,3.7,3.5,no,no,79,98,79,84,60,Nice
male,7.1,2.5,1.6,4.2,no,no,74,94,80,83,100,Good
female,5.4,5.9,4.4,2.7,no,no,95,85,61,19,80,Decent
male,5.4,1.6,6.1,1.5,no,no,27,49,14,95,45,Just Pass
male,8.0,0.9,3.6,4.3,yes,no,55,11,91,14,60,Just Pass
female,5.3,2.9,4.5,0.4,no,no,44,99,1,10,4,Worst
male,8.0,2.8,4.5,5.9,no,yes,83,6,72,27,37,Just Pass
male,7.7,4.5,1.6,2.5,no,no,0,49,45,86,58,Just Pass
male,4.4,1.5,8.1,3.5,no,no,100,42,97,85,87,Good
female,6.0,5.7,3.1,4.1,yes,no,34,38,33,26,77,Just Pass
female,8.8,6.9,5.3,4.2,no,no,65,33,67,18,31,Just Pass
male,5.5,2.9,5.5,0.2,no,no,37,90,37,72,91,Decent
female,6.3,5.5,3.7,4.6,no,no,90,100,79,64,71,Nice
female,7.7,0.9,5.2,3.6,no,no,72,57,41,100,23,Decent
female,8.2,5.2,4.5,1.7,no,no,64,5,69,74,36,Just Pass
female,6.6,5.1,1.2,1.5,no,no,57,59,12,3,40,Just Pass
male,6.1,4.7,3.3,2.3,yes,no,21,22,57,57,20,Just Pass
male,9.1,3.0,2.8,0.4,no,no,4,95,26,22,8,Worst
female,9.6,0.0,3.1,6.4,no,no,100,31,50,100,78,Nice
female,8.5,1.7,1.4,6.0,no,no,43,26,96,16,28,Just Pass
male,7.1,1.7,6.3,3.9,no,no,100,85,97,39,100,Good
male,5.8,1.0,7.2,2.6,no,no,76,91,85,65,100,Good
female,5.8,3.2,6.0,2.6,no,no,43,55,100,15,55,Decent
male,7.8,2.2,6.5,4.5,no,no,76,44,32,51,23,Just Pass
female,7.6,1.4,3.3,6.5,no,no,84,50,46,69,75,Decent
female,9.1,0.9,2.7,1.9,no,yes,52,15,11,26,41,Worst
male,8.0,1.6,2.4,0.8,no,no,84,24,32,48,90,Decent
male,4.7,5.2,5.3,6.1,no,no,27,97,44,99,18,Decent
female,8.6,1.7,4.5,0.0,no,no,96,8,71,52,71,Decent
female,5.5,2.0,3.8,1.0,no,no,44,43,30,97,59,Decent
male,6.4,2.1,6.6,2.5,no,no,98,86,40,26,29,Decent
female,7.4,3.7,4.8,0.0,no,no,19,0,54,25,9,Worst
male,10.0,3.9,2.3,5.2,no,no,11,96,28,74,78,Decent
female,11.7,0.0,2.6,4.7,no,no,75,88,54,46,51,Decent
male,7.9,5.0,5.4,1.9,no,no,33,8,6,35,100,Just Pass
male,6.7,5.9,6.1,5.6,no,no,100,100,100,100,100,Excellent
male,7.8,0.9,5.1,5.9,no,no,33,71,54,76,79,Decent
female,8.3,1.1,7.8,2.8,no,no,21,82,100,50,81,Decent
female,6.5,2.1,7.3,2.1,no,no,16,100,64,89,27,Decent
male,9.7,1.5,4.9,7.5,no,no,47,100,48,33,100,Decent
female,7.3,3.4,2.3,4.4,no,no,65,48,27,64,53,Decent
male,7.7,0.0,1.4,3.5,no,no,62,35,81,21,64,Decent
male,8.0,0.8,3.2,5.7,no,no,54,44,100,36,100,Decent
female,7.6,6.1,5.5,3.6,no,no,11,79,21,9,3,Worst
female,8.3,1.1,7.7,2.0,no,no,37,100,25,100,63,Decent
male,6.1,5.5,4.8,3.2,no,no,21,10,41,7,65,Worst
female,6.2,3.7,6.3,5.1,no,no,89,16,54,66,30,Decent
female,5.3,0.0,3.5,0.0,no,no,82,87,85,27,11,Decent
male,7.7,4.3,5.2,2.4,no,no,81,42,50,42,57,Decent
male,8.2,2.8,5.6,5.8,no,no,100,45,24,67,72,Decent
female,7.7,2.1,0.0,2.0,no,no,88,18,92,45,33,Decent
male,9.5,3.5,3.2,6.1,no,no,63,48,51,88,100,Decent
male,7.0,3.9,5.9,5.8,no,no,57,100,82,100,46,Nice
female,8.0,4.4,4.5,2.9,no,no,95,100,70,34,55,Decent
male,5.4,5.4,1.6,1.9,no,no,55,27,0,0,12,Worst
male,6.4,3.8,0.0,2.4,no,no,26,93,0,86,0,Just Pass
female,8.0,0.2,3.3,8.3,no,no,85,58,37,100,71,Decent
female,8.3,2.1,3.9,6.7,no,no,100,100,100,63,72,Good
male,6.6,8.9,2.2,3.3,no,no,74,11,69,35,66,Decent
male,6.9,4.4,4.3,1.8,no,no,28,82,13,14,44,Just Pass
female,4.7,7.7,5.0,3.2,no,no,91,31,57,43,23,Just Pass
female,6.5,5.8,5.3,3.5,no,no,100,22,64,33,63,Decent
female,8.3,3.5,0.0,0.5,no,no,15,85,0,91,30,Just Pass
female,7.9,3.6,1.4,3.2,no,no,91,23,44,20,25,Just Pass
male,7.8,2.9,3.4,5.6,no,no,100,100,85,51,100,Good
female,7.1,0.0,5.1,0.0,no,no,10,17,25,68,60,Just Pass
female,7.0,3.0,5.0,4.7,no,no,80,15,99,48,34,Decent
male,6.0,5.4,4.9,5.7,no,no,40,97,76,57,77,Decent
female,8.0,1.8,3.2,1.9,no,no,73,64,6,100,86,Decent
male,7.6,3.8,3.3,6.4,no,no,100,56,99,64,89,Good
female,7.7,4.7,2.5,1.6,no,no,45,4,0,87,55,Just Pass
female,6.2,1.2,5.5,3.9,no,no,57,73,100,20,67,Decent
female,3.8,2.1,2.2,2.4,no,no,92,39,33,11,77,Decent
male,8.6,1.0,5.7,2.4,no,no,100,61,82,100,83,Good
male,6.3,1.4,4.4,1.8,no,no,14,71,86,20,65,Decent
female,5.7,0.4,3.9,4.4,no,no,100,81,46,91,83,Nice
male,8.0,1.2,2.7,4.7,no,no,23,100,50,59,31,Decent
male,6.4,5.8,1.3,2.9,no,no,29,61,46,36,0,Just Pass
male,8.6,1.2,2.7,0.3,no,no,77,34,59,66,94,Decent
male,7.9,3.3,3.3,3.8,no,no,85,40,37,80,100,Decent
male,8.0,2.0,0.0,3.8,no,no,78,53,100,99,84,Good
male,5.0,5.4,3.6,2.6,no,no,2,24,72,24,36,Worst
female,8.8,5.6,5.8,6.7,no,no,27,51,41,83,29,Just Pass
female,7.4,4.7,5.1,0.0,no,no,88,79,59,29,30,Decent
male,6.4,3.6,3.0,0.0,no,no,3,80,38,66,67,Decent
female,7.2,2.5,4.1,1.5,no,no,11,66,90,18,37,Just Pass
female,4.3,0.6,2.9,4.4,no,no,96,71,45,58,92,Nice
female,7.6,6.9,4.3,0.9,no,no,55,33,9,9,58,Worst
female,5.5,1.5,7.1,1.0,no,no,44,72,13,42,71,Just Pass
male,5.0,4.3,5.9,4.9,no,no,28,92,100,83,100,Nice
female,4.7,5.1,5.0,3.9,no,no,93,78,40,28,94,Decent
female,8.7,1.9,3.0,3.8,no,no,100,14,33,79,82,Decent
male,6.1,5.1,5.5,4.6,no,no,13,82,58,58,28,Just Pass
male,9.3,4.5,0.6,2.1,no,no,50,66,24,4,88,Just Pass
female,6.2,6.5,3.5,2.2,no,no,21,4,18,33,17,Worst
female,4.4,2.1,5.2,4.6,no,no,96,28,74,99,50,Decent
female,5.3,0.4,5.5,0.3,no,no,42,86,15,100,90,Decent
female,8.9,2.0,5.3,0.0,no,no,73,57,52,38,22,Just Pass
female,6.8,3.4,4.6,2.1,no,no,57,86,42,9,67,Decent
female,6.2,3.1,3.6,4.9,no,no,66,30,65,25,57,Just Pass
male,7.2,2.2,5.1,3.5,no,no,97,15,44,90,74,Decent
female,7.8,0.0,2.1,4.7,no,no,64,33,74,82,100,Decent
female,8.7,3.9,2.3,0.0,no,no,77,38,1,21,73,Just Pass
male,9.2,6.9,4.1,3.6,no,yes,10,26,11,13,3,Worst
male,6.5,3.9,4.3,4.3,no,no,26,94,32,90,14,Decent
male,5.0,4.2,0.3,0.3,no,no,35,61,33,31,86,Just Pass
male,6.4,4.1,4.9,4.7,no,no,60,100,50,86,69,Nice
female,7.4,3.8,5.5,2.8,no,no,54,14,70,36,24,Just Pass
female,5.6,4.9,3.8,9.1,no,no,100,33,82,92,82,Nice
female,5.6,3.8,8.7,0.0,yes,no,44,0,29,34,0,Worst
female,7.5,2.4,2.6,5.7,no,no,100,68,33,69,33,Decent
female,6.9,1.4,3.3,2.2,no,no,59,34,66,67,71,Decent
female,7.0,2.5,3.2,0.0,yes,no,5,51,79,28,23,Just Pass
male,5.9,3.6,3.8,1.9,no,no,14,15,20,48,34,Worst
female,6.7,2.4,3.3,3.6,no,no,95,19,15,35,74,Just Pass
male,5.6,3.6,1.2,5.1,no,no,13,54,34,100,94,Decent
male,8.3,3.9,2.9,6.4,no,no,24,50,54,100,80,Decent
female,8.6,4.7,3.8,5.8,no,no,17,93,41,63,57,Decent
male,4.2,5.6,6.5,1.1,no,no,37,78,78,0,60,Decent
female,5.6,3.2,8.4,5.3,no,no,73,31,69,36,89,Decent
male,4.8,0.4,6.7,3.8,no,no,20,100,43,100,96,Nice
female,6.0,2.3,2.4,1.7,no,no,53,58,97,95,32,Decent
male,6.9,3.1,2.6,2.6,no,no,42,53,15,19,14,Worst
female,4.8,0.0,3.7,1.6,no,no,86,18,21,82,77,Decent
female,5.6,5.8,7.6,3.1,no,no,88,79,30,68,18,Decent
female,5.5,3.3,3.7,1.5,no,no,69,6,8,31,47,Worst
female,7.3,3.8,1.3,0.9,no,no,42,22,70,38,18,Just Pass
female,7.1,5.7,3.0,4.0,no,no,23,11,33,69,35,Just Pass
male,5.9,1.7,5.5,4.3,no,no,100,69,88,26,63,Decent
male,7.3,4.1,5.4,2.6,no,no,39,69,81,23,94,Decent
male,6.2,2.8,3.6,5.7,no,no,50,100,38,18,83,Decent
female,6.6,2.6,5.4,2.5,no,no,100,82,60,99,26,Nice
male,9.5,1.5,0.0,2.4,no,no,100,99,54,60,90,Nice
female,9.0,6.3,4.2,4.3,no,no,92,79,90,55,53,Nice
female,5.1,2.2,5.7,2.7,no,no,100,40,13,81,31,Decent
male,8.2,4.4,2.3,3.2,no,no,88,56,33,100,54,Decent
male,8.2,0.0,2.3,0.0,no,no,73,48,91,20,22,Decent
female,5.3,5.4,0.3,3.0,no,no,24,51,18,8,31,Worst
male,8.2,5.1,7.2,0.0,no,no,93,55,11,27,78,Decent
female,9.3,3.2,2.6,0.6,no,no,84,67,54,87,62,Decent
female,5.3,2.5,4.5,0.3,no,no,25,9,31,42,48,Worst
female,5.6,3.8,5.2,0.9,no,no,49,75,47,80,23,Decent
female,8.5,7.6,7.0,1.9,yes,no,0,0,64,2,10,Worst
female,7.4,0.0,3.7,2.0,no,no,100,13,63,60,100,Decent
male,7.8,4.6,2.9,4.3,no,no,62,56,56,17,39,Just Pass
male,7.5,1.2,4.3,3.4,no,no,37,71,40,54,74,Decent
female,7.6,3.0,6.6,0.0,no,no,31,5,81,28,51,Just Pass
female,5.0,2.5,3.7,3.2,no,no,100,59,81,62,10,Decent
male,8.6,2.1,2.1,3.6,no,no,69,61,31,86,100,Decent
male,8.8,3.0,0.9,2.3,no,no,42,5,32,93,8,Just Pass
female,6.7,0.7,1.6,2.9,yes,no,43,65,72,22,59,Decent
male,6.9,5.1,5.7,3.4,no,no,15,27,41,80,87,Decent
female,4.7,0.0,3.4,4.5,no,no,24,96,57,100,91,Nice
male,7.8,4.1,2.8,0.0,no,no,52,24,29,5,73,Just Pass
female,7.9,2.3,2.6,2.5,no,no,56,52,21,63,78,Decent
male,6.9,0.7,4.2,6.0,no,no,57,100,56,83,66,Nice
female,8.7,3.4,3.5,5.8,no,no,70,94,94,41,100,Nice
male,6.5,0.0,3.5,4.7,no,no,26,97,68,21,100,Decent
male,7.8,3.1,6.7,4.1,no,no,100,30,59,39,57,Decent
female,5.5,0.2,7.1,6.3,no,no,58,33,44,87,77,Decent
male,7.0,3.9,0.8,6.8,no,no,18,71,28,30,59,Just Pass
female,6.7,1.2,4.7,2.7,no,yes,3,28,0,15,14,Worst
male,7.3,2.1,2.4,1.1,no,no,10,91,2,71,12,Just Pass
female,6.4,3.6,3.5,2.5,no,no,20,37,51,42,29,Just Pass
male,6.8,1.5,4.6,9.2,no,no,71,71,70,36,100,Decent
female,8.2,2.9,3.6,0.0,no,no,71,50,25,37,52,Just Pass
male,6.3,0.0,4.5,2.1,yes,no,25,77,97,97,83,Nice
female,4.6,4.3,5.3,0.2,no,no,39,22,35,22,70,Just Pass
male,9.6,6.5,4.6,3.2,no,no,92,94,78,26,34,Decent
female,9.1,8.6,2.7,0.6,no,no,13,37,5,0,2,Worst
female,5.1,3.2,2.7,2.8,no,no,83,88,28,31,60,Decent
female,8.0,4.6,1.1,0.0,no,no,5,42,46,47,83,Just Pass
male,6.2,0.0,2.3,4.2,no,no,33,93,16,100,99,Decent
female,7.4,6.0,7.9,5.4,no,no,58,18,14,73,89,Decent
male,7.4,4.6,2.4,2.2,no,no,21,77,12,38,74,Just Pass
female,6.6,2.0,1.6,2.7,no,no,95,57,27,43,57,Decent
male,5.8,5.5,4.6,2.7,no,no,6,45,53,3,17,Worst
female,6.0,2.5,3.8,3.4,no,no,68,20,77,9,37,Just Pass
male,5.6,2.1,3.6,2.9,no,no,68,82,39,87,65,Decent
male,5.8,4.0,6.8,4.5,no,no,19,26,36,62,44,Just Pass
female,6.9,0.9,5.1,5.5,no,no,94,40,100,24,99,Nice
male,5.9,5.0,2.9,1.4,no,no,42,8,12,24,33,Worst
male,8.0,0.9,3.2,2.4,no,no,81,9,76,44,20,Just Pass
female,9.2,0.9,3.0,4.8,no,no,98,82,100,94,94,Excellent
male,6.1,1.2,5.7,0.2,no,no,38,33,29,49,75,Just Pass
male,7.4,4.5,3.4,0.0,no,no,41,7,1,71,18,Worst
male,7.7,1.8,0.4,3.5,no,no,32,37,100,69,100,Decent
female,7.7,0.3,3.9,4.0,no,no,37,66,44,20,57,Just Pass
male,7.1,1.8,0.9,1.6,no,no,1,51,28,97,69,Just Pass
female,8.1,2.9,8.4,1.8,no,no,100,46,58,28,100,Decent
male,7.7,0.6,2.1,1.5,no,no,50,55,29,33,21,Just Pass
male,5.1,0.7,3.7,1.3,no,no,8,49,100,87,94,Decent
male,8.3,7.2,4.5,4.4,no,no,1,83,5,19,71,Just Pass
female,8.3,1.3,3.4,0.6,yes,no,16,0,33,28,4,Worst
male,5.9,2.4,3.4,2.5,no,no,7,92,60,92,72,Decent
male,7.1,2.3,4.8,1.2,no,no,42,29,51,68,92,Decent
female,8.0,2.2,7.1,0.1,no,no,11,77,57,35,84,Decent
male,6.7,4.2,5.5,4.7,no,no,14,51,100,75,87,Decent
female,8.6,4.9,7.0,2.0,no,no,70,33,91,85,20,Decent
female,10.5,2.4,1.9,3.4,no,no,97,68,37,47,26,Decent
male,5.8,0.5,4.6,0.0,no,no,45,81,60,62,59,Decent
female,4.9,5.5,4.3,1.5,no,no,79,40,0,94,54,Decent
male,7.5,2.8,4.7,4.5,no,no,15,59,53,100,100,Decent
female,8.1,6.5,6.8,8.2,no,no,95,23,34,68,64,Decent
female,6.7,0.0,3.6,0.0,no,no,11,97,76,14,35,Just Pass
male,9.2,3.4,3.2,2.6,no,no,87,88,26,74,23,Decent
female,5.0,6.8,5.1,3.8,no,no,90,41,76,28,7,Just Pass
female,8.0,2.3,0.4,1.8,no,no,78,76,31,66,6,Decent
female,6.1,2.5,3.5,4.7,no,no,95,44,100,48,70,Nice
female,9.6,3.6,3.7,1.3,yes,no,41,58,29,56,2,Just Pass
female,10.0,1.9,2.2,3.3,no,no,34,59,91,44,93,Decent
male,5.9,2.4,6.1,2.0,no,no,73,55,71,100,68,Nice
female,6.2,2.3,1.9,5.4,no,no,56,18,100,26,99,Decent
male,8.3,1.7,3.7,1.6,no,no,6,100,80,12,48,Just Pass
female,6.4,5.5,4.6,2.3,no,no,47,83,72,78,59,Decent
male,6.9,3.9,6.7,4.9,no,no,80,94,41,55,67,Decent
male,7.0,3.5,4.0,0.9,no,no,0,29,49,45,97,Just Pass
female,4.1,4.6,5.9,3.1,no,no,65,31,32,96,82,Decent
female,7.0,2.5,5.4,0.0,no,no,66,58,2,59,60,Just Pass
female,6.0,1.5,4.2,0.8,no,no,19,88,75,70,64,Decent
male,6.3,1.8,1.8,3.8,no,no,52,100,32,10,33,Just Pass
female,9.2,3.0,1.1,1.0,no,no,93,23,36,64,70,Decent
male,5.1,0.9,4.2,1.9,no,no,97,69,37,47,100,Decent
male,8.2,2.0,2.9,4.0,no,no,52,83,30,57,23,Just Pass
male,6.6,2.0,5.8,1.8,no,no,43,31,15,89,72,Decent
female,6.6,7.2,5.5,4.6,no,no,16,44,37,56,55,Just Pass
female,8.2,0.0,3.6,3.4,no,no,18,33,23,100,100,Decent
male,7.5,2.6,1.7,3.9,no,no,36,76,61,86,7,Decent
male,7.9,6.5,5.0,5.5,no,no,100,93,8,79,20,Decent
female,8.5,3.2,2.0,3.6,no,no,100,92,99,63,8,Nice
male,6.5,4.5,2.5,6.1,no,no,91,77,100,51,26,Decent
female,6.1,3.2,2.0,4.8,no,no,44,43,39,14,79,Just Pass
male,5.4,1.7,3.7,2.0,no,no,21,73,33,8,20,Worst
female,5.8,0.0,6.3,5.6,no,no,85,100,36,30,88,Decent
male,11.4,3.4,4.0,3.5,no,no,72,70,98,100,94,Good
female,8.9,1.4,3.1,2.2,no,no,49,48,65,39,10,Just Pass
male,5.0,1.4,0.9,3.6,no,no,77,99,69,78,10,Decent
female,5.0,2.0,5.1,5.2,no,no,92,100,100,77,100,Excellent
female,7.7,6.5,2.4,3.9,no,no,77,87,90,56,66,Nice
male,7.8,7.8,4.2,6.6,no,no,56,96,88,63,20,Decent
male,7.8,3.4,3.3,5.2,no,no,91,51,89,42,42,Decent
female,6.6,2.1,5.7,4.0,no,no,17,100,100,100,100,Good
male,6.8,0.6,3.7,0.9,no,no,74,63,93,97,28,Nice
female,7.5,3.9,3.9,2.6,no,no,26,6,39,67,78,Just Pass
male,7.1,6.6,5.0,3.1,no,no,27,63,97,86,24,Decent
female,3.7,2.5,8.2,4.4,no,no,23,61,84,19,53,Just Pass
female,6.7,0.0,5.8,4.3,no,no,40,48,58,31,100,Decent
female,5.7,4.3,3.8,3.3,no,no,100,100,48,59,6,Decent
female,7.3,5.0,4.0,3.2,no,no,44,8,71,87,33,Just Pass
female,11.5,0.0,3.0,4.4,no,no,100,100,53,48,65,Nice
female,7.6,3.4,2.1,1.3,no,no,14,13,80,52,60,Just Pass
male,6.5,3.9,2.9,6.4,no,no,33,50,27,13,15,Worst
male,8.4,2.9,2.5,0.0,no,no,51,37,86,94,37,Decent
male,7.7,1.4,5.3,5.9,no,no,56,95,52,98,56,Nice
female,7.6,5.0,1.9,2.9,no,no,63,20,14,35,1,Worst
female,7.9,2.2,6.7,5.0,no,no,61,100,100,100,54,Good
female,10.1,0.0,5.5,3.7,no,no,100,93,42,28,100,Nice
female,5.3,0.0,4.0,3.7,no,no,60,95,100,63,44,Nice
male,7.7,5.5,4.0,4.1,no,no,61,14,33,9,62,Just Pass
male,5.6,4.2,2.9,4.6,yes,no,24,39,85,25,21,Just Pass
female,7.8,3.2,4.5,2.3,no,no,75,99,26,26,15,Just Pass
male,5.6,2.1,6.2,5.1,no,no,84,46,25,50,47,Decent
male,6.4,1.9,2.6,0.8,no,no,40,15,94,95,48,Decent
female,6.6,0.8,0.9,3.0,no,no,35,56,24,50,37,Just Pass
male,8.5,2.1,5.4,4.7,no,no,77,100,100,48,78,Nice
female,8.4,0.0,4.6,5.0,yes,no,100,54,88,70,100,Good
male,5.1,1.5,1.8,3.9,no,no,23,50,18,78,16,Just Pass
female,7.1,2.4,2.5,2.2,no,no,83,69,48,100,75,Nice
female,5.9,4.2,2.3,4.8,no,no,61,100,14,61,7,Just Pass
female,5.1,2.9,2.6,1.7,no,no,53,5,33,76,1,Just Pass
female,6.7,4.6,3.4,6.5,no,no,100,28,48,51,26,Decent
male,6.5,5.7,3.5,2.8,no,no,59,12,58,16,46,Just Pass
female,10.6,5.1,2.7,0.0,no,no,74,0,88,33,0,Just Pass
female,7.6,3.9,2.5,0.6,no,no,46,25,11,36,67,Just Pass
female,4.9,3.0,3.5,3.1,no,no,30,28,38,48,8,Worst
male,6.2,1.0,4.3,3.3,no,no,82,67,71,82,62,Nice
female,8.5,4.5,3.4,6.9,no,yes,81,21,6,29,56,Just Pass
male,10.1,6.4,6.3,0.9,no,no,80,36,67,91,19,Decent
female,4.6,3.7,5.0,3.1,no,no,24,99,45,100,62,Decent
male,4.2,6.8,0.8,0.9,no,no,14,0,77,35,9,Worst
male,9.8,0.0,5.0,2.0,no,no,64,51,75,68,34,Decent
female,7.6,0.7,5.2,6.4,no,no,82,50,61,65,100,Nice
male,5.7,4.7,3.1,0.7,no,no,14,49,66,30,28,Just Pass
female,7.8,3.5,1.0,4.2,no,no,28,78,88,100,86,Nice
female,3.0,5.6,4.0,3.8,no,yes,45,51,50,0,0,Worst
female,7.0,3.0,4.0,3.0,no,no,80,58,33,48,42,Decent
male,7.5,1.3,1.8,4.0,no,no,94,96,52,26,21,Decent
male,8.4,2.6,1.1,0.7,no,no,90,75,42,69,46,Decent
female,5.5,0.0,3.8,6.3,no,no,54,39,62,43,62,Decent
female,7.1,0.7,3.5,6.8,no,no,100,47,54,100,23,Decent
male,5.6,4.9,3.2,3.1,no,no,67,68,76,38,47,Decent
female,7.4,4.7,3.8,7.8,no,no,100,100,18,100,24,Decent
female,5.7,3.7,1.8,2.2,no,yes,2,12,4,73,58,Worst
female,6.4,0.0,3.1,3.8,no,no,42,38,30,93,65,Decent
male,5.5,2.3,5.1,5.9,no,no,89,100,31,81,88,Nice
male,8.0,0.6,3.3,2.1,no,no,100,28,36,23,91,Decent
male,8.3,5.4,0.7,0.2,no,no,70,57,64,81,0,Decent
female,6.6,1.8,3.1,0.0,no,no,72,3,96,77,33,Decent
female,7.1,0.8,1.9,7.1,no,no,60,23,73,50,24,Just Pass
female,4.8,3.1,4.5,1.9,no,no,74,48,36,49,7,Just Pass
male,6.6,1.7,4.6,2.6,no,no,90,75,92,16,13,Decent
female,6.9,6.0,0.7,0.8,no,no,63,2,0,53,35,Worst
female,10.9,1.5,5.5,4.9,no,no,86,95,28,31,64,Decent
female,5.3,0.2,1.8,1.4,no,no,10,18,40,71,12,Worst
female,9.2,0.0,7.1,2.0,no,no,81,69,60,83,42,Decent
male,8.5,2.9,3.9,3.6,no,no,56,39,88,41,33,Decent
male,7.4,1.9,1.5,0.9,no,no,96,75,92,94,29,Nice
female,9.6,0.1,1.7,2.6,no,no,70,90,63,87,74,Nice
male,7.6,5.4,4.7,5.8,no,no,70,16,59,59,79,Decent
male,7.6,4.3,3.2,3.9,no,no,100,24,26,96,38,Decent
female,6.9,2.9,3.8,3.3,no,no,17,97,53,93,86,Decent
female,8.8,5.7,7.2,3.4,no,no,33,47,98,75,47,Decent
male,8.6,4.3,2.6,2.2,no,no,64,46,38,14,51,Just Pass
female,6.1,1.4,4.1,7.0,no,no,54,39,44,72,37,Just Pass
male,5.0,0.9,6.8,1.4,no,no,46,100,45,98,35,Decent
female,6.7,4.6,4.5,3.4,no,no,94,97,56,65,77,Nice
male,5.8,3.8,0.8,3.2,no,no,58,1,60,55,98,Decent
female,6.9,3.3,5.0,5.0,no,no,24,69,57,100,84,Decent
male,8.9,1.3,1.7,5.2,no,no,45,100,89,15,19,Decent
male,6.3,4.2,6.8,2.9,no,no,15,51,66,9,22,Worst
male,6.9,1.5,2.4,3.6,no,no,65,53,76,99,54,Decent
female,7.1,2.8,9.9,3.7,no,no,35,55,100,21,91,Decent
male,8.3,5.9,6.9,0.0,no,no,80,0,81,28,11,Just Pass
male,3.6,1.7,2.4,0.0,no,no,50,72,13,85,68,Decent
female,6.1,0.0,4.0,1.8,no,no,16,56,73,80,66,Decent
female,7.3,0.9,5.5,1.9,no,no,41,64,82,75,88,Decent
male,8.8,5.0,5.6,0.6,no,no,58,22,11,62,52,Just Pass
male,6.3,3.5,4.9,4.5,no,no,45,90,96,43,72,Decent
female,4.2,2.7,6.5,3.0,no,no,59,87,26,61,32,Decent
female,7.9,2.0,3.8,2.6,no,no,98,63,87,70,80,Nice
female,6.0,4.0,3.3,0.5,no,no,31,86,12,26,80,Just Pass
female,5.2,1.3,3.3,2.9,no,no,43,21,84,89,97,Decent
female,6.1,3.6,5.7,0.0,no,no,80,77,13,31,1,Just Pass
male,6.7,1.5,4.7,2.7,no,no,42,66,48,18,73,Just Pass
female,6.1,1.2,4.6,3.1,no,no,20,36,27,33,100,Just Pass
male,3.7,1.7,5.6,3.5,no,no,27,22,36,49,67,Just Pass
male,8.3,2.2,0.0,0.0,no,no,88,24,92,84,11,Decent
male,8.9,2.9,4.6,3.4,no,no,100,94,19,50,96,Nice
female,8.0,3.5,4.4,0.9,no,no,22,78,40,8,26,Just Pass
male,5.3,0.0,7.3,1.4,no,no,70,79,82,34,19,Decent
male,6.7,1.4,0.9,4.4,no,no,24,20,20,65,54,Just Pass
female,7.0,2.2,7.1,7.0,no,no,93,100,36,43,36,Decent
male,7.9,6.0,4.2,3.1,no,no,18,30,14,6,11,Worst
male,8.0,0.8,5.0,1.4,no,no,13,69,73,80,55,Decent
female,5.9,3.3,7.4,3.4,no,no,95,93,100,91,74,Good
male,7.1,6.0,5.1,4.9,no,no,39,20,89,92,97,Decent
male,7.7,0.4,4.8,4.2,no,no,28,83,100,100,88,Nice
male,9.2,3.8,4.5,8.5,no,no,100,25,79,59,100,Nice
female,8.1,1.4,3.0,1.6,no,no,81,15,100,78,46,Decent
female,8.2,2.0,3.9,3.5,no,no,79,83,41,69,42,Decent
female,7.1,1.4,2.6,6.1,no,no,100,33,60,20,77,Decent
male,9.1,1.5,3.9,6.0,no,no,68,64,59,60,89,Decent
male,7.6,8.4,0.0,0.0,no,no,0,3,0,0,35,Worst
female,5.7,4.7,4.9,3.0,no,no,10,46,86,12,30,Just Pass
male,9.1,5.2,3.8,6.0,no,no,41,17,12,15,46,Worst
male,8.0,4.0,3.3,8.8,no,no,29,96,93,100,65,Nice
female,6.3,0.0,4.4,4.4,no,no,72,26,59,100,20,Decent
female,6.3,3.8,1.1,2.3,no,no,0,82,0,42,86,Just Pass
male,7.4,5.1,7.9,1.0,no,no,46,68,30,26,53,Just Pass
male,7.7,1.3,3.8,7.4,no,no,41,65,58,31,99,Decent
male,7.3,4.9,3.7,4.5,no,no,42,92,100,49,23,Decent
female,7.5,4.4,2.1,1.3,yes,no,48,0,47,41,36,Just Pass
female,9.5,6.7,4.0,2.6,yes,no,17,8,36,61,74,Just Pass
female,8.6,2.2,6.8,3.6,no,no,49,28,27,20,36,Worst
female,7.3,0.8,6.1,4.1,no,no,100,57,58,60,53,Decent
male,8.4,2.3,5.7,1.2,no,no,77,100,9,100,44,Decent
female,5.5,5.9,5.1,1.8,no,no,49,14,74,10,36,Just Pass
female,7.6,0.0,3.3,0.0,no,no,61,87,20,44,64,Decent
female,9.7,0.0,1.1,5.1,no,no,78,81,75,43,55,Decent
female,6.7,3.2,3.6,2.3,no,no,6,5,73,17,71,Just Pass
female,5.7,2.1,3.5,3.9,no,no,19,100,47,94,59,Decent
male,6.0,3.0,6.1,5.8,no,no,83,100,82,88,34,Nice
male,5.4,4.9,4.6,3.4,no,no,40,96,80,45,98,Nice
female,5.8,1.9,7.2,2.8,no,yes,0,39,7,25,12,Worst
male,6.4,0.0,6.4,3.4,no,no,48,41,79,100,75,Decent
female,4.9,7.1,3.1,3.1,no,no,8,34,68,4,1,Worst
female,7.0,1.0,0.4,5.5,no,no,100,75,49,28,100,Decent
male,8.4,0.9,6.8,3.6,no,no,38,55,34,100,100,Decent
male,5.6,5.2,6.7,1.9,no,no,16,72,30,83,38,Just Pass
female,9.3,2.2,1.3,5.1,no,no,73,90,100,88,23,Nice
female,7.8,2.9,7.0,5.5,no,no,71,39,54,81,95,Decent
female,8.5,4.0,4.8,0.3,no,no,55,38,8,27,24,Worst
male,6.0,5.2,4.3,6.1,yes,no,39,91,4,89,66,Decent
female,8.3,2.3,7.2,3.7,no,no,62,40,34,65,100,Decent
female,5.4,6.0,6.7,3.6,no,no,82,39,17,33,64,Just Pass
female,8.3,0.0,5.3,5.0,no,no,43,25,71,58,100,Decent
male,7.3,4.5,4.9,1.9,no,no,40,34,35,2,23,Worst
female,7.8,1.3,5.2,4.9,no,no,100,56,100,44,100,Nice
female,5.2,5.7,3.2,2.2,no,no,15,6,85,15,19,Worst
male,5.7,3.3,3.9,0.1,no,no,26,0,44,10,19,Worst
female,7.9,1.7,2.2,1.0,no,no,21,59,90,5,89,Decent
female,5.6,4.3,3.3,4.1,no,no,8,36,51,28,61,Just Pass
male,7.7,4.8,3.3,1.1,no,no,22,0,60,6,75,Worst
female,4.9,4.3,2.7,6.2,no,no,15,96,27,15,91,Just Pass
male,8.3,0.9,4.3,5.4,no,no,35,78,25,33,84,Decent
male,5.2,2.0,3.4,5.7,no,no,53,34,33,37,35,Just Pass
female,7.8,3.0,5.0,3.2,no,no,11,95,34,50,78,Decent
female,7.9,2.9,0.8,3.5,no,no,79,29,79,62,10,Decent
female,6.0,4.5,3.8,0.6,no,no,75,18,13,28,16,Worst
female,7.9,0.0,4.3,5.0,no,no,62,100,34,35,85,Decent
male,7.4,3.7,3.4,3.8,no,no,100,24,99,100,97,Good
female,6.2,2.4,3.7,4.1,no,no,78,98,79,62,88,Good
male,5.5,1.3,0.8,6.4,no,no,91,97,64,91,50,Nice
female,4.1,1.5,4.7,1.8,no,no,24,35,14,74,87,Just Pass
female,7.5,2.6,5.3,2.7,no,no,92,12,94,37,100,Decent
female,4.7,0.0,5.0,3.7,no,no,100,25,27,72,50,Decent
male,7.1,1.6,6.1,1.1,no,no,31,18,69,68,26,Just Pass
female,6.6,1.2,4.4,2.6,no,no,79,100,77,46,30,Decent
female,8.0,4.1,5.0,4.0,no,no,83,49,49,76,49,Decent
female,6.5,1.4,4.3,2.3,no,no,39,12,100,88,14,Decent
female,6.5,2.6,5.4,5.6,no,no,65,73,23,54,66,Decent
male,8.1,6.1,0.8,0.0,yes,no,0,0,51,0,43,Worst
female,7.5,5.0,2.2,5.2,no,no,23,29,61,40,59,Just Pass
male,7.5,4.8,7.2,4.3,no,no,17,27,72,22,100,Just Pass
male,7.7,2.0,0.0,1.9,no,no,56,76,98,15,46,Decent
male,4.7,4.1,3.7,1.2,no,no,59,0,55,33,0,Worst
male,8.1,2.5,6.3,0.0,no,no,94,46,82,23,50,Decent
male,7.9,2.6,3.8,1.4,no,no,57,11,18,96,95,Decent
male,5.5,3.8,3.2,5.1,no,no,36,65,90,75,19,Decent
female,6.6,1.8,4.3,2.9,no,no,15,44,86,61,32,Just Pass
male,6.9,6.0,3.3,5.3,no,no,93,7,100,5,76,Decent
male,6.8,2.7,4.1,1.8,no,no,51,50,97,14,33,Just Pass
male,7.5,4.2,2.6,4.4,no,no,79,63,27,84,82,Decent
female,9.1,5.9,6.2,1.6,no,no,0,23,45,37,40,Worst
female,8.6,5.1,6.8,1.1,no,yes,23,51,66,0,54,Just Pass
male,5.0,0.2,3.7,2.8,no,no,45,50,77,95,68,Decent
female,7.9,3.9,1.2,1.7,no,no,0,71,43,27,5,Worst
male,9.0,4.7,3.0,0.0,no,no,69,49,2,30,30,Just Pass
male,7.6,4.8,3.6,2.6,no,no,52,87,36,98,34,Decent
female,8.6,0.8,5.0,3.2,no,no,48,69,81,16,96,Decent
male,10.0,1.7,2.0,5.5,no,no,95,33,92,87,77,Nice
female,8.5,5.0,2.5,4.9,no,no,49,87,49,99,82,Nice
female,7.4,1.5,5.0,5.4,no,yes,0,72,0,0,31,Worst
male,8.6,2.4,5.9,4.4,no,no,100,100,79,100,85,Excellent
male,7.2,6.2,2.8,3.7,no,no,24,8,91,40,5,Just Pass
female,7.0,2.9,1.3,0.5,no,no,79,55,45,83,0,Decent
male,6.5,1.5,10.6,3.3,no,no,100,71,100,52,50,Nice
male,9.3,1.2,5.6,4.2,no,no,34,85,53,100,95,Nice
male,5.8,3.7,3.5,5.9,no,no,60,100,100,77,66,Nice
female,9.3,0.3,5.7,4.4,no,no,25,74,99,83,61,Decent
female,7.7,2.5,3.8,5.5,no,no,50,83,100,95,100,Good
male,4.9,3.7,5.7,0.9,no,no,74,35,80,44,50,Decent
female,7.6,5.6,4.3,2.3,no,no,22,28,31,24,60,Just Pass
female,3.8,4.3,4.2,3.9,no,no,13,35,92,28,100,Decent
female,7.9,1.6,3.8,5.3,no,no,67,20,83,50,69,Decent
female,8.3,5.4,1.1,2.7,no,no,49,24,12,57,74,Just Pass
female,6.1,2.4,7.9,2.8,no,no,81,31,18,97,55,Decent
male,7.2,0.5,2.1,4.4,no,no,90,60,51,64,18,Decent
male,9.9,2.7,1.3,0.7,no,no,66,43,75,37,80,Decent
male,6.2,5.9,3.6,6.2,no,no,93,85,70,88,100,Good
female,5.4,3.3,2.1,1.2,no,no,20,48,50,26,41,Just Pass
female,9.2,3.0,3.9,0.0,no,no,54,44,0,66,48,Just Pass
male,9.9,6.3,5.4,3.0,no,no,37,24,44,11,43,Worst
female,7.0,0.1,6.0,6.4,no,no,100,100,42,38,100,Nice
male,8.5,0.4,5.6,4.2,no,no,64,29,65,84,100,Decent
male,9.0,0.0,3.4,4.5,no,no,100,100,100,26,22,Decent
male,5.9,3.7,4.1,3.1,no,no,82,53,93,21,83,Decent
female,6.3,3.3,4.8,2.7,no,no,78,25,38,69,67,Decent
female,8.8,6.1,0.5,0.0,no,no,34,20,44,28,0,Worst
male,9.5,3.5,5.1,0.0,no,no,42,0,48,54,42,Just Pass
male,7.8,2.2,1.1,3.4,no,no,58,22,19,100,20,Just Pass
male,5.7,3.0,8.1,5.6,no,no,50,54,100,84,100,Nice
male,10.0,3.2,3.2,3.7,no,no,97,62,49,66,8,Decent
female,6.2,0.0,3.6,4.2,no,no,97,30,68,56,100,Decent
female,6.5,8.4,2.5,6.2,no,no,81,68,65,64,95,Nice
male,7.5,4.0,2.7,3.7,no,no,48,89,24,6,12,Just Pass
male,9.3,3.4,8.5,2.8,no,no,19,69,34,67,83,Decent
female,8.3,4.2,5.9,1.4,no,no,70,31,21,8,56,Just Pass
female,7.6,4.4,0.9,7.0,no,no,48,23,49,33,100,Decent
male,7.7,2.7,7.0,4.1,no,no,100,17,35,72,95,Decent
male,7.1,1.7,6.4,1.1,no,no,86,81,100,74,77,Good
male,7.8,4.2,3.4,0.7,no,no,10,58,67,34,88,Decent
female,3.2,3.8,4.6,5.5,no,no,66,53,95,47,22,Decent
female,6.6,1.4,4.0,0.9,no,no,74,15,89,54,42,Decent
female,7.4,5.8,7.9,6.7,no,no,73,37,87,92,100,Nice
male,5.3,3.6,2.4,0.0,no,no,45,75,18,0,4,Worst
male,7.6,4.5,4.3,5.8,no,no,34,59,73,56,100,Decent
female,6.7,5.8,3.1,4.0,no,no,25,98,20,3,76,Just Pass
female,9.6,3.0,1.1,3.2,no,no,79,100,16,34,46,Decent
male,9.4,3.6,8.4,2.6,yes,no,0,76,59,47,29,Just Pass
female,6.3,4.6,1.6,6.8,no,no,88,36,73,18,25,Just Pass
female,6.8,1.6,4.4,4.4,no,no,67,38,30,63,24,Just Pass
male,6.9,3.1,0.5,1.2,no,no,89,21,31,88,38,Decent
female,6.3,3.3,3.2,0.0,no,no,95,94,2,64,80,Decent
male,7.3,1.1,4.8,3.4,no,no,80,47,85,92,67,Nice
male,5.9,7.6,2.4,3.0,no,no,34,63,91,51,38,Decent
male,5.3,0.2,5.2,0.0,no,no,54,100,80,96,38,Nice
male,7.9,0.4,3.5,2.9,no,no,32,93,96,26,27,Decent
male,7.9,5.6,6.3,1.9,no,no,10,60,48,45,100,Decent
male,5.8,4.4,6.7,3.0,no,no,65,24,17,67,10,Just Pass
male,8.3,0.9,2.8,4.5,no,no,95,32,87,100,46,Nice
female,6.1,4.2,4.2,6.0,no,no,39,62,38,43,89,Decent
male,7.4,5.9,4.4,4.8,no,no,47,100,44,6,58,Decent
male,8.2,2.9,5.2,1.6,no,no,60,95,75,100,36,Nice
female,6.9,8.2,4.0,3.7,no,no,86,12,86,0,95,Decent
female,7.7,0.0,4.4,3.1,no,no,28,43,63,30,76,Just Pass
female,6.2,4.4,3.5,0.3,no,no,18,53,91,37,24,Just Pass
male,6.7,5.3,4.2,3.8,no,no,95,51,55,53,88,Decent
female,6.7,4.8,6.6,6.7,no,no,21,29,30,100,33,Just Pass
male,5.9,2.6,5.3,3.1,no,no,75,46,61,54,56,Decent
male,6.7,2.4,5.4,0.0,no,no,65,97,88,56,85,Nice
male,4.7,3.9,5.4,3.1,no,no,44,100,59,25,100,Decent
male,6.3,4.6,3.7,0.6,no,no,41,50,69,51,33,Just Pass
female,6.6,4.2,4.6,4.7,yes,no,80,58,49,29,8,Just Pass
female,6.6,5.1,1.8,4.0,no,no,17,23,55,10,57,Worst
male,6.6,1.0,6.5,2.7,no,no,38,89,43,100,100,Nice
male,6.9,2.5,0.0,2.3,no,no,51,5,20,8,66,Worst
male,7.7,1.1,3.8,2.6,no,no,50,32,37,77,70,Decent
female,8.3,2.2,6.3,3.0,no,no,69,12,56,100,42,Decent
male,6.0,5.0,1.3,1.5,no,no,85,31,73,10,53,Decent
male,5.2,3.2,4.8,0.2,no,no,90,84,81,22,87,Nice
female,5.4,8.2,2.6,5.3,no,no,22,97,15,41,36,Just Pass
female,6.3,3.4,3.3,2.2,no,no,33,69,58,32,27,Just Pass
male,6.5,3.1,5.9,3.3,no,no,27,85,52,86,59,Decent
female,5.8,3.2,4.4,3.6,no,no,100,35,66,42,46,Decent
female,5.1,1.7,0.0,3.6,no,no,45,58,70,100,52,Decent
male,6.3,2.9,2.0,0.7,no,no,41,70,24,82,6,Just Pass
female,7.3,5.3,6.0,0.0,no,no,75,44,86,84,28,Decent
male,7.9,3.2,4.9,1.8,no,no,55,12,97,10,86,Decent
female,6.2,1.4,7.5,3.8,no,no,30,93,29,36,59,Just Pass
male,6.4,1.1,7.4,1.5,yes,no,40,18,67,13,93,Just Pass
male,5.6,2.1,3.3,2.3,no,no,69,15,9,73,76,Just Pass
male,7.0,3.1,9.0,7.3,no,no,98,74,31,28,63,Decent
female,5.7,5.4,4.0,0.0,no,no,56,0,87,72,17,Just Pass
male,7.9,0.3,2.1,1.5,no,no,17,68,75,60,74,Decent
female,4.3,2.4,2.7,6.8,no,no,45,79,47,71,45,Decent
male,6.5,3.3,0.0,2.9,no,no,73,25,66,53,92,Decent
male,7.5,0.0,7.2,1.6,no,no,100,100,99,68,26,Nice
female,7.3,1.3,7.2,5.3,no,yes,2,80,85,17,0,Just Pass
male,11.0,1.6,2.0,3.1,no,no,12,18,10,36,30,Worst
male,7.5,1.4,3.5,2.3,no,no,72,82,89,56,68,Nice
female,5.5,3.4,4.2,3.4,no,no,62,43,93,75,91,Nice
male,6.9,2.7,2.1,1.7,no,no,16,76,60,28,18,Just Pass
male,4.3,1.9,0.5,1.0,yes,no,35,61,28,61,39,Just Pass
male,6.9,3.9,3.6,2.8,no,no,100,19,15,85,18,Just Pass
male,5.8,6.4,3.4,1.0,no,no,55,58,15,19,48,Just Pass
female,8.4,6.3,3.2,3.0,no,no,42,84,47,54,0,Just Pass
female,6.2,0.0,4.4,3.7,no,no,99,49,100,51,72,Nice
male,6.8,4.2,6.9,4.7,no,no,34,21,93,32,65,Just Pass
female,6.0,2.6,3.4,5.3,no,yes,30,0,38,69,0,Worst
male,9.6,3.3,4.3,2.2,no,no,56,15,82,100,72,Decent
female,6.5,2.2,5.5,4.0,no,no,64,14,90,70,71,Decent
male,9.7,3.2,5.1,4.0,no,no,100,43,68,100,73,Nice
male,8.2,3.3,2.8,3.7,no,no,36,36,29,71,59,Just Pass
male,7.7,1.8,4.2,2.0,no,no,12,18,41,63,79,Just Pass
male,7.6,1.2,5.1,0.9,no,no,98,72,23,55,59,Decent
male,7.6,2.1,1.7,4.0,no,no,30,100,9,32,100,Decent
male,4.1,3.5,6.5,0.0,no,no,34,87,5,5,91,Just Pass
female,6.6,4.2,6.9,2.5,no,no,60,32,82,51,79,Decent
male,8.3,4.7,2.6,0.0,no,no,89,68,0,48,83,Decent
female,6.9,2.0,4.4,0.3,no,no,55,95,41,52,94,Decent
male,4.9,3.6,5.3,1.2,no,no,46,92,100,71,28,Decent
female,6.9,4.9,2.9,5.2,no,no,65,95,86,26,100,Nice
female,9.6,5.3,5.0,4.4,no,no,100,85,82,42,33,Decent
female,8.9,2.9,4.3,1.9,no,no,85,33,31,45,5,Just Pass
male,6.9,2.6,1.1,4.5,no,no,24,16,72,26,100,Just Pass
male,8.4,3.4,4.9,4.8,no,no,93,61,62,100,35,Decent
female,6.5,0.7,1.8,2.7,no,no,93,14,71,77,67,Decent
male,4.4,2.6,5.9,0.2,no,no,69,99,43,9,97,Decent
female,5.6,4.5,2.7,2.6,no,no,65,35,53,71,4,Just Pass
male,9.3,4.3,3.7,2.8,no,no,47,98,100,57,29,Decent
female,6.6,2.5,6.7,0.5,no,no,69,82,37,57,65,Decent
female,6.6,3.4,5.0,3.7,no,no,83,51,31,100,86,Decent
male,6.6,1.4,1.8,3.6,no,no,22,21,54,71,90,Decent
female,9.9,4.4,2.0,3.9,no,no,28,26,55,92,91,Decent
male,9.4,2.8,2.8,3.6,no,no,27,75,16,99,24,Just Pass
female,10.3,2.4,4.8,4.5,no,no,98,96,94,24,51,Nice
female,6.8,2.3,4.7,2.6,no,no,77,100,51,9,80,Decent
male,7.4,2.9,2.3,3.4,no,no,51,19,47,49,77,Just Pass
male,4.7,2.1,1.7,2.2,no,no,84,17,67,78,32,Decent
male,9.2,4.3,4.6,1.8,no,no,72,5,78,83,31,Decent
female,5.2,2.2,3.6,5.7,yes,no,93,28,100,80,34,Decent
male,7.3,6.2,8.3,0.0,no,no,3,78,13,40,85,Just Pass
female,5.4,5.9,4.1,4.8,no,no,55,24,39,79,95,Decent
female,6.1,1.2,7.6,1.8,no,no,83,67,29,84,14,Decent
male,5.7,3.1,1.7,1.5,no,no,19,43,87,30,31,Just Pass
male,6.1,1.7,0.9,3.5,no,no,39,39,61,23,46,Just Pass
female,6.2,2.3,1.8,0.0,no,no,37,57,81,58,94,Decent
female,6.2,7.0,6.4,1.4,no,no,75,46,94,63,90,Nice
male,8.3,2.4,7.5,1.3,no,no,58,42,64,65,71,Decent
male,5.3,3.7,2.4,2.6,no,no,51,70,13,23,6,Worst
male,7.3,4.1,3.1,1.4,no,no,41,25,34,25,17,Worst
male,8.8,1.0,1.7,6.2,no,no,40,82,21,88,61,Decent
male,6.2,1.3,0.4,6.6,no,no,100,100,100,100,100,Excellent
female,5.9,0.6,5.4,0.0,no,no,37,78,7,100,15,Just Pass
female,6.7,1.2,4.4,4.1,no,no,71,56,74,66,94,Nice
female,8.8,0.0,4.0,4.7,no,no,34,94,30,100,39,Decent
female,7.3,4.1,1.2,4.1,no,no,46,83,3,5,53,Just Pass
male,6.2,7.1,7.3,1.7,no,no,88,30,23,84,74,Decent
male,7.7,3.3,3.0,2.5,no,no,100,73,58,50,72,Decent
male,5.3,0.2,5.1,1.5,no,no,47,54,18,89,88,Decent
female,8.0,1.7,1.1,2.2,no,no,19,85,65,4,85,Decent
female,7.6,2.1,3.6,0.6,no,no,32,30,68,87,31,Just Pass
male,6.5,1.0,4.6,2.8,no,no,44,100,100,71,48,Nice
male,5.7,4.7,4.7,0.0,no,no,59,52,84,19,76,Decent
female,5.7,4.6,4.3,2.6,no,no,51,37,58,36,5,Just Pass
female,7.8,0.7,5.0,0.5,no,yes,58,23,61,2,33,Just Pass
male,8.8,4.5,1.7,3.4,no,no,71,35,37,43,93,Decent
male,6.0,6.1,4.4,1.6,no,no,21,10,54,29,84,Just Pass
female,7.7,6.8,4.2,3.6,no,no,78,6,40,53,80,Decent
male,3.9,8.7,4.5,5.2,yes,no,65,13,14,62,0,Worst
male,6.1,1.2,4.1,6.2,no,no,80,66,93,100,100,Good
male,7.0,8.6,1.5,0.0,no,no,72,16,9,5,71,Just Pass
female,5.6,2.3,1.4,1.3,no,no,78,1,38,10,66,Just Pass
female,5.6,1.8,0.0,2.4,no,no,61,59,38,41,31,Just Pass
female,6.0,3.7,5.6,3.9,no,no,100,24,97,24,58,Decent
female,7.4,1.8,5.7,0.0,no,no,64,25,21,87,80,Decent
female,6.7,3.8,5.7,1.0,no,no,54,14,40,52,83,Just Pass
female,3.6,0.4,4.6,3.3,no,no,45,62,98,71,44,Decent
female,3.8,2.5,0.0,3.2,no,no,86,7,0,13,30,Worst
male,6.1,5.6,1.9,3.8,no,no,12,25,94,74,73,Decent
male,7.7,2.9,4.3,3.9,no,no,57,55,99,100,78,Nice
male,2.9,3.3,4.3,3.7,no,no,53,16,41,48,51,Just Pass
male,6.3,4.0,3.6,3.4,no,no,60,49,70,100,47,Decent
male,6.2,5.3,4.7,3.1,yes,no,53,22,87,0,53,Just Pass
male,9.1,0.0,4.0,4.3,no,no,68,100,73,21,21,Decent
male,6.4,4.2,4.2,0.0,no,no,20,74,4,91,2,Just Pass
female,7.6,2.5,2.7,6.1,no,no,100,100,100,86,73,Excellent
female,7.2,3.3,6.0,0.0,no,no,65,52,13,18,21,Just Pass
male,3.8,5.1,3.1,0.8,no,no,74,46,14,25,66,Just Pass
male,8.2,0.6,1.3,2.5,no,no,34,100,94,57,84,Nice
female,7.3,1.0,2.5,4.3,no,no,77,53,39,84,84,Decent
male,7.8,0.0,3.3,0.0,no,no,75,59,78,88,94,Nice
male,12.0,1.9,6.0,2.9,no,no,50,49,56,20,26,Just Pass
female,3.9,5.7,3.9,4.6,no,no,82,55,76,66,26,Decent
male,9.6,2.8,3.6,5.0,no,no,13,21,36,60,38,Just Pass
female,6.6,0.3,1.5,1.6,no,no,65,84,47,65,84,Decent
male,7.4,2.0,5.6,2.4,no,no,71,100,41,60,62,Decent
female,6.9,0.0,2.7,1.8,no,no,62,15,33,54,34,Just Pass
female,6.4,0.7,3.8,2.2,no,no,73,90,41,30,23,Decent
female,6.1,3.8,7.0,0.9,no,no,19,27,35,50,92,Just Pass
male,7.5,0.7,5.0,1.2,no,no,77,28,100,27,78,Decent
female,4.7,5.2,0.7,3.9,no,no,31,67,51,2,50,Just Pass
male,8.1,2.9,0.5,3.3,no,no,48,7,49,40,99,Just Pass
male,6.4,3.2,3.9,4.0,no,no,42,55,59,11,93,Decent
male,5.3,2.4,1.6,3.4,no,no,53,6,100,62,23,Just Pass
male,6.3,4.5,5.3,4.4,no,no,71,64,74,16,59,Decent
female,8.9,4.6,4.1,4.8,yes,no,77,40,64,37,42,Decent
female,6.2,3.7,4.3,0.0,no,no,45,88,28,95,81,Decent
male,7.5,4.1,2.6,1.3,no,no,29,69,44,0,11,Worst
male,5.9,2.6,7.5,2.5,no,no,60,24,30,48,57,Just Pass
female,8.1,4.1,9.7,3.0,yes,no,66,33,66,65,61,Decent
male,8.0,2.3,3.4,1.7,no,no,38,97,38,19,98,Decent
female,9.8,3.0,4.7,4.8,no,no,54,85,87,69,100,Nice
male,6.7,2.5,4.2,7.0,no,no,77,80,42,46,74,Decent
male,8.0,2.1,3.5,3.4,no,no,39,65,50,32,70,Decent
female,7.1,1.6,2.3,3.2,no,no,29,48,56,98,94,Decent
male,8.9,3.9,1.8,4.7,no,no,21,65,23,27,81,Just Pass
female,5.9,5.6,1.7,0.0,no,no,23,65,0,25,75,Just Pass
male,8.1,5.3,4.8,3.1,no,no,7,15,34,19,92,Just Pass
male,6.7,0.5,3.0,5.0,no,no,76,100,72,46,100,Nice
male,6.9,5.6,0.0,1.7,no,no,8,14,56,20,0,Worst
female,7.1,2.4,4.9,0.5,no,no,39,46,44,34,33,Just Pass
male,7.4,4.2,3.9,2.6,no,no,29,5,53,67,43,Just Pass
male,6.8,1.2,6.7,2.9,no,no,78,70,69,89,82,Nice
male,7.3,3.3,4.7,1.2,no,no,87,40,53,53,32,Decent
male,9.4,3.6,1.0,7.2,no,no,77,38,23,75,46,Decent
female,8.5,0.0,0.0,2.0,no,no,60,100,46,87,46,Decent
female,8.3,4.2,2.6,0.7,no,no,61,37,15,94,90,Decent
male,6.3,5.7,2.7,2.8,no,no,0,39,51,43,41,Just Pass
female,5.7,2.7,5.9,4.8,no,no,28,62,91,100,30,Decent
male,8.4,5.7,4.0,3.0,no,no,9,11,57,49,0,Worst
male,8.3,2.6,6.3,4.0,no,no,23,53,36,92,37,Just Pass
male,9.2,4.7,1.4,1.3,no,no,20,27,14,51,87,Just Pass
female,6.1,0.0,5.9,6.0,no,no,79,72,29,100,100,Nice
female,6.7,7.8,5.4,4.1,no,no,11,85,42,44,52,Just Pass
female,4.5,6.0,0.0,5.1,no,no,91,17,41,67,62,Decent
female,6.4,2.4,6.6,3.7,no,no,100,75,38,61,94,Nice
female,8.5,0.0,4.2,4.6,no,no,100,23,96,100,25,Decent
female,6.3,3.6,4.8,1.3,no,no,6,33,40,100,39,Just Pass
female,8.0,0.1,2.3,2.0,no,no,94,56,75,33,73,Decent
female,6.7,3.9,6.6,5.7,no,no,97,24,81,64,100,Nice
female,7.5,3.8,1.6,6.1,no,no,100,65,71,19,83,Decent
male,5.3,1.1,5.7,0.7,no,no,59,38,97,21,42,Decent
female,7.1,5.2,5.6,3.5,no,no,83,100,6,97,95,Nice
female,2.5,4.6,2.1,2.1,no,no,0,50,0,41,53,Worst
female,6.7,5.0,8.0,1.6,no,no,11,28,76,43,87,Just Pass
female,4.6,3.0,4.5,3.6,no,no,19,18,43,75,46,Just Pass
female,8.8,0.2,5.3,5.3,no,no,100,27,100,79,23,Decent
female,8.2,5.0,0.9,3.9,no,no,6,9,21,28,16,Worst
female,7.7,2.5,8.2,2.4,no,no,23,81,31,35,100,Decent
female,9.3,0.2,1.6,4.0,no,no,100,98,71,72,16,Nice
female,5.6,5.7,6.0,2.3,no,no,11,16,28,19,60,Worst
female,9.6,7.2,2.0,3.8,no,yes,57,11,5,0,11,Worst
female,8.4,2.9,2.8,5.8,no,no,92,49,100,45,56,Decent
male,6.6,7.3,5.6,0.0,no,no,0,54,0,76,30,Worst
male,8.7,3.2,6.1,4.6,no,no,16,32,67,17,20,Worst
female,5.3,2.2,1.5,0.0,yes,no,34,76,14,64,0,Just Pass
female,5.8,1.7,6.2,5.5,no,no,100,93,55,83,27,Nice
male,6.1,6.3,6.1,1.7,no,no,85,93,22,2,3,Just Pass
female,6.2,1.4,2.1,0.6,no,no,32,28,14,61,9,Worst
male,5.4,4.5,7.2,4.4,no,no,50,70,15,54,81,Decent
male,8.8,1.9,1.1,3.7,no,no,46,81,100,92,19,Decent
male,6.6,2.1,2.8,1.0,no,no,74,72,67,91,27,Decent
male,7.5,5.1,5.0,0.5,no,no,30,0,73,24,61,Just Pass
male,6.1,2.2,2.3,2.6,no,no,19,100,11,83,16,Just Pass
female,4.3,2.2,4.5,0.6,no,no,74,92,1,30,91,Decent
male,7.4,5.3,4.5,0.9,no,no,41,7,56,25,43,Just Pass
female,4.1,6.2,3.6,3.2,no,no,2,49,67,14,91,Just Pass
female,6.9,4.3,5.7,1.1,no,no,80,32,40,68,20,Just Pass
male,4.9,1.7,3.5,3.9,no,no,70,99,50,38,15,Decent
male,10.0,2.0,4.5,6.0,no,no,67,88,57,65,78,Nice
female,8.4,3.2,6.3,2.7,yes,no,61,16,9,75,26,Just Pass
male,7.2,3.6,5.6,3.3,no,no,59,12,84,88,66,Decent
male,8.9,1.0,5.6,7.0,no,no,90,55,47,100,73,Nice
female,5.7,4.4,1.7,0.6,no,no,79,0,25,9,38,Worst
female,7.8,3.2,5.0,5.4,no,no,76,29,82,73,100,Nice
male,7.3,0.0,2.2,5.1,no,no,83,81,18,100,37,Decent
female,7.4,1.1,1.4,4.7,no,no,74,87,89,17,62,Decent
male,8.9,2.0,3.9,5.6,no,no,70,63,100,96,58,Nice
male,8.1,2.9,2.2,3.6,no,no,23,66,11,30,73,Just Pass
male,7.4,6.8,5.6,1.8,no,no,29,11,55,62,1,Worst
female,4.5,3.5,5.6,5.2,no,no,82,44,53,84,65,Decent
female,5.6,1.3,0.2,5.3,yes,no,39,68,4,89,44,Just Pass
female,6.8,3.4,2.3,5.2,no,no,50,46,78,60,100,Decent
female,7.1,2.3,1.1,3.1,no,no,80,39,66,89,80,Decent
female,5.3,3.6,3.1,1.6,no,no,0,19,64,4,15,Worst
male,10.6,4.2,4.9,3.4,no,no,74,66,88,49,57,Decent
male,9.3,5.4,3.5,4.9,no,no,54,86,34,49,84,Decent
male,7.9,3.0,2.8,5.0,no,no,48,57,78,64,63,Decent
male,7.1,6.3,6.6,2.1,no,no,34,11,74,48,35,Just Pass
female,6.7,4.8,0.0,3.6,no,no,15,81,14,94,35,Just Pass
male,5.6,1.6,6.5,0.4,no,no,39,13,100,13,42,Just Pass
female,7.1,7.4,2.9,5.0,no,no,39,47,33,26,1,Worst
male,7.4,3.7,3.8,1.4,no,no,43,26,71,96,73,Decent
female,5.1,1.3,2.9,4.6,no,no,81,100,89,58,75,Nice
female,7.5,6.3,7.1,0.7,no,no,42,70,47,54,23,Just Pass
male,6.8,7.2,1.5,5.1,no,no,78,55,11,7,62,Just Pass
male,4.1,2.9,4.0,3.6,no,no,68,71,32,33,35,Just Pass
male,5.7,2.0,5.1,1.4,no,no,24,59,29,9,30,Worst
male,6.4,2.7,0.8,4.4,no,no,34,21,58,20,81,Just Pass
female,9.8,4.4,2.2,1.8,no,no,4,67,23,60,77,Just Pass
male,7.8,5.6,3.7,4.5,no,no,99,54,59,81,67,Nice
male,5.0,4.1,2.2,2.5,no,no,88,63,28,87,78,Decent
female,7.7,3.2,2.4,0.0,no,no,3,0,0,20,31,Worst
male,4.7,6.0,3.3,1.0,yes,no,33,0,12,9,0,Worst
male,8.6,2.4,5.3,2.1,no,no,100,66,68,64,68,Nice
male,6.3,5.1,3.3,5.7,no,no,83,54,86,17,34,Decent
male,6.9,2.4,6.2,4.8,no,no,66,39,19,97,94,Decent
male,9.0,3.9,2.0,6.2,no,no,35,35,36,59,46,Just Pass
female,5.1,2.8,1.5,6.3,no,no,41,77,100,100,81,Nice
male,4.9,2.9,7.9,1.9,no,no,82,14,35,20,64,Just Pass
male,6.1,2.2,2.7,2.6,no,no,84,49,83,19,87,Decent
male,8.6,5.7,1.4,2.2,no,no,46,46,44,28,77,Just Pass
male,4.7,1.5,0.5,1.7,no,no,12,30,12,20,6,Worst
male,2.8,1.5,6.2,0.0,no,no,89,78,60,65,25,Decent
female,6.3,7.2,3.3,3.0,no,no,79,0,91,89,82,Decent
male,7.8,5.0,3.5,0.4,no,no,7,79,81,1,33,Just Pass
female,8.8,0.0,3.7,2.9,no,no,19,86,83,38,65,Decent
female,6.3,1.9,6.0,7.2,no,no,78,69,76,48,43,Decent
male,6.4,0.0,3.6,2.0,no,no,39,100,42,61,66,Decent
male,8.7,1.1,8.7,3.4,no,no,48,90,55,65,46,Decent
male,4.2,0.0,4.3,4.8,no,no,25,100,51,89,99,Nice
male,6.4,2.7,6.1,3.6,no,no,100,60,100,86,33,Nice
female,7.3,0.7,5.6,3.6,no,no,100,62,38,74,52,Decent
male,7.7,3.1,3.9,2.3,no,no,16,58,42,64,14,Just Pass
male,6.2,0.0,2.8,2.5,no,no,98,17,54,95,69,Decent
male,7.1,3.2,4.7,1.1,no,no,70,92,42,41,96,Decent
male,3.3,2.2,5.0,4.7,no,no,41,75,9,10,26,Worst
male,6.0,6.0,2.9,0.0,no,no,76,50,16,10,0,Worst
male,7.7,5.8,4.3,4.9,no,no,65,98,55,9,48,Decent
female,5.5,4.6,6.5,0.2,no,no,82,97,74,37,72,Nice
female,7.1,2.3,8.1,4.9,no,no,67,37,77,56,100,Decent
male,7.7,7.0,5.7,2.3,no,no,47,71,35,6,2,Worst
male,6.5,0.0,7.7,0.5,no,no,42,70,79,88,91,Nice
male,7.3,0.2,2.7,4.2,no,no,54,62,82,71,52,Decent
female,5.6,2.8,5.4,4.9,no,no,71,100,39,37,30,Decent
male,6.7,7.5,6.7,2.1,no,no,91,82,7,72,16,Decent
female,7.9,2.6,2.2,4.4,no,no,70,79,90,76,100,Good
male,7.2,2.6,3.0,0.0,no,no,12,36,50,17,78,Just Pass
male,6.1,0.1,7.5,0.4,no,no,12,78,29,100,43,Decent
male,7.3,4.9,2.0,5.6,no,no,92,60,33,24,100,Decent
male,8.1,4.9,1.3,2.6,no,no,33,21,73,74,7,Just Pass
female,3.9,4.6,7.1,0.0,no,no,25,39,59,90,26,Just Pass
female,8.7,1.7,6.4,1.6,no,no,90,31,100,82,75,Nice
male,6.5,1.6,4.9,1.2,no,no,100,56,52,72,100,Nice
male,7.6,0.4,3.9,2.7,yes,no,71,69,2,87,43,Decent
female,8.8,3.2,3.1,2.3,no,no,20,6,73,29,84,Just Pass
female,4.9,0.8,4.6,3.4,no,no,53,90,39,41,100,Decent
female,5.9,0.6,7.2,2.9,no,no,93,19,50,82,18,Decent
female,6.6,2.2,4.5,5.7,no,no,100,69,37,100,46,Decent
male,5.8,2.0,8.3,3.8,no,no,100,75,48,79,28,Decent
female,9.6,1.9,2.2,3.9,no,no,61,86,92,100,87,Good
male,5.7,3.9,4.0,5.3,no,no,94,88,69,34,68,Decent
female,6.2,3.2,3.3,2.2,no,no,7,44,13,85,12,Worst
female,7.3,2.4,1.8,0.5,yes,no,11,0,41,75,25,Worst
female,5.2,3.4,3.7,5.4,no,no,50,82,76,55,64,Decent
female,6.4,1.0,4.8,3.3,no,no,100,65,100,100,83,Good
female,7.5,3.2,5.0,3.3,no,no,9,42,94,29,86,Decent
male,6.5,3.3,8.3,1.7,no,no,39,32,15,100,17,Just Pass
male,6.9,0.0,4.9,1.8,yes,no,90,8,83,87,45,Decent
female,6.2,5.0,6.3,4.7,no,no,41,40,16,17,27,Worst
female,4.7,1.2,4.1,5.0,no,no,38,61,31,68,91,Decent
male,7.5,3.2,7.4,4.6,no,no,89,63,27,68,81,Decent
female,9.6,5.3,8.8,4.6,no,no,87,71,31,18,85,Decent
female,7.0,4.9,5.1,4.1,no,no,54,43,87,10,14,Just Pass
male,7.3,3.1,2.0,3.3,no,no,99,96,73,5,56,Decent
female,8.0,2.3,2.9,2.6,no,no,26,55,74,58,90,Decent
female,5.1,4.9,4.6,5.4,no,no,100,52,100,56,81,Nice
male,9.6,4.3,4.9,2.3,no,no,78,7,42,97,89,Decent
male,7.3,1.8,5.4,3.7,no,no,50,73,14,48,34,Just Pass
male,9.4,1.4,4.9,1.4,no,no,88,68,71,73,36,Decent
female,5.9,0.0,4.0,1.7,no,no,24,69,97,11,55,Decent
male,9.7,3.3,2.7,2.5,no,no,16,91,100,69,55,Decent
male,8.2,2.8,4.8,1.4,no,no,96,80,40,95,29,Decent
male,7.8,5.3,7.7,4.6,no,no,21,98,94,47,50,Decent
male,7.4,3.7,6.0,0.3,no,no,0,5,84,31,68,Just Pass
male,6.6,5.7,5.1,3.2,no,no,41,34,17,65,67,Just Pass
male,8.8,1.6,6.1,3.3,no,no,25,46,78,47,26,Just Pass
female,7.2,5.3,3.3,0.0,no,no,77,56,8,31,89,Decent
female,4.0,1.9,3.0,2.1,no,no,94,46,46,29,58,Decent
male,5.3,4.6,2.5,3.5,yes,no,35,64,74,21,35,Just Pass
male,6.7,0.1,3.7,3.9,no,no,59,55,95,84,100,Nice
male,7.5,3.5,3.2,2.6,no,no,56,25,60,95,17,Decent
female,6.9,0.0,6.4,4.4,no,no,44,51,100,80,76,Decent
female,8.8,2.5,3.0,2.8,no,no,35,24,21,7,86,Just Pass
female,4.1,3.9,2.4,3.0,no,no,9,18,18,25,38,Worst
female,7.2,2.0,7.9,3.5,no,no,61,38,37,100,90,Decent
female,4.3,0.9,3.1,4.9,no,no,75,15,91,100,100,Nice
female,8.1,4.7,4.3,1.6,no,no,92,70,88,10,25,Decent
female,6.9,2.8,4.9,2.0,no,no,79,45,62,96,30,Decent
female,7.6,2.0,1.7,1.7,no,no,74,4,97,98,38,Decent
female,5.7,3.1,6.5,2.3,no,no,38,45,80,40,49,Decent
male,8.9,8.3,5.3,5.9,no,no,92,94,60,74,15,Decent
male,8.6,5.3,7.1,4.1,no,no,100,60,70,64,32,Decent
male,7.9,5.3,2.6,0.7,no,no,85,90,76,25,79,Nice
male,6.8,3.9,4.2,1.8,no,no,4,54,10,16,57,Worst
female,7.9,3.3,4.1,3.7,no,no,69,100,25,45,35,Decent
female,5.9,0.0,4.5,1.2,no,no,74,30,36,100,100,Decent
male,8.3,1.6,1.1,1.5,no,no,31,30,91,83,79,Decent
female,9.5,2.0,4.2,5.7,no,no,100,87,100,51,54,Nice
male,8.6,0.0,1.1,1.8,no,no,36,100,42,61,83,Decent
female,5.9,0.7,4.7,4.9,no,no,41,100,100,60,79,Nice
male,7.5,0.0,0.0,5.5,no,no,64,71,70,62,84,Decent
female,5.1,2.9,0.3,1.5,no,no,29,5,44,73,29,Just Pass
female,7.9,4.6,5.6,1.2,no,yes,67,11,58,29,0,Just Pass
male,7.7,5.2,2.9,2.4,no,no,42,6,52,16,23,Worst
female,4.2,3.8,2.0,0.8,no,no,33,23,37,18,0,Worst
male,5.3,1.1,6.5,3.2,no,no,78,41,17,72,63,Decent
male,6.6,0.0,4.7,2.6,no,no,22,52,15,83,54,Just Pass
male,6.5,0.0,5.7,3.7,no,no,94,100,81,69,19,Nice
male,5.2,0.5,3.7,5.8,no,no,97,36,28,83,100,Decent
female,7.6,1.2,9.4,4.6,no,no,71,54,97,100,92,Good
female,7.4,2.7,2.8,4.0,no,no,100,35,71,63,53,Decent
female,6.7,1.0,7.5,0.0,no,no,65,37,53,100,100,Nice
male,5.9,3.7,3.9,3.9,no,no,77,44,78,31,100,Decent
female,8.6,2.5,0.7,6.4,no,no,100,38,100,100,23,Nice
male,9.5,3.0,5.0,0.0,no,no,66,94,24,24,61,Decent
female,6.3,5.3,4.6,4.4,no,no,49,48,61,59,87,Decent
female,6.1,0.6,1.9,2.7,no,no,11,20,93,54,26,Just Pass
female,7.7,3.8,2.2,1.3,no,yes,44,18,0,9,0,Worst
male,6.5,3.0,4.0,4.6,yes,no,93,15,17,93,22,Just Pass
female,6.8,2.3,4.7,6.4,no,no,67,41,72,47,47,Decent
female,8.1,4.8,0.0,4.6,no,no,34,29,56,68,97,Decent
male,4.1,4.8,6.1,2.3,no,no,51,12,8,80,78,Just Pass
female,9.0,1.1,3.0,1.1,no,no,77,77,45,24,10,Just Pass
male,7.1,2.6,1.3,3.3,no,no,5,84,56,100,83,Decent
female,6.4,3.6,5.9,4.7,no,no,100,52,55,67,29,Decent
male,6.9,2.5,4.0,2.2,no,no,94,74,76,97,41,Nice
male,6.9,4.2,6.4,2.4,yes,no,45,29,68,57,22,Just Pass
female,4.4,3.6,4.9,8.6,no,no,33,37,67,85,48,Decent
male,9.2,6.7,4.0,5.2,no,no,71,43,46,38,34,Just Pass
male,7.1,0.0,3.7,5.3,no,no,34,76,91,98,96,Nice
male,7.7,2.8,5.0,0.1,no,no,50,4,55,2,26,Worst
male,8.4,1.2,3.2,1.6,no,no,15,71,93,61,86,Decent
male,5.5,4.2,2.3,3.1,no,no,60,76,50,5,11,Just Pass
male,7.7,0.0,5.2,1.0,no,no,41,95,67,40,69,Decent
female,6.6,3.7,3.7,6.2,no,no,97,24,26,23,100,Decent
male,8.3,1.7,4.1,5.8,no,no,98,19,100,100,26,Decent
male,3.8,1.5,6.2,1.9,no,no,100,13,48,68,69,Decent
female,6.9,0.1,3.8,6.6,no,no,50,100,96,91,76,Good
female,6.1,2.1,4.0,3.0,no,no,15,85,51,94,42,Decent
female,7.6,5.2,2.8,8.2,no,no,59,98,15,88,25,Decent
female,7.7,2.9,4.9,3.3,no,no,18,61,50,22,77,Just Pass
female,5.9,4.3,4.7,4.2,no,no,25,60,22,69,38,Just Pass
female,5.9,6.3,5.8,5.8,yes,no,54,24,34,92,28,Just Pass
female,6.8,3.5,2.8,5.6,no,no,71,96,44,33,83,Decent
male,5.7,1.9,3.1,4.0,no,no,15,93,31,72,100,Decent
male,8.3,3.9,5.6,2.7,no,no,50,45,18,62,39,Just Pass
female,6.4,1.9,4.5,4.0,no,no,67,46,86,53,88,Decent
male,2.6,2.0,2.2,1.4,no,no,18,65,67,87,87,Decent
male,6.4,0.0,6.6,3.3,no,no,100,21,45,54,28,Just Pass
male,5.4,4.9,0.6,0.8,no,no,7,76,40,0,43,Just Pass
female,4.6,2.2,5.6,0.0,no,no,26,45,47,97,2,Just Pass
female,5.1,3.4,1.5,3.1,no,no,18,47,38,75,85,Decent
male,7.2,0.9,7.8,5.5,no,no,36,91,52,59,53,Decent
female,9.0,3.9,0.9,4.9,no,no,93,70,24,34,39,Decent
male,7.5,1.5,6.3,2.8,no,no,41,40,100,100,82,Nice
male,6.1,2.7,3.8,6.5,no,no,90,100,100,45,96,Good
male,7.7,4.8,3.3,1.9,no,no,40,96,39,51,37,Decent
male,6.3,4.6,4.4,0.0,no,no,58,47,67,16,61,Just Pass
female,6.0,3.0,5.3,0.0,no,no,92,56,49,99,95,Nice
female,5.3,0.0,2.2,0.6,no,no,89,60,13,81,93,Decent
female,4.4,9.0,2.4,4.6,no,no,0,40,74,48,62,Just Pass
male,6.4,6.5,5.3,1.7,no,no,80,90,17,70,90,Decent
female,7.2,4.4,0.6,3.9,no,no,46,25,71,92,88,Decent
male,6.9,1.5,2.8,6.3,no,no,54,29,71,100,91,Decent
female,6.4,2.8,10.1,0.8,no,no,77,100,79,88,100,Good
male,5.6,1.9,2.1,4.0,no,no,100,31,57,94,91,Nice
male,7.9,5.5,6.3,4.1,no,no,17,82,78,47,58,Decent
male,5.0,3.5,2.8,1.3,no,no,75,19,2,38,49,Just Pass
female,8.2,1.4,5.0,5.7,no,no,41,100,25,100,21,Decent
female,5.5,2.1,5.3,2.4,no,no,47,88,98,84,12,Decent
female,5.9,5.2,6.3,2.2,no,no,90,94,77,93,77,Good
female,4.8,6.2,3.6,7.2,no,no,64,100,92,23,65,Decent
male,6.2,6.1,8.0,4.0,no,no,14,16,53,77,84,Just Pass
female,8.5,4.5,2.8,4.9,no,no,57,50,52,71,100,Decent
female,7.8,2.5,4.5,5.7,no,no,95,81,70,96,62,Nice
male,8.5,0.0,4.5,1.7,no,no,63,91,35,13,19,Just Pass
male,7.8,3.6,1.8,5.5,no,no,26,34,83,92,72,Decent
male,5.3,3.0,3.4,2.0,no,no,47,94,85,35,12,Decent
female,6.5,3.3,4.3,1.9,no,no,95,25,93,71,65,Decent
male,5.8,3.1,3.1,2.5,no,no,69,90,55,65,56,Decent
male,9.0,0.3,8.9,1.8,no,no,90,69,59,62,89,Nice
male,5.2,4.1,2.3,4.6,no,no,85,58,90,81,42,Nice
female,8.3,4.3,6.4,3.5,no,no,18,46,84,100,23,Decent
male,8.3,4.4,5.7,2.0,no,no,61,13,89,35,26,Just Pass
female,9.7,4.9,4.0,4.3,yes,no,28,25,56,65,59,Just Pass
female,6.4,4.2,2.3,2.4,no,no,13,42,88,31,47,Just Pass
male,8.1,2.2,2.5,2.3,no,no,25,52,13,89,59,Just Pass
male,10.4,2.9,3.0,3.1,no,no,84,79,73,49,38,Decent
female,6.1,3.2,0.4,3.9,no,no,20,39,12,48,87,Just Pass
male,4.7,3.2,2.0,3.8,no,no,36,45,79,82,100,Decent
male,4.2,5.0,1.0,2.3,yes,no,5,67,39,26,8,Worst
female,8.1,4.3,6.7,4.7,no,no,17,88,14,39,84,Just Pass
female,4.2,7.2,5.2,2.6,no,no,40,0,53,93,11,Just Pass
male,6.4,7.4,5.6,1.7,no,no,71,76,8,57,69,Decent
female,7.7,3.2,5.2,0.1,no,no,2,98,14,64,43,Just Pass
male,7.3,0.0,4.3,5.0,no,no,32,100,36,85,81,Decent
male,7.6,5.5,6.9,3.0,no,no,77,88,53,93,28,Decent
male,7.3,1.9,2.8,3.4,no,no,68,71,20,27,94,Decent
female,8.9,1.4,4.2,5.1,no,no,89,45,30,23,35,Just Pass
male,5.6,2.2,5.5,2.0,no,no,31,73,33,46,100,Decent
male,6.0,2.1,1.4,0.3,no,no,77,66,0,53,3,Just Pass
male,5.8,4.2,10.2,3.1,no,no,61,42,41,42,42,Just Pass
female,8.2,0.0,4.1,3.6,no,no,77,41,77,84,72,Decent
female,8.4,0.8,4.3,2.5,no,no,20,50,71,18,96,Decent
female,7.7,3.7,6.5,5.9,no,no,38,82,100,97,75,Nice
female,8.8,4.2,5.8,0.0,no,no,75,27,9,69,19,Just Pass
female,5.2,4.3,4.1,5.2,no,no,33,66,97,32,96,Decent
male,9.5,1.4,4.3,4.6,no,no,25,100,55,45,75,Decent
female,9.3,1.0,1.0,3.9,no,no,69,39,48,90,33,Decent
female,8.1,2.0,2.9,0.0,no,no,53,95,33,76,55,Decent
female,9.7,3.5,5.0,5.6,no,no,75,62,27,96,82,Decent
male,4.5,6.0,4.9,0.9,no,no,54,3,40,25,61,Just Pass
female,6.2,0.0,6.4,2.0,no,no,65,20,93,100,87,Nice
female,5.9,2.6,3.8,2.7,no,no,56,40,94,78,96,Nice
male,8.1,0.3,1.2,3.8,no,yes,79,12,83,0,69,Just Pass
female,5.4,0.0,6.1,4.3,no,no,75,100,100,69,82,Good
male,8.1,4.9,6.9,4.8,no,no,73,85,74,78,15,Decent
male,9.1,4.1,5.8,4.6,no,no,38,100,61,28,86,Decent
male,8.0,3.9,3.7,3.5,no,no,93,64,93,96,100,Good
male,7.4,4.8,6.1,3.8,no,no,10,51,81,83,38,Decent
male,5.5,2.0,10.9,0.8,no,no,68,40,29,21,73,Just Pass
female,5.7,2.1,4.2,1.5,no,no,43,63,73,96,81,Nice
male,8.9,7.4,1.4,4.8,no,no,58,59,41,38,61,Decent
male,8.2,2.5,2.8,4.7,yes,no,33,36,56,42,89,Decent
female,6.9,4.5,5.3,4.4,no,no,80,100,98,87,56,Good
male,6.4,3.0,0.8,2.0,no,no,1,62,64,63,52,Just Pass
female,4.0,0.0,4.3,4.8,no,no,56,99,100,59,19,Decent
female,5.4,0.0,4.8,0.7,no,no,92,71,95,34,99,Nice
female,9.9,1.8,7.1,5.2,no,no,46,52,33,72,47,Decent
male,5.1,5.1,6.6,2.5,no,no,9,77,5,61,100,Decent
male,7.3,4.6,5.7,6.4,no,no,65,39,54,79,36,Decent
male,8.5,4.8,0.0,0.0,no,no,85,47,74,48,13,Decent
female,5.1,1.0,5.8,6.5,no,no,31,65,48,86,73,Decent
male,7.3,6.2,5.4,2.3,no,no,6,13,68,46,65,Just Pass
male,8.4,1.1,4.5,2.2,no,no,69,51,57,66,54,Decent
male,7.0,3.4,0.5,3.4,no,no,27,33,76,30,37,Just Pass
female,11.3,3.0,2.4,1.6,no,no,41,11,16,15,54,Worst
female,4.5,2.7,1.7,2.9,no,no,85,84,25,62,97,Decent
male,8.6,5.7,0.0,1.5,no,no,9,39,14,0,86,Worst
male,6.7,1.6,4.0,1.6,no,no,77,40,60,12,38,Just Pass
male,8.2,0.3,2.4,4.0,no,no,64,64,42,38,82,Decent
male,7.7,3.0,9.3,1.2,no,no,100,85,91,29,82,Nice
female,5.9,2.2,3.7,1.5,no,no,100,5,38,41,69,Decent
female,7.3,9.8,6.6,0.3,no,no,34,40,52,23,0,Worst
female,4.2,4.4,0.9,2.0,no,no,51,40,87,4,46,Just Pass
female,7.9,2.2,2.9,5.6,no,no,89,100,75,39,91,Nice
male,7.4,0.9,4.2,1.3,no,no,38,62,31,7,27,Just Pass
male,8.0,0.0,2.2,1.5,no,no,29,20,90,42,41,Just Pass
male,8.6,0.9,3.2,3.4,no,no,100,50,13,91,32,Decent
female,7.6,3.2,3.6,2.3,no,no,47,66,29,30,92,Decent
male,7.2,5.9,3.5,7.5,no,no,13,17,51,77,98,Decent
female,5.7,5.2,7.7,2.7,no,no,89,94,25,15,22,Just Pass
female,5.9,3.5,4.8,3.7,no,no,68,15,69,10,85,Just Pass
male,8.8,2.4,5.0,4.9,no,no,32,19,71,65,52,Just Pass
male,9.2,3.5,5.1,4.8,no,no,16,13,53,59,81,Just Pass
male,6.6,2.0,5.2,3.5,no,no,42,81,42,32,62,Decent
female,7.1,6.4,3.8,2.7,no,no,89,42,40,25,44,Just Pass
male,5.6,2.6,3.4,7.0,no,no,100,29,48,22,100,Decent
female,8.8,2.8,4.3,2.8,no,no,38,92,29,86,70,Decent
male,8.0,0.0,6.3,2.1,no,no,98,35,50,45,38,Decent
female,9.9,2.6,6.3,1.7,no,no,52,40,68,29,19,Just Pass
female,5.7,4.7,3.5,0.0,no,no,58,10,57,73,86,Decent
male,6.4,0.9,5.5,4.6,no,no,52,100,48,22,34,Decent
female,7.3,1.5,3.6,0.0,no,no,52,76,95,29,74,Decent
female,8.0,4.6,4.1,3.0,no,no,32,75,29,29,52,Just Pass
male,6.7,0.0,3.1,2.6,no,no,18,16,83,38,26,Just Pass
female,5.7,5.1,3.6,7.5,no,no,28,67,23,16,92,Just Pass
male,8.3,1.9,6.7,0.0,no,no,34,62,71,98,95,Nice
female,8.1,2.2,4.2,1.2,no,no,100,42,49,90,16,Decent
male,5.6,0.8,4.3,2.7,no,no,100,44,68,53,18,Decent
male,9.0,3.8,1.1,2.6,no,no,81,84,17,43,83,Decent
female,8.8,7.9,3.4,1.9,no,no,14,0,34,43,41,Worst
female,7.2,4.6,3.5,2.8,no,no,46,64,78,49,69,Decent
female,7.1,1.3,2.3,0.5,no,no,44,40,77,78,45,Decent
female,7.8,5.3,4.0,3.7,no,no,41,69,26,51,44,Just Pass
female,5.7,2.4,3.1,0.0,no,no,2,17,33,16,27,Worst
male,7.0,5.7,4.2,2.9,no,no,53,23,0,11,56,Worst
female,3.8,4.6,4.2,1.8,yes,no,0,38,0,71,0,Worst
male,8.3,0.0,2.1,5.0,no,no,98,100,30,22,89,Decent
male,4.7,1.0,3.2,6.5,no,no,89,100,49,100,74,Good
female,9.3,4.9,4.2,2.3,no,no,35,24,75,69,84,Decent
male,6.5,3.3,6.4,5.8,no,no,82,28,69,58,100,Decent
male,6.7,1.0,4.5,2.4,no,no,34,70,90,29,100,Decent
male,6.1,1.7,2.7,1.1,no,no,29,44,78,34,63,Just Pass
male,6.6,0.0,4.8,6.5,yes,no,42,87,69,63,42,Decent
female,9.1,2.8,7.4,4.0,no,no,95,68,65,81,51,Nice
male,3.3,7.4,5.8,3.0,no,no,13,43,85,61,57,Decent
female,8.9,4.6,5.1,4.4,no,no,65,73,65,53,80,Decent
female,7.5,7.4,5.5,3.5,no,no,20,12,48,37,16,Worst
male,5.2,4.8,6.9,2.9,no,no,35,74,93,83,100,Nice
female,5.4,5.1,6.2,0.3,no,no,20,45,4,89,7,Just Pass
female,9.5,6.9,5.1,2.5,no,no,61,79,62,88,57,Decent
female,5.6,3.8,6.1,4.2,no,no,64,25,23,67,65,Just Pass
male,5.3,2.6,1.8,2.8,no,no,76,34,85,11,63,Decent
female,8.7,5.1,1.0,4.8,no,no,24,98,82,10,56,Decent
female,7.5,5.9,4.3,3.8,no,no,3,58,53,43,8,Just Pass
female,5.6,2.0,4.1,1.2,no,no,72,96,70,77,100,Good
male,7.3,1.6,2.9,0.4,no,no,12,69,78,50,99,Decent
female,5.5,3.3,5.7,2.7,no,no,32,100,56,70,60,Decent
male,8.7,4.7,0.3,2.0,yes,no,9,10,69,63,0,Worst
male,8.6,4.6,2.9,3.7,no,no,77,12,46,7,21,Worst
male,7.8,0.2,3.0,1.6,no,no,70,88,97,100,13,Nice
male,7.5,6.8,0.7,1.8,no,no,7,69,47,22,50,Just Pass
male,9.6,1.7,7.0,5.1,no,no,80,82,63,25,68,Decent
male,7.0,2.5,1.3,3.3,no,no,75,62,5,88,46,Decent
female,5.2,1.2,2.8,1.6,no,no,44,97,35,99,58,Decent
male,7.7,8.4,5.8,3.0,no,no,20,13,82,72,83,Decent
female,10.1,3.5,5.3,5.8,no,no,83,77,58,96,23,Decent
female,5.5,1.3,1.8,3.6,no,no,71,14,52,97,64,Decent
male,6.5,4.7,5.4,4.2,no,no,15,22,56,60,78,Just Pass
female,7.6,4.5,4.6,1.5,no,no,66,43,28,68,97,Decent
female,6.9,2.6,8.7,5.1,no,no,69,100,70,49,94,Nice
female,5.5,4.7,4.8,7.6,no,no,93,91,55,42,72,Decent
female,8.7,1.3,3.7,1.4,no,no,25,100,96,66,82,Nice
male,10.5,2.0,2.3,0.6,no,no,25,4,56,73,99,Decent
female,7.3,0.0,2.5,3.4,no,no,67,51,96,52,100,Nice
male,5.6,0.4,2.3,4.8,no,no,64,31,84,56,24,Decent
female,4.7,6.6,6.7,2.8,yes,no,23,0,6,80,42,Worst
female,7.4,6.3,4.0,0.9,no,no,66,18,78,43,70,Decent
male,8.7,3.1,5.1,2.8,no,no,64,32,16,100,75,Decent
female,7.7,6.3,7.0,4.2,no,no,78,49,51,93,48,Decent
female,7.0,2.7,0.0,2.2,yes,no,0,0,7,47,16,Worst
female,6.1,2.5,6.6,4.2,yes,no,73,49,54,1,63,Just Pass
male,5.4,3.1,4.1,5.3,no,no,60,100,44,43,55,Decent
female,8.3,2.8,4.9,3.5,no,no,13,84,82,51,49,Decent
male,8.4,2.6,2.3,2.9,yes,no,13,74,83,55,73,Decent
female,4.7,5.3,2.5,4.7,no,no,5,83,73,42,34,Just Pass
male,9.4,3.3,5.0,1.3,no,no,48,41,38,85,67,Decent
male,7.9,4.4,8.8,1.1,no,no,37,75,65,71,92,Decent
female,9.1,5.1,6.0,2.5,no,no,100,78,91,37,65,Nice
female,5.0,3.8,6.5,2.0,no,yes,67,1,8,59,30,Just Pass
male,5.0,1.1,3.6,1.4,no,no,88,92,17,36,9,Just Pass
male,6.8,0.3,2.8,6.7,yes,no,58,53,21,14,76,Just Pass
female,7.8,3.3,2.4,7.3,yes,no,82,3,51,19,100,Decent
male,9.7,2.7,3.0,2.3,yes,no,15,53,62,0,69,Just Pass
female,8.1,3.2,0.0,3.2,no,no,57,68,66,84,64,Decent
female,6.6,3.0,2.6,2.6,no,no,43,59,49,66,50,Decent
female,5.5,8.2,2.9,5.2,no,no,16,20,71,56,21,Just Pass
female,8.8,0.3,3.6,5.6,no,no,28,69,84,87,90,Nice
male,5.6,0.0,4.3,0.0,no,no,61,46,68,71,23,Decent
female,9.4,3.7,4.7,4.0,no,no,18,100,29,65,97,Decent
male,6.6,2.2,4.0,0.4,yes,no,57,68,17,70,21,Just Pass
female,9.4,3.6,2.8,6.5,no,no,100,90,48,58,53,Decent
male,8.0,4.2,0.1,3.9,no,no,17,19,81,81,22,Just Pass
female,6.8,5.6,2.8,1.4,no,yes,16,2,46,47,17,Worst
male,6.2,0.0,2.1,2.5,no,no,83,47,35,29,78,Decent
male,6.5,1.9,4.9,2.4,no,no,37,58,14,54,39,Just Pass
female,7.6,3.9,5.8,4.1,no,no,100,14,87,94,81,Nice
female,7.1,4.5,5.9,5.1,no,no,100,71,52,95,74,Nice
female,6.1,7.4,5.5,0.7,no,no,1,26,12,0,28,Worst
female,6.8,4.9,3.7,6.7,no,no,15,69,24,35,44,Just Pass
male,7.1,2.9,3.0,6.2,no,no,100,15,16,57,100,Decent
female,3.8,1.2,2.5,1.2,yes,no,79,16,26,0,0,Worst
male,7.7,1.9,1.0,3.1,no,no,48,82,39,32,77,Decent
male,5.5,1.8,6.0,6.4,no,no,28,73,92,48,64,Decent
female,5.3,4.3,3.7,5.5,no,no,72,89,100,32,82,Nice
male,4.5,3.5,1.5,2.3,no,no,27,67,18,37,48,Just Pass
male,4.3,0.4,2.3,4.6,no,no,100,98,37,94,21,Decent
male,5.0,2.1,2.3,9.0,no,no,100,25,58,49,100,Decent
male,5.9,4.8,4.1,3.2,no,no,67,29,49,61,11,Just Pass
female,9.9,3.7,6.1,1.7,no,no,33,59,74,60,20,Just Pass
female,6.2,4.1,3.3,3.3,no,no,74,98,39,85,46,Decent
female,7.3,3.8,0.0,3.5,no,no,29,68,11,40,95,Just Pass
female,7.6,6.3,3.6,2.0,yes,no,0,25,53,2,9,Worst
male,7.2,3.5,3.7,3.9,no,no,58,21,87,97,64,Decent
male,6.9,2.2,3.6,0.5,no,no,49,50,25,84,53,Decent
female,5.2,1.2,2.7,1.7,yes,no,67,35,4,53,24,Just Pass
female,9.2,3.5,4.4,4.5,no,no,97,88,63,20,80,Decent
female,9.7,0.0,4.1,0.0,no,no,41,47,26,7,56,Just Pass
male,4.5,2.6,4.0,4.8,no,no,55,42,48,29,68,Just Pass
female,5.5,2.6,4.8,0.0,no,no,47,8,77,19,21,Just Pass
female,6.6,0.3,3.1,0.0,no,no,35,7,24,16,95,Just Pass
female,5.6,1.1,3.0,2.0,no,no,81,50,87,33,18,Decent
male,7.8,4.6,6.8,3.6,no,no,61,43,76,42,78,Decent
male,5.9,3.5,5.1,5.7,no,no,100,71,37,91,100,Nice
male,10.2,3.2,5.7,3.1,no,no,74,80,61,79,17,Decent
male,8.8,3.6,6.5,2.5,no,no,29,12,69,18,10,Worst
male,7.3,3.2,5.1,4.2,no,no,28,61,32,100,45,Decent
male,8.5,5.5,5.9,1.3,no,no,36,85,13,74,77,Decent
male,8.7,3.2,0.8,3.3,no,no,37,48,56,19,74,Just Pass
male,6.2,0.1,4.4,0.6,no,no,48,60,77,20,90,Decent
female,5.8,6.3,3.6,3.2,no,no,17,47,45,7,38,Worst
female,7.1,3.7,7.4,2.7,no,no,100,47,16,82,100,Decent
male,8.3,1.8,5.9,1.4,no,no,22,19,100,31,44,Just Pass
male,7.2,0.5,2.7,3.3,yes,no,62,9,66,4,77,Just Pass
female,4.6,3.8,4.7,3.3,no,no,6,22,67,47,40,Just Pass
male,5.8,2.8,4.3,5.4,no,no,55,94,79,85,36,Decent
male,6.9,6.1,4.9,0.0,yes,no,7,4,16,7,10,Worst
male,6.9,2.3,2.0,2.8,no,no,43,99,100,53,24,Decent
female,10.0,1.3,4.7,1.5,no,no,57,89,21,27,20,Just Pass
female,4.9,4.8,3.5,4.7,no,yes,41,49,54,23,17,Just Pass
female,7.8,4.9,4.6,4.5,no,no,66,80,50,43,22,Decent
female,9.2,3.3,2.6,4.0,no,no,70,11,95,50,57,Decent
female,10.4,4.4,2.8,1.6,no,no,82,54,69,44,1,Decent
male,6.4,2.9,6.3,4.8,no,no,100,100,72,25,59,Nice
female,7.7,3.5,1.9,0.0,no,no,67,0,87,3,89,Just Pass
male,7.9,5.3,2.0,0.0,no,no,0,18,80,15,24,Worst
male,7.3,4.3,3.9,0.4,no,no,92,1,1,7,9,Worst
female,6.9,2.7,2.5,2.9,no,no,99,61,24,30,35,Just Pass
female,7.7,5.7,2.2,4.4,no,no,73,13,69,4,81,Just Pass
male,3.2,0.0,4.2,0.0,no,no,50,46,91,34,30,Decent
male,8.0,7.1,1.0,5.6,no,no,25,71,43,21,38,Just Pass
male,7.2,0.0,2.0,3.3,no,no,87,28,15,100,90,Decent
female,6.7,1.7,8.1,0.0,no,no,94,82,71,92,33,Nice
female,10.1,2.9,4.9,3.2,no,no,75,15,28,39,56,Just Pass
female,6.0,2.7,2.5,5.2,no,no,74,26,67,59,18,Just Pass
female,6.4,5.0,4.8,4.2,no,no,26,35,45,100,24,Just Pass
female,10.0,0.9,5.1,5.2,no,no,56,100,76,73,41,Decent
male,5.8,3.5,6.0,0.3,no,no,73,86,94,85,47,Nice
female,6.2,1.8,3.7,2.2,no,yes,0,4,30,64,64,Worst
male,6.8,3.6,6.0,1.2,no,no,67,12,6,97,38,Just Pass
male,8.3,2.9,0.0,6.4,no,no,87,95,69,41,49,Decent
male,7.3,3.2,1.9,4.3,yes,no,25,56,24,0,22,Worst
female,5.1,1.9,4.3,8.7,no,no,34,42,100,37,59,Decent
female,6.2,2.0,4.7,2.1,no,no,89,63,54,65,48,Decent
female,6.1,3.6,2.2,1.6,no,no,13,86,73,52,88,Decent
male,6.9,4.9,4.5,2.7,no,no,39,8,92,31,4,Just Pass
male,7.6,1.8,2.8,5.8,no,no,87,25,53,41,79,Decent
male,7.6,1.3,3.4,2.3,no,no,89,35,100,78,96,Nice
male,4.3,4.2,6.0,3.2,no,no,91,70,19,39,46,Decent
male,8.6,2.9,5.8,3.2,no,no,64,28,75,71,76,Decent
male,7.4,4.7,2.0,3.1,no,no,47,81,3,71,58,Decent
female,9.1,1.2,1.9,1.7,no,yes,63,54,0,22,12,Worst
female,7.7,0.0,3.2,2.7,no,no,68,68,75,31,25,Decent
female,8.7,1.9,3.9,2.6,no,no,65,19,12,94,29,Just Pass
female,7.7,1.5,2.7,3.0,no,no,52,100,19,18,14,Just Pass
male,9.0,2.8,6.1,4.9,no,no,53,65,45,98,92,Decent
male,7.8,1.7,4.7,6.5,no,no,70,67,79,100,75,Nice
female,6.9,4.5,4.8,1.3,no,no,35,98,0,56,77,Decent
male,10.4,2.4,1.5,2.2,no,no,36,88,50,64,31,Decent
female,8.3,3.3,6.3,1.3,no,no,100,50,67,40,85,Decent
female,7.9,3.3,0.0,3.4,no,no,34,42,41,85,31,Just Pass
female,5.1,3.4,5.7,1.9,no,no,30,14,11,31,17,Worst
male,5.1,3.0,5.9,3.5,no,no,46,100,72,66,64,Decent
female,7.4,4.0,3.1,5.2,no,no,69,94,70,10,100,Decent
female,7.2,1.4,6.5,0.0,yes,no,82,22,41,84,32,Decent
female,6.1,5.8,3.9,4.0,no,no,81,78,72,97,54,Nice
male,7.2,2.5,4.1,2.1,no,no,90,82,26,77,51,Decent
male,9.4,0.4,4.7,3.9,no,no,100,39,84,59,62,Decent
female,8.0,3.4,10.4,1.2,no,no,100,71,26,27,31,Decent
male,5.3,1.3,6.7,5.4,no,no,46,48,62,72,65,Decent
male,6.8,4.3,5.4,4.8,no,no,56,89,17,90,60,Decent
male,5.8,7.4,2.2,4.1,yes,no,20,0,63,42,56,Just Pass
male,6.4,1.4,4.3,4.6,no,no,54,82,69,68,29,Decent
male,6.4,3.7,2.4,1.5,no,no,63,30,95,82,55,Decent
male,6.3,0.0,5.6,1.8,no,no,53,16,100,44,79,Decent
male,5.1,3.9,4.3,4.5,no,yes,46,0,84,70,23,Just Pass
male,6.8,1.2,1.8,1.5,no,no,42,69,14,47,58,Just Pass
male,6.2,1.8,4.2,5.9,no,no,50,42,79,19,90,Decent
male,2.6,0.8,2.3,2.4,no,no,34,62,39,72,45,Decent
female,10.1,4.5,4.3,4.0,no,no,87,48,60,94,40,Decent
female,8.6,5.0,2.3,7.2,no,no,72,81,42,60,94,Decent
male,6.4,3.0,4.1,1.6,no,no,100,52,7,48,100,Decent
female,7.0,1.3,5.5,3.1,no,no,97,44,84,94,35,Decent
female,5.2,6.2,3.9,5.1,no,no,53,19,100,93,93,Nice
male,9.5,1.5,3.2,4.9,no,no,39,49,68,100,69,Decent
male,9.8,0.0,4.4,2.3,no,no,80,76,45,47,57,Decent
male,7.2,3.9,5.4,2.0,no,no,76,78,97,63,93,Good
female,8.5,0.8,1.8,2.5,no,no,54,24,44,90,99,Decent
female,7.3,5.0,4.5,5.9,no,no,33,77,100,64,38,Decent
male,5.0,2.2,6.6,2.4,no,no,66,28,96,57,46,Decent
male,6.4,4.2,5.1,3.2,no,no,31,28,58,63,91,Decent
male,7.2,5.8,4.1,2.1,no,no,90,50,64,32,46,Decent
female,6.3,0.6,5.3,4.4,no,no,81,47,89,38,47,Decent
female,6.7,1.9,4.9,3.3,no,no,41,78,76,18,100,Decent
female,6.9,2.8,5.5,1.0,no,no,25,99,20,64,25,Just Pass
female,6.9,6.1,0.0,1.1,no,no,59,2,57,25,49,Just Pass
male,7.1,1.7,0.9,0.0,no,no,67,54,0,85,39,Just Pass
male,5.4,1.8,6.0,1.3,no,no,67,100,79,30,53,Decent
male,5.9,4.0,1.0,4.6,no,no,66,22,60,36,15,Just Pass
male,5.1,1.8,4.8,5.6,no,no,79,55,44,100,44,Decent
female,8.5,3.3,3.3,4.4,no,no,45,21,89,64,25,Just Pass
female,3.8,0.0,2.0,4.1,no,no,100,74,50,44,84,Decent
male,8.7,7.4,4.7,2.7,no,no,43,62,44,82,65,Decent
male,9.1,0.3,4.4,4.5,no,no,21,85,21,93,98,Decent
female,6.5,2.4,8.2,3.6,no,no,51,71,57,74,86,Decent
male,3.1,2.9,2.8,6.6,no,no,22,83,25,97,21,Just Pass
female,6.5,6.8,6.9,2.8,no,no,37,4,28,10,98,Just Pass
male,6.9,0.4,4.7,5.7,no,no,83,100,48,62,41,Decent
male,5.5,7.0,2.7,4.7,yes,no,0,7,0,66,20,Worst
male,6.2,4.5,5.6,4.5,no,no,97,22,56,48,80,Decent
male,9.3,3.8,5.1,0.0,no,no,59,92,50,90,12,Decent
male,8.0,1.0,4.1,4.9,no,no,47,100,75,33,35,Decent
male,5.6,4.1,4.5,2.7,no,no,35,80,50,37,91,Decent
male,4.6,1.6,2.8,2.1,no,no,50,14,90,46,37,Just Pass
female,6.5,5.5,2.3,0.0,no,no,13,69,0,57,55,Just Pass
female,6.7,1.1,5.5,3.0,no,no,14,74,75,33,99,Decent
female,7.7,2.8,3.6,3.1,yes,no,0,65,78,0,89,Just Pass
female,6.2,1.9,3.8,0.4,no,no,37,99,6,99,23,Decent
female,7.8,1.0,4.6,0.1,no,no,16,23,53,93,16,Just Pass
male,9.9,4.5,4.5,4.0,no,no,9,57,65,37,81,Just Pass
male,8.2,4.1,1.1,4.7,no,no,90,80,24,53,23,Decent
female,6.9,5.4,6.6,3.4,no,no,33,49,31,54,64,Just Pass
male,6.7,0.0,4.2,5.3,no,no,72,27,100,100,75,Nice
female,6.5,5.1,3.6,2.8,no,no,18,12,57,60,56,Just Pass
female,8.8,8.0,4.9,2.9,no,no,0,56,27,78,60,Just Pass
male,6.1,2.1,4.5,1.2,no,no,79,33,81,96,90,Nice
male,7.1,6.8,5.5,0.0,no,no,3,4,65,47,18,Worst
male,7.1,2.5,5.1,6.7,yes,no,8,39,40,34,61,Just Pass
female,6.2,0.3,5.4,5.3,no,no,81,43,71,72,56,Decent
male,4.9,2.4,6.7,0.2,no,no,5,6,70,89,35,Just Pass
female,7.5,5.1,5.8,3.3,no,no,48,20,39,63,7,Just Pass
female,6.9,1.3,3.7,2.8,no,no,38,98,72,99,69,Nice
female,7.8,1.8,1.8,2.5,no,no,36,6,30,94,100,Decent
male,6.2,4.2,7.3,2.2,no,no,7,84,36,44,83,Decent
male,8.8,3.0,3.5,3.8,no,no,100,84,40,53,33,Decent
female,5.7,4.2,3.1,4.6,no,no,58,63,100,74,78,Nice
male,9.6,3.5,0.5,3.8,no,no,60,23,86,14,32,Just Pass
male,4.4,4.0,4.7,2.8,no,no,69,90,59,49,78,Decent
male,7.7,2.1,4.3,2.7,no,no,88,56,65,23,94,Decent
female,7.7,3.5,1.0,4.9,no,no,67,24,12,91,40,Just Pass
female,5.8,1.1,4.9,3.9,no,no,92,58,80,100,16,Decent
male,7.6,5.6,3.0,3.1,no,no,43,18,31,13,29,Worst
female,8.9,1.7,9.4,2.9,no,no,55,55,79,84,38,Decent
male,3.7,5.3,2.9,3.7,no,no,79,46,81,60,58,Decent
male,7.8,2.5,3.1,2.1,no,no,90,39,8,80,33,Decent
male,3.3,3.4,2.3,4.6,no,no,14,66,61,70,4,Just Pass
male,5.6,2.0,6.6,0.8,yes,no,46,85,48,13,45,Just Pass
female,9.4,1.0,3.3,2.2,yes,no,62,28,14,23,81,Just Pass
female,6.1,0.0,2.6,4.2,no,no,24,51,80,32,61,Just Pass
female,5.2,0.9,5.4,0.7,no,no,99,80,62,99,44,Nice
male,6.7,2.4,1.2,0.0,no,no,47,48,71,47,12,Just Pass
male,10.1,3.4,5.3,3.1,no,no,72,50,19,100,46,Decent
male,4.3,5.0,7.6,0.0,no,no,13,77,40,40,29,Just Pass
female,5.4,2.1,5.1,0.4,no,no,29,92,100,58,100,Nice
male,9.2,1.2,5.3,4.5,no,no,30,77,86,96,21,Decent
female,9.8,0.1,5.7,2.6,no,no,42,34,84,95,39,Decent
female,6.8,4.0,7.4,5.6,no,no,66,63,48,40,23,Just Pass
female,5.1,5.8,6.4,0.6,no,no,79,46,5,24,81,Just Pass
female,10.1,5.5,4.9,2.8,no,no,55,45,96,11,43,Decent
female,9.4,4.4,5.8,3.8,no,no,33,35,19,89,88,Decent
female,8.0,4.3,2.2,0.7,no,no,0,41,93,73,63,Decent
male,5.8,6.4,5.6,5.1,no,no,69,51,19,15,99,Decent
male,6.9,3.7,2.0,4.0,yes,no,32,10,7,15,0,Worst
female,6.8,4.3,3.3,0.0,no,no,92,84,24,38,14,Decent
female,7.5,2.4,0.0,2.9,no,no,79,90,53,56,72,Decent
male,9.2,0.3,4.8,3.8,no,no,97,92,96,69,75,Good
female,8.3,1.6,2.7,1.8,no,no,6,45,100,100,74,Decent
female,5.4,3.0,6.2,0.0,no,no,78,38,36,77,58,Decent
male,9.1,3.1,4.8,3.6,yes,no,14,66,0,6,53,Worst
female,7.5,6.9,6.2,7.4,no,no,72,74,75,43,100,Nice
female,8.0,3.2,1.8,2.2,yes,no,30,46,57,20,78,Just Pass
female,9.2,5.4,6.1,6.1,no,no,70,25,52,44,16,Just Pass
male,5.3,2.1,8.2,1.5,no,no,24,72,29,89,52,Decent
male,6.9,2.4,5.5,3.4,no,no,57,100,42,48,63,Decent
male,6.2,0.3,5.6,4.5,no,no,24,29,86,70,56,Decent
female,4.6,1.5,4.3,3.0,no,no,14,43,59,63,14,Just Pass
female,7.5,4.1,3.0,2.4,no,no,66,51,75,28,48,Decent
male,10.8,3.0,5.5,4.5,no,no,100,82,35,46,100,Nice
female,4.2,4.9,1.0,6.8,no,no,83,14,90,83,13,Decent
female,7.0,3.4,3.2,3.6,no,no,53,94,22,93,88,Decent
female,8.0,2.3,0.5,2.0,no,no,6,5,33,4,20,Worst
female,7.2,7.3,2.6,2.6,no,no,0,78,52,53,50,Just Pass
female,6.8,2.8,5.3,8.0,no,no,39,26,97,87,62,Decent
male,5.1,5.3,5.0,3.3,no,no,100,19,30,77,38,Decent
female,7.3,2.2,4.1,1.8,no,no,45,86,100,75,93,Nice
male,5.9,4.4,4.3,0.7,no,no,81,83,67,84,94,Good
female,3.7,4.9,0.2,0.0,no,no,52,80,3,0,20,Worst
male,8.8,3.4,3.3,3.7,no,no,67,18,79,45,71,Decent
female,8.4,0.0,2.6,4.3,no,no,100,68,85,94,71,Good
male,7.1,3.0,2.7,2.2,no,no,26,10,78,87,10,Just Pass
female,7.3,5.5,5.2,3.0,no,no,48,18,94,29,7,Just Pass
male,8.6,4.1,2.3,0.7,no,no,81,12,66,53,72,Decent
female,7.3,3.9,2.8,3.3,no,no,59,10,39,22,43,Just Pass
male,8.4,0.0,0.0,4.0,no,no,36,100,91,97,42,Nice
female,6.6,1.6,3.4,1.9,no,no,26,18,75,79,100,Decent
male,9.0,3.8,1.8,6.4,no,no,87,74,69,34,20,Decent
male,7.5,3.8,4.2,1.3,no,no,1,62,35,62,26,Just Pass
female,7.3,5.4,2.1,3.6,no,no,91,19,92,50,85,Decent
female,5.1,2.7,4.2,4.7,no,no,14,100,64,38,54,Decent
male,7.4,3.8,3.7,2.8,no,no,67,38,66,93,62,Decent
female,5.8,3.0,7.3,2.6,no,no,71,100,52,25,15,Decent
male,6.0,1.0,5.0,0.1,no,no,62,99,83,51,97,Nice
male,5.8,0.0,0.3,5.7,no,no,64,100,51,75,30,Decent
male,5.4,3.9,1.5,2.7,no,no,85,75,81,82,21,Decent
female,10.2,3.3,4.1,4.1,no,no,75,35,20,25,25,Just Pass
male,9.0,1.8,2.1,4.3,no,no,89,23,81,71,60,Decent
male,9.9,0.0,0.0,1.7,no,no,16,61,52,5,86,Just Pass
female,5.2,4.3,6.7,2.6,no,no,11,43,76,89,33,Decent
female,7.1,2.5,5.4,5.7,no,no,20,100,71,41,32,Decent
female,5.1,4.1,5.0,0.8,yes,no,0,58,0,56,24,Worst
female,6.0,6.7,2.8,7.3,no,no,75,36,56,69,100,Decent
male,5.6,0.0,4.9,1.5,no,no,60,12,100,16,12,Just Pass
male,8.9,1.6,2.6,0.6,no,no,76,24,76,19,51,Just Pass
male,6.4,2.6,4.4,3.3,no,no,29,66,40,36,76,Just Pass
male,8.6,5.9,2.2,7.4,no,no,46,17,100,98,90,Decent
female,7.9,0.0,7.0,0.0,no,no,98,75,87,58,84,Nice
male,10.5,6.9,0.9,2.7,no,no,85,59,28,83,0,Decent
male,4.8,3.3,6.5,4.0,no,no,100,28,72,16,58,Decent
female,8.9,2.8,4.1,3.1,no,no,89,67,50,8,15,Just Pass
male,8.7,2.6,3.0,3.8,no,no,77,69,18,100,70,Decent
male,5.5,2.1,4.3,1.6,no,no,97,53,86,78,13,Decent
male,8.5,5.1,5.5,1.8,no,no,71,95,19,78,4,Decent
male,7.5,0.9,6.7,2.7,no,no,100,25,60,100,45,Decent
male,6.7,3.7,4.6,0.7,no,no,1,39,69,97,92,Decent
male,5.8,2.2,2.2,2.9,no,no,98,94,99,15,76,Nice
female,5.9,1.5,4.1,2.2,no,no,64,47,15,24,9,Worst
female,10.1,8.2,7.6,2.1,no,no,8,39,36,15,25,Worst
male,7.0,3.8,6.7,3.6,no,no,32,77,72,92,12,Decent
male,8.2,4.2,5.8,0.0,no,no,83,64,75,33,27,Decent
female,5.8,5.3,5.6,2.5,no,no,52,4,94,61,70,Decent
male,5.8,0.2,5.4,7.6,no,no,100,75,30,100,100,Good
male,8.6,6.5,6.3,0.8,no,no,6,28,57,63,75,Just Pass
male,5.0,0.0,3.1,5.6,no,no,62,83,21,27,100,Decent
female,6.4,1.5,1.3,3.1,no,no,40,62,85,51,43,Decent
male,7.1,2.1,4.1,1.8,no,no,57,71,20,12,92,Decent
female,7.2,4.2,2.4,0.4,no,no,57,59,83,41,66,Decent
male,6.7,3.4,1.9,3.3,no,no,70,29,19,25,57,Just Pass
female,7.6,2.7,2.6,5.9,no,no,14,38,90,14,100,Decent
female,8.0,3.0,9.0,2.2,no,no,20,49,40,93,100,Decent
male,8.1,1.0,4.3,2.8,no,no,15,36,67,100,100,Decent
female,5.5,0.0,4.7,5.0,no,no,100,90,82,100,42,Good
male,6.6,4.5,1.6,3.7,no,no,33,62,22,31,22,Just Pass
female,8.8,4.4,0.3,0.0,no,no,25,10,18,71,79,Just Pass
male,8.3,6.2,2.4,3.2,no,no,42,85,7,64,36,Just Pass
male,4.9,1.4,6.9,6.0,no,no,100,70,24,100,100,Nice
female,7.5,4.4,4.7,2.9,no,no,5,16,27,88,72,Just Pass
male,4.0,2.4,5.2,0.0,no,no,8,18,48,95,73,Just Pass
male,7.1,5.4,5.5,3.8,no,no,74,59,77,21,8,Just Pass
female,9.8,5.0,2.8,2.6,no,no,95,32,78,75,41,Decent
male,5.6,3.4,6.8,0.0,no,no,65,86,7,74,86,Decent
male,5.7,2.3,2.7,0.0,no,no,24,47,25,26,46,Just Pass
female,8.1,4.9,6.8,5.0,no,no,63,100,89,51,81,Nice
female,4.7,4.3,4.9,1.5,no,no,96,9,47,16,74,Just Pass
male,6.1,1.6,0.4,1.2,no,no,52,66,18,91,12,Just Pass
male,7.9,0.3,2.5,2.9,no,no,48,99,50,98,26,Decent
female,6.0,2.4,0.4,1.7,no,no,37,28,26,60,71,Just Pass
female,6.6,6.0,6.3,3.2,no,no,100,17,9,55,9,Just Pass
male,8.1,5.3,4.0,2.6,no,no,71,45,76,23,34,Just Pass
female,7.6,0.8,0.0,0.6,no,no,67,95,28,77,90,Nice
male,7.4,0.7,4.8,2.0,no,no,34,74,100,11,68,Decent
male,6.5,5.5,2.9,3.9,no,no,57,66,90,48,93,Decent
male,7.6,0.7,1.0,3.1,no,no,44,76,80,95,39,Decent
male,6.8,4.0,7.4,2.8,no,no,33,12,41,70,72,Just Pass
male,7.7,1.8,4.2,6.9,no,no,100,66,49,85,50,Decent
female,6.3,6.2,3.4,4.5,no,no,41,10,50,10,14,Worst
female,6.7,1.5,3.2,4.7,no,no,43,46,50,43,100,Decent
female,5.5,5.3,1.0,2.7,no,no,89,78,86,63,13,Decent
female,6.9,3.4,1.4,3.4,no,no,22,68,15,7,21,Worst
male,5.8,3.5,6.6,2.1,no,no,81,100,79,40,91,Nice
male,5.3,0.0,3.1,4.6,no,yes,58,10,54,28,73,Just Pass
male,7.4,0.0,4.0,2.8,no,no,100,53,94,63,100,Good
male,7.3,2.6,0.0,3.4,no,no,86,83,57,39,10,Decent
female,8.2,3.5,1.4,3.3,no,no,73,24,65,48,12,Just Pass
male,6.4,0.7,5.2,3.0,no,no,46,30,100,69,59,Decent
male,7.6,0.8,4.8,8.9,no,no,80,73,40,43,90,Decent
female,7.8,4.1,7.5,1.7,no,no,100,44,16,24,9,Just Pass
female,7.7,4.1,6.7,1.6,no,no,6,100,43,87,19,Decent
female,5.8,2.7,3.5,4.4,no,no,90,56,58,56,81,Decent
female,7.2,4.6,4.9,1.8,no,no,26,87,20,36,67,Just Pass
male,7.5,0.7,3.4,2.4,no,no,28,98,18,53,18,Just Pass
male,7.0,2.3,8.1,0.8,no,no,31,23,10,25,100,Just Pass
female,3.9,6.3,6.3,4.0,no,no,6,72,77,24,26,Just Pass
male,7.2,3.1,4.3,4.0,no,no,100,37,58,61,98,Decent
male,10.3,3.3,4.4,2.4,no,no,91,14,89,40,97,Decent
male,6.5,7.6,6.9,4.4,no,no,56,91,40,51,53,Decent
female,5.9,0.2,5.2,0.0,no,no,78,36,77,21,48,Decent
male,7.6,4.6,7.1,1.6,no,no,58,37,51,18,30,Just Pass
female,7.5,6.3,0.0,2.7,no,no,73,24,53,30,72,Decent
male,8.8,2.4,4.9,0.7,no,no,87,23,40,40,22,Just Pass
male,5.1,4.7,3.0,0.0,no,no,15,35,0,80,54,Just Pass
male,8.1,1.0,7.5,2.4,no,no,60,57,100,18,71,Decent
female,7.9,1.6,7.1,4.4,no,no,82,59,100,100,43,Nice
male,6.8,3.8,4.1,5.6,no,no,100,100,44,100,100,Good
female,7.5,4.6,7.1,1.9,no,no,72,37,99,58,88,Decent
female,8.5,5.2,7.6,4.5,no,no,100,14,41,82,13,Decent
female,8.3,6.1,4.1,4.3,no,no,87,20,47,96,45,Decent
male,5.3,2.9,8.9,5.4,no,no,80,94,97,47,57,Nice
male,8.2,5.4,3.9,2.3,no,no,88,58,29,30,87,Decent
male,6.9,2.3,3.6,0.0,no,no,36,94,31,10,25,Just Pass
male,7.1,4.8,5.7,3.1,no,no,42,74,46,61,100,Decent
female,7.1,3.4,3.3,1.0,no,no,77,18,45,14,19,Just Pass
female,6.8,3.9,4.2,1.6,no,no,14,13,13,94,25,Worst
female,8.8,3.8,6.8,2.4,no,no,37,59,8,50,73,Just Pass
male,6.9,0.0,4.0,2.3,no,no,72,78,100,100,28,Nice
female,5.3,0.8,0.6,3.3,no,no,50,24,43,28,96,Just Pass
male,6.4,3.2,4.7,4.4,no,no,100,72,22,81,22,Decent
female,7.3,0.0,2.6,2.3,no,no,100,96,85,74,100,Excellent
male,8.8,4.7,5.7,3.8,no,no,58,80,37,47,95,Decent
male,7.9,4.7,5.4,3.0,no,no,58,71,23,94,88,Decent
female,5.7,3.7,6.9,4.9,no,no,87,93,100,58,55,Nice
female,10.7,0.8,5.8,2.6,no,no,59,24,100,33,65,Decent
female,7.4,5.8,6.2,2.8,no,no,22,23,13,100,48,Just Pass
female,8.9,7.1,2.7,2.3,no,no,67,0,82,37,91,Decent
male,6.8,3.3,5.6,2.7,no,no,81,22,97,28,11,Just Pass
female,7.8,4.0,7.9,1.4,no,no,30,97,69,42,44,Decent
female,8.3,3.4,2.6,1.2,no,no,82,21,51,60,95,Decent
female,8.8,4.1,7.6,4.6,no,no,75,80,35,65,50,Decent
male,8.6,2.8,2.9,0.8,no,no,22,68,11,62,38,Just Pass
male,8.3,2.9,2.3,2.4,no,no,68,67,63,69,66,Decent
female,6.5,4.8,4.6,5.0,no,no,32,64,91,21,99,Decent
male,6.1,7.7,5.4,2.3,no,no,21,43,63,26,24,Just Pass
female,7.5,0.2,5.8,4.7,no,no,100,63,40,96,100,Nice
male,8.4,2.8,2.1,1.8,no,no,93,92,30,66,29,Decent
male,6.7,0.6,4.9,0.9,no,no,33,8,62,16,89,Just Pass
male,8.6,6.2,2.6,0.0,no,no,80,0,50,19,15,Worst
male,9.2,1.8,1.0,5.6,no,no,36,62,20,100,20,Just Pass
female,5.6,0.1,2.1,0.7,no,no,16,38,66,91,86,Decent
female,5.7,4.3,2.5,4.5,no,no,11,46,79,73,51,Decent
female,6.8,6.5,5.0,1.0,no,no,18,93,12,1,33,Worst
male,7.5,4.3,6.3,5.6,no,no,53,92,39,75,57,Decent
female,6.2,3.4,1.1,7.4,no,no,100,100,40,16,76,Decent
female,9.0,3.8,4.7,0.0,no,no,21,33,90,63,23,Just Pass
female,7.6,5.8,1.6,0.8,no,no,26,13,30,63,13,Worst
male,7.1,1.3,5.3,4.5,no,no,91,94,71,67,66,Nice
male,4.8,2.8,2.8,4.0,no,no,38,88,80,8,11,Just Pass
male,5.0,2.1,1.9,4.6,no,no,79,65,48,77,75,Decent
female,7.4,0.7,5.6,1.9,no,no,55,100,22,93,94,Nice
female,3.8,2.3,2.8,7.0,no,no,33,100,79,72,86,Nice
female,8.5,5.2,3.4,3.2,no,no,74,48,67,71,47,Decent
male,6.8,4.1,0.0,0.6,no,no,0,13,17,0,47,Worst
male,11.9,4.3,5.9,2.5,no,no,34,56,8,76,7,Just Pass
female,10.5,3.3,5.6,0.6,no,no,36,99,67,62,92,Nice
male,6.7,4.0,4.0,6.2,no,no,59,43,84,47,69,Decent
male,6.8,1.4,0.9,1.7,no,no,69,63,4,70,33,Just Pass
male,8.5,2.4,6.4,4.0,no,no,60,84,84,79,44,Decent
male,9.6,3.4,2.7,2.1,no,no,60,22,94,60,66,Decent
female,4.5,3.6,3.1,1.8,no,no,58,57,16,17,57,Just Pass
male,4.3,3.6,8.6,0.0,no,no,38,32,53,30,19,Just Pass
male,6.1,2.7,2.6,4.2,no,no,100,94,78,100,49,Good
male,7.9,2.2,5.5,5.6,no,no,100,90,42,62,86,Nice
male,7.7,9.3,5.1,1.2,no,no,46,70,63,0,17,Just Pass
female,8.6,4.8,4.8,0.0,yes,no,0,0,66,69,30,Just Pass
female,5.2,3.8,4.6,4.6,no,no,60,14,92,28,36,Just Pass
male,3.5,2.5,4.8,0.0,no,no,12,79,19,34,1,Worst
male,8.3,2.1,4.5,5.4,no,no,65,55,97,44,55,Decent
male,5.8,2.7,3.9,1.2,no,no,20,19,43,98,75,Decent
male,4.0,3.6,7.0,0.8,no,no,69,8,25,36,20,Worst
male,7.2,0.0,1.4,3.5,no,no,20,63,28,82,87,Decent
male,8.2,0.0,6.0,0.9,no,no,100,26,100,70,77,Nice
female,6.8,1.7,5.6,1.6,no,no,27,64,50,12,58,Just Pass
male,6.3,3.4,5.4,3.7,no,no,76,82,96,48,100,Nice
female,6.8,2.5,6.2,0.0,no,no,94,56,18,42,91,Decent
female,6.4,6.0,3.8,6.3,no,no,33,99,85,100,65,Nice
male,5.0,0.0,0.3,3.1,no,no,100,24,20,90,64,Decent
female,5.9,1.5,3.9,0.4,no,no,41,52,4,88,30,Just Pass
female,7.8,6.0,2.0,1.0,no,no,87,7,90,22,83,Decent
female,7.5,3.3,2.5,5.0,no,no,100,97,17,42,99,Nice
female,7.3,4.8,1.5,4.2,no,no,20,95,48,53,76,Decent
female,5.5,7.1,3.0,5.8,no,no,87,43,91,67,16,Decent
female,6.7,1.6,2.8,1.6,no,no,24,35,86,77,75,Decent
male,3.7,2.8,0.0,3.6,no,no,20,25,45,80,23,Just Pass
female,7.3,2.5,5.4,3.9,no,yes,0,73,49,75,6,Just Pass
female,9.1,0.0,8.4,4.4,no,no,40,93,87,27,100,Decent
female,4.8,2.4,5.2,5.3,no,no,79,100,26,95,100,Nice
male,6.1,4.8,3.6,1.6,no,no,42,9,26,59,8,Worst
female,7.5,4.1,3.9,2.8,no,no,83,51,34,57,20,Just Pass
male,8.9,4.2,3.2,1.8,no,no,32,66,36,61,20,Just Pass
female,6.3,2.2,4.2,2.9,no,no,100,98,36,97,100,Good
male,6.0,1.7,3.9,4.4,no,yes,0,27,14,43,58,Worst
male,4.0,5.5,2.3,0.0,no,no,0,16,20,1,52,Worst
female,7.2,2.0,7.4,5.2,no,no,91,100,58,64,71,Nice
female,10.1,3.6,1.0,0.7,no,no,82,0,42,86,47,Decent
male,7.4,3.3,5.4,2.4,no,no,86,54,24,88,36,Decent
female,7.0,5.9,3.8,5.5,no,no,55,52,85,27,22,Just Pass
male,7.5,4.9,7.8,3.7,no,no,36,24,96,81,88,Decent
male,7.0,0.4,4.7,3.7,no,no,18,56,41,42,64,Just Pass
male,5.8,0.6,3.3,0.6,no,no,55,77,17,39,30,Just Pass
male,8.2,4.2,3.5,0.9,no,no,44,33,69,43,60,Just Pass
male,7.3,2.9,4.1,4.9,no,no,47,43,100,57,33,Decent
female,7.0,2.1,1.7,1.8,no,no,59,80,5,4,50,Just Pass
male,5.5,5.0,2.5,2.0,no,no,69,95,0,74,16,Decent
male,9.0,3.4,0.4,4.9,no,no,76,83,24,90,81,Decent
female,8.0,3.1,2.2,0.9,no,no,24,82,66,51,30,Decent
male,6.2,4.6,4.2,3.5,no,no,63,98,100,22,49,Decent
female,8.5,2.2,4.6,3.1,no,no,24,90,85,34,85,Decent
female,6.3,6.1,0.0,3.0,no,no,5,91,50,5,58,Just Pass
female,5.8,1.4,3.7,2.0,no,no,86,82,78,24,47,Decent
male,5.9,4.3,5.1,1.8,no,no,71,68,25,89,9,Decent
male,4.3,5.9,3.7,0.8,no,yes,41,34,33,13,57,Just Pass
male,7.7,0.2,2.7,4.0,no,no,30,100,47,26,15,Just Pass
female,4.3,2.3,3.2,1.7,no,no,92,69,23,26,74,Decent
male,5.2,5.3,2.9,4.9,no,no,18,81,28,99,99,Decent
female,3.9,5.3,2.7,2.6,no,no,81,15,60,44,24,Just Pass
male,6.9,2.7,4.3,0.9,no,no,37,93,78,53,9,Decent
female,6.8,1.5,8.6,2.5,no,no,26,60,74,68,40,Decent
male,6.5,4.9,2.5,2.2,no,no,26,14,4,9,29,Worst
male,5.4,5.4,3.4,5.0,no,no,24,85,9,100,51,Decent
male,5.2,0.7,3.9,2.3,no,no,60,46,32,19,63,Just Pass
female,7.7,0.6,2.6,2.4,no,no,100,27,37,79,81,Decent
female,6.2,3.5,6.2,5.8,no,no,49,42,57,22,100,Decent
male,7.5,4.3,0.0,4.0,no,no,62,4,8,45,47,Just Pass
male,5.7,2.4,2.9,6.3,no,no,100,26,89,100,91,Good
female,7.3,4.4,5.6,5.5,no,yes,51,47,59,64,0,Just Pass
female,9.0,1.6,3.4,1.2,no,no,40,90,38,37,36,Just Pass
female,7.9,0.0,2.4,5.0,no,no,100,62,74,73,29,Decent
male,6.4,2.2,4.9,6.1,no,no,38,82,30,36,89,Decent
female,7.4,3.1,5.8,6.1,no,no,71,99,60,100,100,Good
male,6.6,2.4,4.4,5.0,no,no,94,50,100,85,100,Good
female,7.0,0.7,2.4,4.9,no,no,16,81,82,53,48,Decent
male,6.5,0.0,4.9,2.4,no,no,84,49,24,45,37,Just Pass
female,6.8,2.0,3.2,1.3,no,no,29,67,87,26,30,Just Pass
female,7.3,4.8,5.5,2.3,yes,no,4,9,56,66,16,Worst
female,5.5,5.5,7.0,0.0,no,no,23,93,41,39,4,Just Pass
female,5.5,5.4,0.0,5.7,no,no,99,10,72,36,16,Just Pass
female,4.9,1.4,4.2,2.4,no,no,98,59,26,99,30,Decent
male,4.6,0.7,0.5,5.6,yes,no,20,27,54,14,0,Worst
female,5.2,4.0,8.9,0.5,yes,no,0,49,50,15,0,Worst
female,7.2,4.3,3.1,5.2,no,no,45,51,100,43,78,Decent
female,5.7,3.8,5.5,2.0,no,no,63,34,10,29,65,Just Pass
male,7.8,0.0,3.9,0.4,no,no,93,32,44,65,100,Decent
female,7.1,1.3,2.4,6.3,no,no,100,37,100,79,59,Nice
male,4.0,2.9,2.2,5.2,no,no,82,85,28,12,51,Decent
female,8.0,4.0,7.2,3.4,no,no,70,33,92,25,17,Just Pass
female,8.2,4.5,5.9,3.1,no,no,20,83,6,25,21,Worst
male,5.5,3.3,7.9,3.9,no,yes,0,38,0,0,59,Worst
female,7.6,3.7,4.1,3.4,no,no,66,14,39,19,30,Just Pass
male,5.7,3.2,4.6,1.4,no,no,56,19,79,26,80,Decent
male,7.1,4.4,3.5,2.2,no,no,84,89,10,34,70,Decent
female,5.1,3.6,3.4,6.9,no,no,48,76,54,95,90,Nice
male,4.3,3.1,1.9,8.3,no,no,20,35,30,38,86,Just Pass
female,6.4,2.5,4.2,6.1,no,no,60,88,40,85,88,Nice
female,6.8,3.2,2.4,4.0,no,no,100,89,57,12,61,Decent
male,6.4,4.0,4.9,2.3,no,no,83,37,35,69,71,Decent
male,5.2,3.5,4.3,1.4,no,no,4,56,22,80,53,Just Pass
male,6.4,3.8,4.6,1.5,no,no,88,30,40,61,21,Just Pass
male,7.4,5.7,7.4,1.9,no,no,49,10,72,22,23,Just Pass
female,6.9,3.5,3.9,7.3,no,no,55,58,30,52,59,Decent
female,7.3,1.7,5.5,6.6,no,no,57,98,70,100,24,Decent
male,6.0,4.8,8.1,4.5,no,no,72,58,40,56,100,Decent
female,8.8,0.3,6.6,1.1,yes,no,50,37,34,22,23,Just Pass
female,5.2,0.8,6.3,4.8,no,no,86,57,100,100,26,Nice
female,7.7,3.7,3.4,2.5,no,no,60,48,95,66,45,Decent
female,8.8,4.0,4.5,0.0,no,no,10,27,20,76,77,Just Pass
male,7.7,0.5,1.4,3.6,no,no,36,72,73,13,50,Just Pass
male,6.7,2.2,5.0,1.3,no,no,89,11,72,38,31,Just Pass
female,6.2,1.8,4.5,1.4,no,no,72,86,90,51,60,Nice
male,8.6,2.0,4.0,2.5,no,no,52,25,97,66,65,Decent
male,4.9,4.9,6.1,2.0,no,no,20,65,48,20,77,Just Pass
male,5.5,4.4,1.6,2.9,no,no,0,44,98,49,79,Decent
female,6.4,3.0,7.3,2.8,no,no,42,88,100,79,81,Nice
female,8.9,1.9,5.8,0.0,no,no,8,85,53,37,3,Just Pass
female,7.6,0.3,3.9,6.0,no,no,71,43,77,92,23,Decent
male,5.5,5.8,3.7,1.0,no,no,76,61,60,32,91,Decent
female,6.5,4.2,5.0,1.1,no,no,28,18,37,46,26,Worst
female,6.1,1.6,7.0,2.3,no,no,97,25,79,26,41,Decent
male,5.9,4.4,4.2,2.8,no,no,73,96,54,68,76,Nice
female,8.5,2.9,4.3,5.9,no,no,28,32,19,38,74,Just Pass
female,4.9,2.4,4.0,3.5,no,no,74,32,95,92,56,Decent
male,9.4,3.9,7.6,4.1,no,no,28,26,100,68,24,Just Pass
male,8.2,1.5,3.3,3.5,no,no,76,58,13,67,19,Just Pass
male,8.6,2.3,3.9,3.5,no,no,24,100,88,100,80,Nice
female,6.3,3.2,6.9,3.6,no,no,52,39,51,29,25,Just Pass
female,6.8,2.0,4.3,0.0,no,no,57,55,59,54,44,Decent
female,4.9,4.3,6.3,2.5,no,no,10,46,54,43,78,Just Pass
male,6.2,6.7,2.2,5.3,no,no,17,35,57,98,94,Decent
male,7.7,1.5,3.6,10.0,no,no,63,88,80,100,100,Good
female,8.9,0.0,7.0,0.6,no,no,58,67,97,87,98,Good
female,5.3,0.0,2.6,3.8,no,no,100,50,83,35,50,Decent
male,6.5,2.7,3.7,1.9,no,no,22,89,45,27,96,Decent
male,6.8,1.7,4.5,7.1,no,no,57,28,91,25,91,Decent
male,4.9,3.4,2.0,0.3,no,no,42,3,91,58,83,Decent
male,7.9,3.3,3.2,4.2,no,yes,13,83,0,21,0,Worst
female,5.9,0.0,4.2,0.2,no,no,68,80,44,37,9,Just Pass
male,6.7,0.0,4.1,2.4,no,no,38,93,100,76,55,Nice
female,6.3,3.6,6.6,2.9,no,no,86,69,82,91,91,Good
female,5.8,3.3,7.1,5.1,no,no,67,58,100,30,57,Decent
female,7.0,2.1,2.3,0.8,no,no,8,62,3,91,88,Decent
male,6.7,0.0,4.2,4.3,no,no,81,28,100,22,42,Decent
male,6.4,3.9,5.3,3.0,no,no,63,82,86,16,10,Decent
male,5.9,5.5,7.0,3.5,no,no,40,61,88,90,83,Nice
male,7.5,3.6,5.4,4.9,no,no,14,100,72,62,75,Decent
female,9.5,1.3,4.6,0.4,no,no,24,67,9,97,48,Just Pass
male,7.2,3.1,5.3,4.6,no,no,54,29,67,60,98,Decent
male,8.5,0.3,5.3,1.9,no,yes,6,34,27,79,69,Just Pass
female,4.9,5.1,2.1,5.2,no,no,62,10,57,28,37,Just Pass
male,7.2,3.2,4.4,3.7,no,no,80,83,83,70,92,Good
female,5.4,0.0,6.9,2.6,no,no,100,68,77,100,52,Nice
female,4.8,2.4,3.6,1.8,no,no,68,40,33,41,66,Just Pass
female,5.9,3.9,4.3,4.6,no,no,78,100,69,10,29,Decent
female,8.8,2.3,3.5,5.5,no,no,76,100,24,22,42,Decent
female,8.4,2.4,0.0,1.9,yes,no,82,79,0,69,28,Decent
female,7.4,0.6,4.0,0.7,no,no,32,28,46,55,37,Just Pass
female,4.7,4.1,4.6,4.4,no,no,34,80,83,61,20,Decent
female,6.7,1.7,3.0,0.1,no,no,12,94,82,79,48,Decent
male,7.5,0.0,1.7,0.4,no,no,51,60,57,84,54,Decent
male,7.3,2.3,2.2,0.9,no,no,9,21,86,47,15,Just Pass
male,4.2,5.0,5.5,2.2,no,no,26,80,11,84,16,Just Pass
male,5.7,2.2,7.9,0.3,no,no,55,94,100,53,9,Decent
female,6.9,6.5,6.8,0.0,no,no,88,63,85,60,0,Decent
male,7.8,3.9,1.3,0.7,no,no,90,23,53,0,29,Just Pass
female,3.7,3.7,5.7,4.3,no,no,81,26,12,20,21,Worst
male,6.8,2.7,2.7,0.5,no,no,36,60,43,83,89,Decent
male,7.2,2.9,2.8,2.3,no,no,89,51,20,34,22,Just Pass
male,8.3,2.5,3.1,6.9,no,no,100,85,81,52,25,Decent
female,8.0,2.4,5.4,2.9,no,no,100,21,28,76,50,Decent
male,7.9,4.1,5.9,3.7,no,no,73,22,57,68,28,Just Pass
female,5.8,1.1,3.8,1.1,no,no,26,42,26,14,12,Worst
female,4.1,0.8,3.8,7.3,no,no,30,47,40,98,97,Decent
male,6.4,0.8,4.9,1.9,no,no,100,72,35,72,66,Decent
male,8.5,7.1,5.1,2.5,no,no,2,33,0,82,2,Worst
male,9.1,4.1,6.4,5.6,no,no,45,84,87,69,62,Decent
female,8.1,3.6,1.4,2.6,no,no,48,76,30,41,3,Just Pass
male,7.6,0.9,4.0,3.1,yes,no,0,16,67,35,33,Worst
female,7.6,4.2,1.9,2.4,no,no,89,90,64,0,35,Decent
female,6.2,2.8,3.9,2.5,no,no,34,84,12,9,88,Just Pass
male,6.8,3.4,3.5,3.7,no,no,9,69,38,20,80,Just Pass
male,9.5,1.0,3.9,4.1,no,no,100,100,71,100,100,Excellent
female,5.6,3.3,2.4,1.7,no,no,31,26,91,88,14,Decent
female,9.4,2.2,1.0,1.5,no,no,87,42,40,49,53,Decent
female,6.5,1.5,0.0,1.8,no,no,46,9,51,19,3,Worst
male,9.0,4.5,3.7,0.2,no,no,60,39,69,8,76,Decent
female,4.9,0.0,3.1,0.0,no,no,28,54,84,29,40,Just Pass
male,7.9,4.1,2.6,3.6,no,no,54,65,96,94,10,Decent
female,5.9,4.4,6.6,4.9,no,no,38,19,62,65,45,Just Pass
female,4.9,1.2,2.3,4.7,no,no,100,17,33,94,42,Decent
male,7.3,1.4,6.8,0.0,no,no,12,47,82,56,82,Decent
female,8.5,2.6,7.2,2.5,no,no,38,29,23,71,23,Just Pass
male,5.7,3.6,0.1,0.8,no,no,82,68,34,54,48,Decent
male,4.8,2.7,4.2,3.3,no,no,56,74,70,11,87,Decent
female,6.9,3.9,3.2,2.2,no,no,61,33,70,45,74,Decent
male,6.9,6.5,0.0,4.2,no,no,61,0,69,82,89,Decent
male,7.8,2.0,1.1,3.0,no,no,12,23,24,53,5,Worst
female,8.4,0.0,5.5,0.0,no,no,9,77,100,51,43,Decent
male,6.9,4.7,8.0,1.1,no,no,96,100,20,55,39,Decent
male,9.8,6.4,5.8,3.0,no,no,28,33,10,39,4,Worst
male,7.3,3.8,4.6,3.2,no,no,45,87,73,58,88,Decent
female,6.5,0.8,4.0,0.2,no,no,72,90,94,17,72,Decent
male,4.6,2.8,7.4,0.0,no,no,25,6,57,98,54,Just Pass
female,6.6,0.8,8.3,3.1,no,no,92,100,78,22,59,Decent
female,6.5,4.3,2.8,0.2,no,no,39,40,47,42,83,Decent
male,8.4,0.3,0.0,0.0,no,no,84,95,3,19,25,Just Pass
male,7.7,2.4,0.0,2.1,no,no,27,53,68,5,33,Just Pass
male,5.2,1.0,6.6,2.0,no,no,33,36,48,78,100,Decent
female,7.3,3.3,3.9,1.2,no,no,84,98,94,99,7,Nice
male,8.0,2.3,4.4,1.6,no,no,37,29,23,79,83,Decent
male,9.3,3.4,0.4,3.0,no,no,42,89,31,26,72,Decent
male,8.3,3.0,2.5,1.6,no,no,80,18,51,50,91,Decent
male,8.1,1.0,3.4,3.1,no,no,74,78,58,15,20,Just Pass
male,7.1,4.3,4.4,2.2,no,no,46,43,42,55,99,Decent
female,7.6,2.9,3.2,3.3,no,no,31,100,38,16,9,Just Pass
female,8.9,1.0,1.9,4.8,no,no,90,32,28,93,47,Decent
male,5.0,7.5,2.4,4.7,no,no,16,38,80,3,6,Worst
male,6.5,4.0,6.4,5.6,no,no,100,79,60,16,21,Decent
male,5.8,2.7,4.5,4.7,no,no,29,100,71,100,100,Nice
male,7.6,5.8,5.2,3.5,yes,no,68,18,42,82,59,Decent
female,8.8,6.7,2.2,2.1,no,no,34,31,49,0,42,Worst
male,6.1,2.7,0.0,2.2,no,no,17,45,69,26,9,Just Pass
female,3.4,3.7,3.0,1.2,no,no,32,17,54,66,44,Just Pass
female,6.4,1.0,2.3,3.0,no,no,31,90,36,62,41,Decent
male,8.4,2.7,4.7,4.4,no,no,26,22,68,100,40,Decent
female,7.8,2.6,10.6,1.5,no,no,36,83,37,51,74,Decent
female,7.6,3.4,5.4,2.9,no,no,94,61,66,8,87,Decent
female,6.6,3.7,9.5,1.6,no,no,19,33,52,10,53,Just Pass
female,5.1,4.1,5.1,3.4,no,no,100,56,10,63,56,Decent
male,7.8,3.5,2.7,1.9,no,no,1,83,74,76,66,Decent
male,5.7,0.6,4.7,1.5,no,no,75,54,37,89,22,Decent
female,10.3,1.1,7.6,1.6,no,no,98,25,100,100,95,Good
male,7.9,1.9,7.7,4.0,yes,no,96,7,31,25,86,Just Pass
male,6.1,2.4,2.8,2.8,no,no,20,83,100,79,60,Decent
male,6.1,5.1,4.5,2.1,no,no,69,33,46,82,18,Just Pass
male,6.9,0.7,1.1,3.5,no,no,20,100,12,93,60,Decent
male,6.6,2.3,5.6,2.2,no,no,44,70,16,50,19,Just Pass
female,8.7,4.9,7.1,5.3,no,no,87,57,22,76,90,Decent
male,7.3,2.4,4.1,1.1,no,no,37,59,8,58,34,Just Pass
male,5.9,3.9,2.7,2.6,no,no,33,47,28,61,33,Just Pass
male,9.8,2.7,4.7,0.2,no,no,11,90,32,28,94,Decent
male,7.1,3.5,4.8,2.3,no,no,11,50,16,73,47,Just Pass
female,8.2,2.5,4.2,0.0,no,no,11,10,43,71,78,Just Pass
female,6.1,4.3,4.4,4.5,no,no,96,68,45,28,72,Decent
female,7.5,0.0,3.7,4.5,no,no,20,81,82,63,50,Decent
female,7.5,2.3,6.0,4.6,no,no,86,93,36,59,29,Decent
male,4.2,3.6,5.5,3.1,no,no,81,98,96,79,84,Good
female,10.0,4.1,2.0,1.2,no,no,52,40,47,62,72,Decent
male,8.9,6.0,2.0,1.4,no,yes,40,2,29,14,0,Worst
male,6.4,2.2,3.5,6.1,no,no,83,67,21,83,42,Decent
male,5.3,6.0,5.5,5.9,no,no,55,100,65,36,86,Decent
male,7.5,1.7,4.3,3.2,no,no,49,100,47,34,100,Decent
male,7.1,5.7,2.7,2.0,no,no,89,92,87,18,79,Nice
female,7.5,4.6,4.5,5.7,no,no,100,34,100,14,80,Decent
female,7.3,1.2,3.3,1.6,no,no,71,55,69,75,97,Nice
female,7.8,3.6,5.8,3.5,no,no,29,35,86,100,38,Decent
female,9.2,2.9,4.7,5.7,no,no,60,52,80,46,16,Decent
male,7.9,4.3,3.4,1.3,no,no,47,1,0,90,30,Just Pass
female,5.4,2.6,4.5,4.7,no,no,89,30,84,74,100,Nice
male,9.0,2.4,6.6,4.0,no,no,81,54,32,37,100,Decent
female,9.5,5.7,2.9,2.9,no,no,49,34,66,0,3,Worst
male,11.7,2.8,4.8,1.0,no,no,71,30,4,75,53,Just Pass
male,5.3,4.7,3.9,1.6,no,no,0,21,29,67,5,Worst
female,7.4,2.5,4.9,3.6,no,no,88,85,62,33,89,Nice
male,3.9,6.3,2.7,0.2,no,no,5,13,17,17,21,Worst
male,7.8,1.6,4.2,3.3,no,no,77,82,81,100,100,Good
female,6.2,1.8,6.2,4.1,no,no,28,53,69,32,22,Just Pass
male,9.9,6.0,2.1,5.0,no,no,14,83,98,86,76,Nice
female,5.8,2.1,1.3,0.2,no,no,0,13,32,13,36,Worst
female,4.5,6.2,1.4,5.6,no,no,92,16,73,49,27,Decent
female,6.3,4.8,1.7,6.4,no,no,69,76,92,58,60,Nice
male,4.0,2.7,5.2,3.8,no,no,44,99,33,55,56,Decent
male,8.1,0.0,1.2,0.9,no,no,82,18,79,32,38,Just Pass
male,3.9,3.0,3.4,2.3,no,no,62,7,39,25,64,Just Pass
female,7.0,3.2,5.2,2.9,no,no,70,100,20,81,74,Decent
male,3.9,5.3,4.8,3.5,no,no,48,11,0,27,7,Worst
female,6.5,6.2,3.2,3.0,no,no,0,23,72,58,57,Just Pass
female,9.5,1.6,4.4,3.6,no,no,38,100,31,97,84,Decent
male,7.5,4.6,4.2,2.8,no,no,13,83,8,86,10,Just Pass
female,5.7,4.5,3.6,3.5,no,no,70,38,53,20,69,Decent
male,7.0,5.1,3.6,2.1,no,no,22,93,32,63,78,Decent
male,7.0,4.0,8.5,2.3,no,no,54,65,78,69,92,Nice
male,7.7,0.0,5.6,1.8,no,no,48,20,23,41,17,Worst
male,4.9,2.7,9.0,6.8,no,no,40,96,39,65,95,Decent
male,7.9,0.7,3.0,5.9,no,no,100,73,60,48,99,Nice
female,2.9,2.6,3.8,4.1,no,no,96,60,55,56,42,Decent
female,6.1,5.0,1.3,5.7,no,no,14,100,88,86,60,Decent
female,6.3,3.6,2.4,4.6,yes,no,75,8,51,80,19,Just Pass
male,7.9,5.3,7.8,3.4,no,no,56,73,98,80,39,Decent
male,7.0,3.7,3.0,0.0,no,no,72,40,16,43,45,Just Pass
male,4.9,0.4,7.8,2.5,no,no,32,44,76,100,32,Decent
female,5.5,0.0,1.5,2.3,no,no,22,78,74,65,46,Decent
male,7.3,3.3,1.9,0.7,no,no,85,62,68,43,26,Decent
female,6.9,2.6,3.3,0.0,no,no,87,83,96,83,21,Nice
female,6.1,1.0,3.9,4.0,no,no,61,100,61,33,63,Decent
male,6.3,0.0,5.8,3.6,no,no,100,75,55,34,100,Nice
male,8.0,1.5,4.9,0.7,no,no,71,37,90,83,29,Decent
female,6.2,2.6,3.2,1.5,no,no,20,54,19,89,67,Just Pass
male,6.9,4.3,3.7,5.3,no,no,42,45,13,17,35,Worst
female,10.3,3.4,3.4,1.2,no,no,13,27,44,76,14,Just Pass
male,4.9,6.2,2.2,3.3,no,no,74,52,21,39,91,Decent
male,4.2,0.9,2.2,2.6,no,no,100,70,44,75,68,Nice
female,8.2,4.8,6.1,4.0,no,no,63,68,100,22,19,Decent
male,6.0,3.1,0.3,1.3,no,no,61,91,30,93,59,Decent
female,6.5,4.4,7.2,3.2,no,no,83,38,79,97,26,Decent
male,5.8,2.1,3.3,3.3,no,no,31,46,34,49,97,Decent
female,6.6,5.1,2.5,3.5,no,no,34,67,31,90,25,Just Pass
female,9.4,3.6,5.5,3.2,no,no,49,68,32,97,88,Decent
male,8.2,1.6,7.0,3.7,no,no,76,17,74,63,36,Decent
female,8.3,3.0,6.2,7.4,yes,no,94,40,31,100,64,Decent
male,4.9,2.5,5.0,8.1,no,no,50,50,96,100,100,Nice
male,5.3,4.0,6.2,1.7,no,no,51,87,72,25,33,Decent
male,2.7,0.6,0.6,0.0,no,no,65,76,32,0,0,Just Pass
female,5.8,2.9,3.0,4.2,no,no,17,37,11,42,64,Just Pass
female,8.4,3.8,2.2,3.4,no,no,55,14,6,52,21,Worst
male,7.8,3.1,6.4,5.1,yes,no,16,22,55,11,74,Just Pass
male,6.7,5.7,3.2,3.6,no,no,54,18,84,15,60,Just Pass
female,7.0,4.5,5.7,3.1,no,no,82,29,65,100,40,Decent
male,6.0,3.0,5.1,5.3,no,no,39,39,59,89,86,Decent
male,7.3,3.4,2.3,5.5,no,no,95,58,99,98,34,Nice
female,8.1,3.6,2.8,0.2,no,no,28,26,14,92,86,Just Pass
male,4.6,3.8,6.6,1.4,no,no,21,58,38,40,37,Just Pass
female,7.4,0.0,2.4,2.8,no,no,58,46,68,80,88,Decent
male,8.4,2.4,4.2,3.2,no,no,96,90,38,27,34,Decent
female,6.4,0.0,2.4,2.5,no,no,17,100,100,66,82,Nice
male,8.1,5.6,3.4,3.9,no,no,34,42,47,22,5,Worst
male,11.2,2.9,3.9,5.0,no,no,78,17,18,29,42,Just Pass
female,6.8,2.6,2.4,6.4,no,no,51,39,33,25,25,Just Pass
male,7.6,4.8,2.1,4.2,no,no,10,13,56,60,48,Just Pass
female,5.9,3.8,4.6,1.3,no,no,34,35,56,95,44,Decent
male,7.3,0.7,2.3,2.7,no,no,91,73,100,21,44,Decent
female,7.7,2.9,2.4,2.8,no,no,100,55,63,54,100,Nice
female,7.3,2.3,2.1,4.0,no,no,12,33,75,77,33,Just Pass
female,5.5,0.0,3.8,3.8,no,no,73,93,38,66,96,Nice
female,7.3,1.6,5.9,7.1,no,no,36,39,36,100,70,Decent
male,9.2,2.6,7.0,2.1,no,no,78,32,70,26,43,Just Pass
male,7.7,2.8,2.5,3.8,no,no,8,75,94,10,28,Just Pass
female,8.4,0.0,8.3,7.7,no,no,36,54,93,73,98,Decent
female,6.6,5.3,2.0,1.8,no,no,72,62,39,50,28,Decent
female,8.1,2.8,6.2,3.3,no,no,19,100,69,37,93,Decent
male,7.4,3.1,2.6,1.1,no,no,29,82,45,15,95,Decent
male,5.6,3.8,2.3,3.2,no,no,98,19,17,83,25,Just Pass
male,7.5,1.4,2.5,1.4,no,no,100,56,78,22,16,Decent
male,5.5,3.9,3.9,5.1,no,no,27,53,64,55,42,Just Pass
female,6.1,2.3,5.2,3.3,no,no,67,100,50,100,57,Nice
female,7.3,1.2,5.3,1.1,no,no,63,100,63,69,38,Decent
female,7.4,4.1,2.1,4.7,no,no,52,19,31,56,100,Decent
male,5.2,6.0,2.0,3.4,no,no,90,88,40,34,75,Decent
male,8.6,4.4,2.2,4.9,no,no,82,26,69,59,100,Decent
male,7.9,4.8,3.8,0.7,no,no,71,26,17,68,32,Just Pass
female,5.9,2.0,3.6,3.7,yes,no,22,31,70,78,26,Just Pass
female,4.7,0.0,2.1,4.5,no,no,58,43,67,79,55,Decent
male,6.8,6.0,4.5,2.2,no,no,46,83,84,77,50,Decent
female,6.3,7.1,8.5,0.5,no,no,25,28,80,4,70,Just Pass
male,7.2,6.1,3.0,2.9,no,no,6,78,46,0,85,Just Pass
male,6.5,2.3,3.1,5.5,no,no,27,100,34,88,61,Decent
female,4.0,0.7,5.1,5.3,no,no,35,100,90,43,45,Decent
male,6.4,0.9,2.9,2.1,no,no,28,42,49,95,39,Decent
female,6.5,0.0,5.3,0.4,no,no,33,80,68,62,78,Decent
male,8.0,2.8,2.6,2.1,no,no,28,56,13,50,59,Just Pass
female,6.0,6.2,7.7,2.1,no,no,47,80,65,79,50,Decent
female,9.5,2.7,4.7,3.9,no,no,62,27,49,86,32,Decent
female,4.1,3.6,2.8,2.8,no,no,29,63,33,70,87,Decent
male,9.0,5.8,2.8,1.5,no,no,84,71,91,62,72,Nice
male,6.7,2.2,3.0,5.2,no,no,69,90,57,65,28,Decent
female,8.3,7.1,6.7,3.3,no,no,80,98,69,94,38,Nice
female,7.1,7.0,1.5,3.9,no,no,88,1,58,85,50,Decent
male,8.7,2.7,2.7,0.0,no,no,13,31,7,29,42,Worst
male,6.4,1.8,2.9,0.0,no,no,41,46,73,79,38,Decent
male,5.4,4.4,4.0,0.1,yes,no,23,10,12,69,51,Just Pass
female,9.1,2.3,3.5,2.0,no,no,40,35,84,66,10,Just Pass
male,6.8,0.7,1.0,4.2,no,no,12,29,72,67,59,Just Pass
male,7.3,5.6,3.2,0.0,no,no,71,71,21,57,16,Just Pass
female,8.9,5.4,3.8,6.2,no,no,21,100,45,26,18,Just Pass
male,5.5,3.3,2.7,3.3,no,no,100,13,78,13,51,Decent
male,7.9,0.5,5.4,5.7,no,no,100,38,78,100,40,Nice
male,6.1,0.5,5.8,1.2,no,no,69,33,77,68,36,Decent
female,6.8,3.2,3.8,4.0,no,no,24,59,24,21,59,Just Pass
female,7.1,2.0,4.5,3.2,no,no,62,90,89,52,100,Nice
female,4.7,2.3,0.0,4.6,no,no,32,13,38,35,74,Just Pass
female,5.8,5.0,3.2,2.5,no,no,24,62,60,86,26,Decent
female,9.0,4.5,6.0,3.9,no,no,91,23,20,59,47,Just Pass
female,8.3,5.8,3.2,5.2,no,no,43,100,37,62,45,Decent
female,6.9,1.0,2.5,1.7,no,no,51,95,70,29,21,Decent
male,7.4,2.3,8.6,3.5,no,no,100,100,44,96,33,Nice
male,6.6,4.5,7.6,0.0,no,no,8,10,88,93,14,Just Pass
female,9.0,3.9,4.9,4.4,no,no,69,58,76,89,62,Decent
male,6.7,6.1,6.3,6.9,no,no,71,30,100,63,81,Decent
male,7.3,3.8,0.0,0.5,no,no,34,52,31,75,51,Just Pass
female,8.7,6.7,2.4,2.8,no,no,77,18,0,13,92,Just Pass
male,5.8,4.1,3.1,4.8,no,no,100,85,65,19,20,Decent
male,9.3,5.1,3.5,3.1,yes,no,32,50,19,29,84,Just Pass
male,4.7,2.4,3.0,3.3,yes,no,37,49,36,10,38,Just Pass
male,9.4,3.0,0.0,2.2,no,no,49,81,67,24,20,Just Pass
male,6.4,4.8,4.8,2.1,no,no,73,51,71,59,95,Decent
female,6.6,6.2,5.1,2.8,no,no,66,26,2,40,46,Just Pass
female,4.2,4.5,7.2,3.1,no,no,27,67,81,91,39,Decent
female,6.3,2.8,2.4,0.6,no,no,4,93,47,20,19,Just Pass
male,5.4,5.8,2.3,2.9,no,no,91,57,52,96,23,Decent
female,6.1,0.0,0.0,6.1,no,no,44,80,47,53,100,Decent
male,6.8,0.2,3.4,2.2,no,no,74,100,53,62,41,Decent
male,8.4,4.4,5.8,0.5,no,no,81,50,70,12,96,Decent
male,7.3,3.0,2.8,2.7,no,no,34,100,81,61,37,Decent
male,7.5,4.2,8.3,1.6,no,no,69,21,44,100,29,Decent
female,5.4,3.1,3.5,0.3,no,no,8,51,67,72,16,Just Pass
female,5.7,4.1,4.3,3.3,no,no,100,27,31,30,47,Just Pass
male,9.7,1.4,1.3,1.6,no,no,8,48,86,47,26,Just Pass
female,5.9,4.1,4.6,1.8,yes,no,30,4,47,29,56,Just Pass
male,9.5,5.0,0.0,3.3,no,no,50,19,74,6,20,Just Pass
female,6.6,5.4,5.4,0.0,no,no,73,15,41,82,77,Decent
female,7.0,7.0,5.4,0.0,no,no,2,22,12,28,73,Worst
male,8.6,3.5,6.7,4.3,no,no,58,27,56,63,42,Just Pass
female,8.9,3.5,2.0,0.0,no,no,23,74,32,23,69,Just Pass
male,6.8,0.0,4.3,1.0,no,no,40,31,42,24,94,Just Pass
female,6.4,1.9,5.1,0.0,no,no,79,43,23,92,61,Decent
male,6.9,2.6,4.9,2.0,no,no,6,7,81,9,42,Worst
male,7.5,5.1,2.3,3.9,no,no,76,12,10,41,46,Just Pass
female,8.3,1.8,0.0,3.2,no,no,86,94,93,78,83,Good
female,7.0,4.6,4.7,7.8,yes,no,93,86,20,33,32,Decent
male,7.9,3.0,3.7,5.2,no,no,75,97,100,57,46,Nice
female,9.5,2.6,2.9,1.1,no,no,34,42,99,57,17,Just Pass
female,7.6,3.5,5.5,0.6,no,no,43,15,40,100,40,Just Pass
male,7.5,2.2,3.9,8.4,no,no,100,35,100,100,33,Nice
male,4.7,2.1,1.4,5.1,no,no,98,70,96,100,42,Good
female,3.1,0.0,0.1,4.2,no,no,51,87,13,74,42,Decent
male,7.6,2.5,1.7,3.1,no,no,99,95,99,31,30,Decent
male,6.9,2.0,8.8,3.5,no,no,100,46,22,46,28,Just Pass
male,6.2,2.0,5.4,0.0,no,no,93,35,21,85,55,Decent
female,7.4,3.8,4.4,3.3,no,no,75,17,65,49,93,Decent
female,6.9,4.3,3.6,3.1,no,no,88,80,11,40,36,Decent
male,8.7,3.5,3.5,1.2,no,no,89,27,16,94,23,Just Pass
female,7.1,5.0,6.3,1.9,no,no,11,50,97,3,30,Just Pass
male,5.9,4.2,3.0,6.0,no,no,100,100,100,64,98,Excellent
female,8.5,2.4,5.2,2.7,no,no,42,84,88,86,61,Nice
male,6.7,2.1,3.3,7.1,no,no,64,25,72,94,34,Decent
male,7.8,3.6,7.9,0.0,no,no,81,2,92,38,72,Decent
female,6.3,4.1,5.5,2.0,no,no,70,82,15,57,19,Just Pass
male,6.0,5.8,6.5,0.0,no,no,84,50,89,0,1,Just Pass
female,7.1,5.4,2.8,0.6,no,no,32,64,27,45,17,Just Pass
female,7.0,1.9,6.1,1.3,no,no,45,23,94,67,24,Decent
male,7.7,2.8,3.4,3.6,no,no,11,95,74,95,68,Decent
male,6.6,4.3,4.2,3.5,no,no,52,83,100,27,54,Decent
female,4.2,5.1,7.3,1.6,no,no,71,88,85,81,71,Nice
male,6.4,4.9,1.9,0.0,no,no,20,24,78,61,41,Just Pass
male,8.2,2.9,4.4,6.0,no,no,63,44,80,83,58,Decent
male,6.6,0.5,4.9,2.4,no,no,34,28,96,52,65,Decent
male,6.6,1.0,5.0,0.8,no,no,84,100,82,43,50,Nice
male,8.5,3.5,3.1,3.5,no,no,12,23,22,76,9,Worst
female,5.9,3.7,8.2,3.4,no,no,83,24,77,100,81,Nice
female,4.7,0.8,1.4,2.4,no,no,43,25,20,46,100,Just Pass
male,6.8,3.1,6.9,3.3,yes,no,1,74,83,88,39,Decent
male,6.3,4.3,6.4,0.7,no,no,85,88,6,58,42,Decent
male,5.6,0.7,7.8,4.5,no,no,71,100,100,100,27,Nice
female,6.7,5.2,0.8,1.0,no,no,50,47,31,12,80,Just Pass
male,7.7,2.2,2.3,1.8,no,no,76,100,20,79,95,Nice
female,7.0,5.5,7.0,4.3,no,no,74,15,100,92,90,Nice
female,7.5,1.9,0.2,5.4,no,no,84,97,15,94,21,Decent
female,9.7,0.9,0.8,6.2,no,no,93,59,64,95,100,Good
male,6.5,2.1,3.0,5.1,no,no,72,59,91,44,16,Decent
female,7.4,2.8,4.4,2.4,yes,no,27,3,22,43,35,Worst
male,6.2,2.2,7.2,0.0,no,no,29,8,57,34,55,Just Pass
female,5.7,2.6,3.6,5.8,no,no,100,47,86,50,99,Nice
male,6.1,3.7,2.8,5.7,no,no,100,29,100,42,87,Nice
female,6.3,2.7,4.6,1.7,yes,no,25,38,0,18,69,Worst
male,7.5,2.9,4.9,4.8,no,no,25,28,29,83,100,Decent
female,10.5,0.0,4.9,2.3,no,no,36,27,64,79,61,Decent
male,5.9,3.8,3.6,6.0,no,no,80,100,54,33,91,Nice
male,6.4,2.8,0.1,2.0,no,no,16,91,40,68,5,Just Pass
male,6.9,6.2,2.2,7.0,no,no,86,100,37,37,52,Decent
male,7.6,1.1,6.8,4.6,no,no,100,89,77,41,24,Decent
female,7.4,0.0,4.4,6.6,no,no,100,100,100,100,100,Excellent
female,8.9,4.2,3.4,2.1,no,no,0,83,16,36,95,Just Pass
male,3.4,3.7,6.2,3.8,no,no,100,70,26,61,13,Decent
female,3.4,1.0,1.7,1.1,no,no,70,29,63,16,49,Just Pass
male,6.3,0.0,3.5,4.7,no,no,27,34,24,80,51,Just Pass
male,8.6,6.1,4.3,4.8,no,no,46,28,72,25,39,Just Pass
female,4.7,5.8,3.1,7.8,no,no,82,96,43,28,57,Decent
male,2.5,0.0,4.2,4.0,no,no,100,77,43,46,20,Decent
male,7.9,2.1,3.6,4.4,no,no,29,58,53,92,31,Decent
female,7.4,6.3,1.2,2.1,no,no,4,0,26,9,49,Worst
male,5.4,2.0,4.4,4.1,no,no,60,39,97,24,14,Just Pass
male,5.5,2.0,1.3,2.2,no,no,99,75,97,6,62,Decent
male,5.5,2.4,4.3,3.2,no,no,100,61,64,51,41,Decent
male,7.2,0.8,6.7,3.3,no,no,39,60,75,45,100,Decent
female,6.1,0.0,3.4,2.3,yes,no,28,28,4,26,57,Worst
female,7.7,5.1,1.7,3.1,no,no,89,59,70,97,69,Nice
female,2.7,0.0,3.7,2.2,no,no,75,98,60,21,13,Decent
male,5.7,3.5,2.3,2.2,no,no,98,91,6,46,27,Decent
male,5.3,4.8,5.2,5.2,no,no,100,14,30,100,100,Decent
female,6.6,0.1,3.7,3.4,no,no,36,63,35,18,58,Just Pass
male,6.2,1.2,7.4,3.7,no,no,94,51,36,88,54,Decent
male,8.2,5.4,6.3,0.1,no,yes,0,22,36,8,58,Worst
male,4.2,4.1,3.7,3.8,no,no,84,63,95,93,6,Decent
male,7.1,1.8,5.4,4.1,no,yes,50,10,66,81,43,Decent
female,7.8,5.4,3.2,2.2,no,no,92,75,44,35,18,Decent
female,9.8,5.4,4.1,7.2,no,no,100,61,54,36,50,Decent
female,6.3,3.5,3.3,0.0,no,no,1,95,34,38,15,Just Pass
male,7.5,1.2,5.5,4.6,no,no,35,21,79,100,22,Decent
female,4.3,2.2,6.9,4.4,no,no,63,33,50,43,56,Just Pass
female,3.4,3.6,5.6,4.1,no,no,92,73,27,100,83,Nice
male,8.3,2.6,5.8,3.4,no,no,93,81,72,93,100,Good
male,7.0,4.9,5.8,4.1,no,no,100,66,47,34,70,Decent
female,8.8,0.0,5.1,4.7,no,no,82,100,22,100,59,Nice
female,4.9,0.0,1.7,1.5,no,no,31,47,8,10,82,Just Pass
female,7.8,3.4,7.4,3.6,no,no,15,54,40,67,63,Just Pass
female,9.8,2.0,7.6,2.6,no,no,36,100,65,49,50,Decent
male,7.6,1.7,3.5,0.8,no,no,70,56,38,45,20,Just Pass
female,7.4,0.0,3.3,4.4,no,no,100,53,20,65,97,Decent
female,7.0,3.0,5.2,1.9,no,no,38,77,28,56,56,Decent
male,4.6,2.9,5.1,0.0,no,no,85,59,7,63,94,Decent
female,9.0,4.3,3.6,1.9,no,no,39,30,94,69,80,Decent
male,6.1,3.1,1.5,1.4,no,no,28,27,29,95,40,Just Pass
male,7.8,2.7,4.6,5.1,no,no,65,54,16,91,89,Decent
male,4.7,5.4,5.1,3.3,yes,no,31,0,53,55,32,Just Pass
female,5.2,0.4,5.5,5.8,no,no,100,100,47,63,31,Decent
female,9.2,4.1,4.7,1.7,no,no,47,19,57,12,52,Just Pass
male,6.5,0.0,3.5,4.7,no,no,46,38,34,24,100,Just Pass
female,9.2,1.3,6.0,8.7,no,no,100,95,100,78,100,Excellent
female,6.9,0.6,4.1,3.7,no,no,100,87,100,81,72,Good
male,4.2,4.6,3.1,4.7,no,no,68,77,69,69,42,Decent
male,8.3,2.9,3.6,4.4,no,no,36,48,81,100,12,Decent
female,6.1,3.0,0.5,0.2,no,no,16,80,35,31,24,Just Pass
male,8.0,0.8,3.6,4.2,no,no,21,70,100,78,100,Nice
female,7.0,2.4,5.4,3.6,no,yes,0,30,29,75,59,Just Pass
female,4.7,1.5,4.7,2.5,no,no,100,90,32,49,80,Decent
female,7.2,3.8,7.0,1.2,no,no,13,28,15,51,80,Just Pass
female,10.3,1.0,3.5,4.4,no,no,63,100,35,100,77,Nice
male,7.7,5.7,5.0,1.1,no,no,65,49,53,51,54,Decent
male,6.9,0.0,5.6,7.3,no,no,100,100,54,100,75,Good
male,8.6,1.4,8.7,3.2,no,no,36,39,84,100,63,Decent
male,7.3,6.4,4.3,0.6,no,no,35,85,30,49,79,Decent
female,7.3,2.1,1.9,2.0,no,no,28,71,91,13,42,Just Pass
female,5.4,0.4,5.7,2.4,no,no,39,75,69,96,98,Nice
male,7.4,3.4,7.7,7.8,no,no,56,68,88,100,100,Good
female,8.6,2.0,3.4,1.2,no,no,61,98,58,14,80,Decent
female,5.7,1.3,5.7,2.8,no,no,14,57,100,67,16,Decent
female,9.1,0.8,6.5,1.9,no,no,53,62,19,61,27,Just Pass
male,6.9,8.5,6.0,4.0,no,no,17,77,5,83,30,Just Pass
male,5.7,2.5,4.3,2.0,no,no,100,34,76,33,90,Decent
male,8.5,0.0,2.6,0.7,no,no,64,35,82,48,93,Decent
female,6.6,6.0,3.8,2.6,no,no,84,75,41,58,2,Decent
male,8.1,4.2,4.9,2.4,no,no,23,16,39,55,36,Just Pass
male,6.6,1.5,5.8,1.8,no,no,91,92,37,100,95,Good
male,6.9,1.1,4.7,1.9,no,no,51,72,33,100,34,Decent
male,7.7,4.3,3.2,5.4,no,no,27,63,100,18,100,Decent
male,7.4,2.5,5.1,2.4,no,no,84,30,37,37,56,Just Pass
male,4.0,0.0,5.7,0.7,no,no,82,84,70,6,99,Decent
female,5.3,6.6,4.8,2.1,no,no,96,77,75,38,39,Decent
female,8.4,2.1,2.3,3.1,no,no,85,55,9,73,39,Decent
male,6.8,6.0,3.6,0.3,no,no,5,29,0,38,27,Worst
male,6.2,5.6,5.9,6.3,no,no,45,37,46,19,100,Just Pass
female,5.0,1.0,1.2,4.7,no,no,58,88,82,32,46,Decent
female,5.4,5.1,0.0,5.9,no,no,16,67,30,21,70,Just Pass
male,4.0,1.7,7.0,3.8,no,no,91,33,13,64,59,Decent
male,6.8,0.0,5.0,0.0,no,no,59,86,35,74,100,Decent
male,6.1,2.2,5.2,6.1,no,no,100,100,29,51,35,Decent
male,5.6,3.8,1.8,1.3,no,no,55,2,18,10,39,Worst
female,6.9,2.1,5.5,1.4,no,no,59,84,40,86,19,Decent
male,7.5,2.4,4.6,3.3,yes,no,2,80,7,80,52,Just Pass
male,10.1,5.3,0.8,5.8,no,no,19,100,75,32,45,Decent
male,4.7,3.2,6.8,5.1,no,no,100,39,41,58,22,Decent
male,8.7,1.3,4.3,4.8,no,no,100,54,83,25,100,Nice
female,8.5,4.4,3.2,2.4,no,no,42,97,60,23,38,Decent
female,5.8,3.4,3.2,2.3,no,no,84,12,92,79,52,Decent
female,7.3,0.0,0.0,3.7,no,no,73,63,19,47,51,Decent
male,6.3,3.9,5.2,2.7,no,no,100,56,27,66,54,Decent
male,7.3,3.8,4.5,4.8,no,no,34,71,97,100,12,Decent
female,9.3,3.0,3.6,4.7,no,no,66,45,94,84,93,Nice
male,7.9,4.8,6.6,4.2,yes,no,35,87,14,40,28,Just Pass
male,7.8,1.7,1.2,0.0,no,no,51,24,7,33,69,Just Pass
female,6.4,3.7,2.8,3.3,no,no,30,68,89,23,10,Just Pass
female,4.8,0.0,2.3,2.8,no,no,60,60,28,86,63,Decent
female,6.7,3.8,3.4,3.3,no,no,67,31,92,16,95,Decent
female,8.8,6.9,4.1,1.5,no,no,1,11,89,0,32,Worst
male,4.7,1.0,4.9,0.4,no,no,78,99,26,14,23,Just Pass
male,5.4,1.5,3.3,3.9,no,no,82,68,96,36,21,Decent
female,7.2,1.6,2.2,2.3,no,no,94,66,48,68,91,Nice
male,5.5,3.3,7.4,4.1,no,no,57,93,93,100,38,Nice
female,5.8,0.9,8.8,1.7,no,no,22,24,56,100,100,Decent
female,6.4,3.8,4.3,5.8,no,no,60,85,21,87,38,Decent
male,5.0,4.7,2.5,5.0,no,no,20,23,78,21,55,Just Pass
female,5.5,4.1,7.0,3.6,no,no,75,85,26,38,56,Decent
male,8.1,0.0,1.1,2.6,yes,no,0,8,86,7,0,Worst
male,5.0,5.0,3.3,4.7,no,no,43,89,47,17,59,Decent
male,4.6,4.9,2.6,3.8,no,no,9,69,9,57,68,Just Pass
male,6.1,4.7,1.7,3.5,no,no,1,39,23,91,75,Just Pass
female,8.1,3.7,3.4,5.1,no,no,100,46,97,79,63,Nice
male,6.7,3.4,2.3,5.9,no,yes,86,1,19,67,68,Just Pass
female,6.3,5.1,4.0,0.5,no,no,49,84,79,44,69,Decent
female,7.1,6.8,4.1,0.9,no,no,14,2,8,38,10,Worst
female,4.4,1.1,2.8,1.4,no,no,94,50,49,96,43,Decent
female,7.7,5.2,3.3,0.0,yes,no,68,0,63,48,0,Just Pass
male,7.6,2.8,3.5,2.9,no,no,91,100,10,51,19,Decent
male,6.4,2.7,5.6,4.2,no,no,68,72,44,47,85,Decent
female,8.5,0.0,3.7,3.0,no,no,21,28,100,23,67,Just Pass
female,5.3,2.4,5.6,1.9,no,no,16,74,67,90,68,Decent
male,8.7,1.0,5.2,5.3,no,no,100,100,92,37,94,Good
female,7.2,2.1,5.1,3.3,no,no,99,72,96,63,39,Nice
male,6.5,0.8,6.8,3.7,no,no,62,64,71,82,59,Decent
female,7.0,2.1,1.8,5.3,no,no,45,42,97,87,73,Decent
male,6.8,2.2,3.1,2.8,no,no,71,16,70,15,16,Just Pass
female,8.8,3.2,7.5,7.1,no,no,100,46,92,25,100,Nice
female,5.4,0.0,3.5,2.1,no,no,84,66,26,81,45,Decent
male,5.9,0.1,0.0,7.0,no,no,81,95,100,65,85,Good
female,8.6,3.7,3.6,1.1,no,yes,0,61,53,0,73,Just Pass
female,6.1,1.4,4.3,4.0,no,no,40,93,39,100,61,Decent
male,8.4,5.1,0.0,1.7,no,no,64,4,49,71,13,Just Pass
female,9.5,3.5,6.7,5.2,no,no,96,93,53,73,37,Decent
male,6.4,4.2,2.6,2.0,no,no,10,57,65,69,5,Just Pass
male,8.0,5.8,4.7,3.6,no,no,21,49,100,18,79,Decent
female,5.3,2.4,3.5,1.7,no,no,72,61,8,100,33,Decent
female,8.1,1.9,1.4,4.9,no,no,50,12,100,100,29,Decent
female,7.3,4.7,1.9,1.7,no,no,52,2,3,60,67,Just Pass
female,7.7,4.0,2.1,6.4,no,no,73,64,58,78,42,Decent
female,6.0,2.6,6.2,1.0,no,no,82,22,53,75,65,Decent
female,4.5,5.8,3.7,0.3,no,no,69,43,15,55,30,Just Pass
female,7.8,2.6,3.0,4.9,no,no,40,47,68,55,45,Decent
male,3.9,3.1,2.1,1.8,no,no,50,86,79,50,44,Decent
female,6.5,3.0,6.4,3.0,no,no,23,100,40,39,42,Just Pass
male,8.4,1.1,6.9,2.4,no,no,98,100,21,58,100,Nice
female,7.3,3.2,6.4,0.4,no,no,86,91,65,45,9,Decent
female,9.9,5.8,5.0,2.8,no,no,30,99,76,29,4,Just Pass
male,8.5,3.9,4.6,5.5,no,no,29,83,100,91,53,Nice
female,6.0,3.1,1.6,5.0,no,no,16,100,24,49,26,Just Pass
female,7.0,2.7,3.5,3.5,no,no,66,73,99,64,83,Nice
male,6.9,3.7,2.6,5.2,no,no,19,90,58,25,45,Just Pass
female,4.6,4.5,0.3,0.9,no,no,58,3,13,37,16,Worst
female,5.6,4.2,6.1,2.3,no,no,72,73,100,81,40,Nice
female,6.2,2.3,2.6,3.8,no,no,70,100,32,53,30,Decent
male,3.9,3.6,6.4,2.7,no,no,91,58,77,59,33,Decent
female,7.1,4.0,5.8,2.5,no,no,43,24,84,76,62,Decent
female,6.6,1.0,5.1,0.6,no,no,96,58,49,44,92,Decent
female,4.5,3.3,5.2,0.0,no,yes,0,42,40,7,9,Worst
female,7.6,0.0,2.8,4.6,yes,no,14,79,60,11,35,Just Pass
male,8.1,4.0,7.7,3.5,no,no,53,64,31,70,90,Decent
male,7.3,4.3,4.1,4.8,no,no,68,30,84,79,11,Decent
female,6.5,4.5,4.6,2.1,no,no,4,93,93,59,31,Decent
female,7.9,2.2,2.7,1.6,no,no,59,80,51,31,48,Decent
male,8.0,3.6,2.1,3.0,no,no,33,30,100,29,63,Decent
male,7.5,5.8,5.0,4.7,no,no,95,88,49,22,22,Decent
female,5.8,5.8,4.4,2.5,no,no,52,33,46,3,42,Just Pass
male,7.4,2.9,2.4,4.6,no,no,68,41,77,52,66,Decent
female,8.8,3.3,1.1,1.0,no,no,90,82,14,12,47,Just Pass
male,6.1,5.2,1.5,2.7,no,no,73,84,87,66,54,Nice
male,10.1,0.0,6.4,2.9,no,no,61,57,98,100,84,Nice
male,6.2,2.4,2.8,5.5,no,no,61,14,100,21,51,Just Pass
male,7.0,5.7,3.3,3.4,no,no,64,18,60,89,6,Just Pass
female,6.0,5.0,6.9,6.5,no,no,37,100,100,82,22,Decent
male,7.3,3.7,1.8,0.3,no,no,2,83,61,80,79,Decent
male,4.4,0.0,2.5,3.3,no,no,42,56,62,26,78,Decent
female,6.2,2.9,2.5,3.4,no,no,83,36,99,96,82,Nice
male,5.4,1.8,7.2,4.2,no,no,43,48,61,100,100,Decent
male,7.2,3.7,8.0,1.4,no,no,19,95,56,96,81,Decent
female,8.5,1.4,5.5,6.4,no,no,44,55,39,100,92,Decent
male,8.0,0.9,5.6,3.0,no,no,82,66,100,24,80,Decent
female,3.4,0.0,2.8,0.8,no,no,61,73,22,22,25,Just Pass
female,10.1,5.4,7.9,3.0,no,no,75,27,27,98,100,Decent
female,7.4,2.2,4.5,2.4,no,no,40,33,18,30,62,Just Pass
female,5.8,3.3,5.7,8.6,no,no,100,61,71,60,48,Decent
male,7.2,3.0,3.8,5.1,no,no,58,78,40,18,33,Just Pass
female,7.3,0.9,3.5,3.1,no,no,63,93,86,74,93,Good
male,6.0,0.5,7.3,2.8,no,no,100,72,48,74,43,Decent
male,7.3,1.0,5.1,4.9,no,no,100,32,91,100,23,Decent
male,6.1,1.6,6.9,5.0,no,no,87,65,40,100,63,Nice
male,6.4,3.7,4.5,0.0,no,no,91,9,19,47,78,Just Pass
male,6.0,1.4,2.3,4.3,no,no,66,20,92,72,53,Decent
male,4.9,6.5,2.8,3.1,no,no,26,54,33,37,76,Just Pass
male,7.2,5.1,4.2,0.4,yes,no,10,74,0,0,61,Worst
male,7.9,4.6,2.7,4.8,no,no,61,89,100,92,91,Good
male,7.8,2.8,1.8,7.5,no,no,78,95,35,72,76,Nice
male,8.2,6.0,6.4,4.1,no,yes,24,53,0,23,50,Worst
female,7.5,2.6,2.9,5.2,no,yes,76,77,23,0,14,Just Pass
female,6.2,2.9,4.3,6.6,no,no,61,94,27,85,27,Decent
female,8.3,3.3,4.6,1.3,no,no,29,64,17,41,55,Just Pass
male,5.0,4.4,2.8,0.0,no,no,0,29,77,18,0,Worst
female,5.6,4.3,6.9,4.3,no,no,100,22,29,99,58,Decent
female,5.6,2.0,1.8,2.5,yes,no,72,36,1,8,0,Worst
female,8.6,1.9,4.5,0.3,no,no,63,94,89,53,12,Decent
male,8.4,4.3,4.5,2.8,no,no,87,62,48,83,91,Nice
male,7.7,4.4,3.9,4.5,no,no,89,26,23,92,72,Decent
male,8.6,2.2,1.4,2.7,no,no,97,68,62,85,68,Nice
male,5.7,0.0,5.7,1.4,no,no,50,58,16,100,52,Decent
female,7.5,2.6,5.5,2.6,no,no,64,100,51,23,50,Decent
female,6.8,4.2,2.6,3.0,no,no,11,18,61,96,32,Just Pass
female,8.3,6.6,5.4,0.0,no,no,87,62,86,0,34,Decent
female,6.8,0.6,4.7,2.7,no,no,100,81,45,38,71,Decent
male,6.4,2.1,1.4,0.3,no,no,75,95,73,5,15,Decent
male,7.8,2.2,2.3,4.3,no,no,55,66,23,100,36,Decent
male,8.3,5.7,6.3,0.0,no,no,44,82,38,37,44,Just Pass
female,6.0,2.9,4.6,5.0,no,no,57,16,36,45,52,Just Pass
male,6.9,1.2,2.9,2.2,no,no,36,19,56,23,88,Just Pass
male,5.4,4.1,2.3,1.9,no,no,50,32,39,13,80,Just Pass
female,3.3,2.2,3.0,3.6,no,no,8,64,100,64,36,Decent
female,7.3,0.6,3.1,1.3,no,no,100,51,98,11,52,Decent
male,7.9,1.2,2.3,3.6,no,no,53,31,69,70,100,Decent
male,7.4,6.5,0.5,1.5,no,no,81,47,6,66,71,Decent
male,4.1,3.8,6.3,1.9,no,no,74,58,57,62,23,Decent
male,6.5,3.2,5.9,3.8,no,no,40,64,91,94,40,Decent
male,3.7,2.5,1.5,0.7,no,no,14,1,0,18,0,Worst
male,9.1,3.6,4.3,0.5,no,no,97,90,41,5,65,Decent
female,5.4,3.6,2.2,3.5,no,no,81,63,8,76,35,Decent
female,8.9,3.6,3.5,2.9,no,yes,3,5,3,61,32,Worst
female,8.4,3.2,3.3,3.3,no,no,12,74,15,56,82,Just Pass
male,5.6,4.7,3.1,3.7,no,no,73,35,100,86,87,Nice
female,5.3,3.0,8.0,3.1,no,no,43,63,29,58,45,Just Pass
male,7.5,1.0,3.1,4.2,no,no,36,48,29,33,37,Just Pass
male,5.7,1.8,2.4,3.2,no,no,81,96,100,55,92,Good
female,7.2,0.0,2.5,0.0,no,no,70,100,54,24,41,Decent
male,6.3,7.1,6.1,0.0,no,no,39,7,66,38,73,Just Pass
male,4.3,4.7,0.7,6.9,no,no,100,9,39,21,21,Just Pass
female,3.7,1.3,2.5,3.0,no,no,71,25,57,22,95,Decent
female,7.3,2.4,6.9,4.9,no,no,100,77,19,100,67,Nice
female,6.2,1.7,4.5,2.3,no,no,28,26,49,20,26,Worst
male,6.2,6.1,4.4,2.9,no,no,29,81,55,22,53,Just Pass
female,8.0,0.2,8.3,2.1,no,no,28,58,69,100,100,Nice
female,8.8,3.2,4.5,7.9,yes,no,37,68,47,64,45,Decent
male,6.6,2.8,2.6,3.5,no,no,100,52,85,65,24,Decent
female,6.5,4.7,3.4,1.9,no,no,95,89,49,83,56,Nice
female,7.8,2.8,1.7,0.0,no,no,71,0,58,47,78,Decent
female,5.0,0.0,6.5,6.9,no,no,82,100,48,52,42,Decent
male,7.3,2.5,5.1,2.7,no,no,87,74,95,51,13,Decent
male,7.8,1.1,6.2,4.5,no,no,75,84,56,95,25,Decent
male,8.0,3.2,6.4,4.7,no,no,15,56,63,100,38,Decent
male,4.1,5.9,3.2,2.1,no,no,42,0,27,19,0,Worst
female,5.9,0.0,2.1,4.3,no,no,75,84,100,42,58,Nice
male,5.7,1.4,3.9,1.8,no,no,33,89,97,39,76,Decent
male,7.1,1.9,2.3,1.0,no,no,21,9,23,60,72,Just Pass
female,7.7,2.2,4.3,5.3,no,no,43,60,91,43,79,Decent
female,9.2,4.5,6.3,2.7,no,no,68,22,16,95,35,Just Pass
female,6.3,2.7,3.7,4.0,no,no,24,71,12,100,83,Decent
male,6.3,3.8,4.3,3.8,no,no,80,86,91,75,65,Nice
male,8.7,1.7,3.8,4.3,no,no,56,80,27,100,100,Nice
male,7.4,3.5,5.6,0.0,no,no,34,30,14,27,46,Worst
female,8.9,4.6,2.7,1.8,no,no,77,10,57,78,15,Just Pass
female,7.4,1.5,0.0,2.4,no,no,53,82,84,70,66,Nice
male,5.3,4.6,4.9,1.3,no,no,36,31,17,25,14,Worst
female,5.0,3.1,6.0,3.9,no,no,99,14,23,43,100,Decent
female,4.7,5.1,4.9,5.4,no,no,45,66,16,57,79,Decent
female,8.0,2.6,2.7,5.7,no,no,99,38,16,93,89,Decent
male,8.8,3.8,1.7,2.3,no,yes,24,58,0,61,41,Just Pass
female,9.8,2.9,5.0,3.6,no,no,31,25,100,74,20,Decent
female,8.3,2.8,4.3,3.9,no,no,72,54,20,83,57,Decent
male,8.7,3.5,3.7,4.2,no,no,37,34,68,35,74,Just Pass
male,6.1,4.1,7.6,1.2,no,no,18,72,96,78,26,Decent
female,5.3,0.5,2.1,6.6,no,no,29,75,83,81,88,Nice
female,8.3,5.9,7.6,4.9,no,no,35,90,14,33,92,Decent
male,7.6,0.0,4.1,4.9,no,no,93,65,79,100,47,Nice
male,7.2,1.6,0.3,5.4,no,no,95,12,100,63,31,Decent
female,7.6,2.8,3.6,4.1,no,no,96,31,42,89,98,Nice
female,7.5,3.8,5.9,0.9,no,no,29,100,33,54,2,Just Pass
female,8.9,6.2,3.3,2.7,no,no,63,37,21,90,22,Just Pass
female,8.9,0.0,1.1,0.0,no,no,24,63,51,15,41,Just Pass
male,7.8,2.0,3.7,3.8,no,no,73,100,34,65,78,Decent
female,8.3,0.0,2.3,2.7,no,no,99,13,83,13,100,Decent
female,7.8,3.1,5.0,2.9,no,no,12,73,72,27,45,Just Pass
male,6.3,3.5,5.5,5.4,yes,no,98,28,40,28,94,Decent
female,8.1,6.2,1.9,2.1,no,no,75,20,65,40,29,Just Pass
male,4.9,3.2,2.6,2.5,no,no,79,25,12,85,72,Decent
female,8.6,5.1,5.5,3.0,no,no,73,86,78,50,20,Decent
female,5.2,4.2,2.3,0.0,no,no,69,29,52,48,38,Just Pass
male,7.4,2.1,1.8,2.5,no,no,100,10,67,96,91,Nice
male,5.7,0.2,1.6,0.0,no,no,78,10,7,76,32,Just Pass
female,7.8,3.6,4.7,1.8,no,no,38,17,64,8,13,Worst
female,6.9,0.0,4.6,4.7,no,no,82,100,70,38,73,Nice
female,4.6,5.6,2.6,3.9,no,no,33,42,48,2,43,Just Pass
male,7.6,2.7,4.0,1.8,no,no,100,95,36,10,26,Decent
female,6.1,5.4,7.1,3.1,no,no,96,87,6,39,96,Decent
male,8.3,2.0,2.1,0.9,no,no,56,83,42,72,60,Decent
male,7.0,3.5,0.1,3.0,no,no,78,28,40,24,34,Just Pass
female,7.6,3.4,4.9,8.9,no,no,100,52,67,64,100,Nice
male,5.6,2.9,3.8,6.7,no,no,42,74,79,57,31,Decent
female,6.1,2.1,2.6,3.1,no,no,64,48,36,66,91,Decent
female,6.3,3.8,5.3,3.3,no,no,56,58,34,97,31,Decent
female,8.3,1.1,5.7,1.0,no,no,85,13,57,100,31,Decent
female,9.5,0.6,0.0,1.4,no,no,39,99,61,62,51,Decent
female,5.8,5.5,2.7,3.7,no,no,71,6,57,51,67,Decent
male,8.6,4.5,8.6,2.0,no,no,47,24,95,75,76,Decent
male,3.7,3.1,5.2,4.8,no,no,20,76,85,75,11,Decent
female,5.2,6.3,5.4,6.1,no,no,20,25,15,62,38,Worst
female,5.6,2.5,6.3,3.7,no,no,25,24,70,87,80,Decent
male,5.0,5.6,4.0,3.2,no,no,4,16,42,50,89,Just Pass
male,4.6,3.4,5.6,0.0,no,no,51,4,34,97,64,Decent
male,7.6,1.0,5.4,4.5,no,no,86,44,100,23,45,Decent
male,6.7,6.7,5.1,0.7,no,no,5,20,38,37,43,Worst
female,7.6,5.0,3.4,2.2,no,no,60,48,70,38,63,Decent
female,8.0,2.8,4.3,4.9,no,no,73,57,100,91,27,Decent
male,7.4,4.5,2.8,5.1,yes,no,7,40,8,12,47,Worst
female,8.0,2.2,4.0,2.1,no,no,46,67,11,49,53,Just Pass
male,6.9,4.7,1.7,2.2,no,no,72,20,28,66,30,Just Pass
female,5.2,0.0,2.4,1.6,no,no,9,21,12,68,70,Just Pass
male,8.6,1.0,3.4,0.6,no,no,18,91,15,58,67,Just Pass
female,6.1,5.0,2.1,1.7,yes,no,79,43,79,23,77,Decent
male,5.6,2.5,3.0,0.0,no,no,71,4,94,73,40,Decent
male,6.7,3.4,3.7,4.4,no,no,56,100,79,74,63,Nice
female,5.6,0.3,4.8,3.8,no,no,79,86,92,100,32,Nice
male,6.4,6.7,5.9,4.1,yes,no,73,4,3,62,43,Just Pass
female,7.5,5.4,3.1,1.1,no,no,78,90,53,8,0,Just Pass
female,7.5,2.6,6.7,0.6,no,no,37,41,20,66,19,Just Pass
male,5.7,2.2,5.9,3.1,no,no,61,100,49,16,29,Decent
female,6.3,5.1,5.0,3.1,no,no,67,14,38,42,67,Just Pass
female,8.6,7.0,4.3,2.7,no,no,4,12,58,38,53,Just Pass
female,7.7,4.9,4.6,2.4,no,no,95,66,8,86,80,Decent
female,10.1,7.3,6.4,6.4,no,no,53,12,20,28,56,Just Pass
female,8.8,1.2,6.4,3.9,no,no,55,19,78,82,65,Decent
male,8.7,1.4,6.7,6.9,no,no,100,100,90,46,43,Nice
female,4.9,0.6,4.1,5.5,no,no,31,36,53,100,94,Decent
female,8.1,3.9,5.1,6.4,no,no,20,100,31,69,17,Just Pass
female,6.9,3.4,6.7,0.9,no,no,72,46,92,74,46,Decent
female,6.2,2.7,2.8,4.2,no,no,48,97,15,74,28,Decent
female,7.3,4.6,3.4,2.1,no,no,75,40,70,29,76,Decent
male,8.4,5.5,4.0,0.0,no,no,0,45,6,82,59,Just Pass
female,7.8,0.0,5.8,6.0,no,no,64,57,89,88,96,Nice
male,5.7,1.8,5.8,2.4,no,no,34,76,77,62,25,Decent
male,8.1,4.6,3.5,0.9,no,no,69,27,76,48,62,Decent
male,6.0,2.1,1.0,2.2,no,no,24,24,41,91,71,Decent
male,7.3,1.4,4.5,1.4,no,no,52,15,9,12,7,Worst
female,6.5,5.0,2.2,1.6,no,no,76,0,76,33,26,Just Pass
male,6.7,0.4,1.0,2.6,no,no,99,38,52,92,16,Decent
male,8.1,2.4,1.5,6.5,no,no,87,88,99,18,83,Nice
female,5.4,3.7,4.7,1.7,no,no,44,22,79,65,23,Just Pass
female,9.9,1.9,6.7,6.3,no,no,81,53,73,64,50,Decent
female,4.3,4.6,4.1,4.7,no,no,73,95,100,25,12,Decent
male,6.1,1.9,4.4,3.8,no,no,100,76,59,74,61,Nice
female,7.6,5.8,6.4,4.5,no,no,96,99,77,91,11,Nice
female,7.9,2.7,0.9,3.0,no,no,96,94,69,49,87,Nice
male,6.8,4.3,5.0,5.6,no,no,94,19,64,27,15,Just Pass
female,6.9,4.5,4.0,4.1,no,no,21,100,65,37,13,Just Pass
female,7.6,1.7,5.1,0.0,no,no,77,8,82,100,67,Decent
female,6.7,0.0,3.0,3.6,no,no,96,100,72,26,100,Nice
female,9.1,3.7,2.4,4.6,no,no,95,62,53,24,97,Decent
male,8.3,3.1,4.3,2.4,no,no,97,58,71,100,13,Decent
female,8.3,4.1,7.3,3.3,no,no,60,81,13,98,38,Decent
female,5.6,2.5,5.7,1.8,no,no,72,94,17,77,59,Decent
male,6.9,2.1,3.0,0.2,no,no,0,60,11,14,1,Worst
female,6.5,7.0,1.3,0.0,no,no,41,26,26,8,36,Worst
male,5.5,0.1,0.6,0.0,no,no,47,11,87,18,44,Just Pass
female,7.5,4.5,6.6,4.3,no,no,100,89,75,74,69,Good
male,6.2,1.9,2.1,0.0,no,no,88,10,95,37,90,Decent
male,8.0,2.3,3.3,1.7,no,no,83,76,7,8,31,Just Pass
male,5.4,2.4,6.6,1.5,no,no,13,60,80,37,71,Decent
male,9.6,1.4,0.8,2.4,no,no,44,42,35,90,46,Decent
female,5.7,4.1,7.0,0.0,yes,no,54,46,0,64,28,Just Pass
male,7.3,5.8,3.5,3.8,no,no,4,79,84,66,66,Decent
female,8.2,3.9,1.7,0.5,no,no,17,88,10,2,89,Just Pass
male,6.1,3.2,3.5,5.3,no,no,100,39,34,100,99,Nice
male,8.3,1.0,2.6,1.8,no,no,18,100,40,59,69,Decent
male,5.2,4.0,4.9,2.8,no,no,10,100,83,54,51,Decent
female,9.2,7.3,2.7,3.0,no,no,52,75,56,87,36,Decent
male,7.0,2.2,0.2,3.5,no,no,99,93,31,5,83,Decent
female,6.1,2.2,3.6,3.1,no,no,92,78,25,64,30,Decent
female,6.6,1.9,1.3,2.1,no,no,100,6,13,82,61,Decent
female,8.2,2.0,4.4,3.7,no,no,87,69,26,18,62,Decent
female,6.1,0.0,1.6,3.9,no,no,57,88,100,49,78,Nice
female,5.9,3.8,3.0,1.5,no,no,93,93,91,96,17,Nice
female,6.7,1.3,4.4,3.9,no,no,57,72,100,36,84,Decent
female,5.2,0.0,3.6,5.4,yes,no,41,85,89,59,68,Decent
female,9.7,4.5,4.5,4.4,no,no,52,78,96,82,26,Decent
female,6.2,0.8,5.4,4.9,no,no,100,48,100,59,64,Nice
male,8.2,2.3,1.7,3.3,no,no,97,21,100,46,73,Decent
male,7.3,5.9,3.9,1.1,no,no,29,69,78,0,84,Decent
male,5.5,0.2,0.0,1.4,no,no,49,26,49,22,15,Worst
male,7.0,0.0,4.5,3.6,no,no,100,41,49,100,17,Decent
male,8.2,3.5,3.4,4.9,no,no,15,75,69,92,27,Decent
female,6.7,5.3,2.0,8.6,no,no,93,93,75,45,100,Good
female,8.8,0.0,4.6,5.0,no,no,66,79,78,59,97,Nice
female,8.5,3.8,6.3,0.7,no,no,39,90,72,46,63,Decent
female,8.4,4.2,3.0,1.5,no,no,42,19,67,32,11,Just Pass
female,6.3,0.0,2.1,7.6,no,no,66,50,33,90,66,Decent
female,5.4,4.6,4.3,2.6,no,no,77,65,30,3,73,Just Pass
female,6.1,4.8,1.3,3.1,no,no,91,81,87,87,88,Good
male,7.3,2.4,2.7,1.1,no,no,50,54,60,31,39,Just Pass
male,7.8,5.5,6.4,6.1,no,no,97,15,46,100,100,Nice
male,3.7,5.3,4.1,4.0,yes,no,57,51,69,29,0,Just Pass
male,7.0,3.2,0.2,1.5,no,no,29,77,20,73,34,Just Pass
female,7.2,2.1,0.4,1.0,no,no,56,25,38,80,85,Decent
female,6.6,1.1,4.3,3.6,no,no,80,19,41,44,78,Decent
female,8.9,2.9,5.7,3.1,no,no,12,61,97,74,91,Decent
male,7.6,4.1,0.8,4.7,no,no,44,9,77,65,95,Decent
female,9.0,2.4,4.9,4.1,no,no,100,54,59,60,63,Decent
female,6.7,0.0,6.7,2.5,no,no,80,18,100,63,40,Decent
female,8.4,5.5,7.8,1.9,no,no,36,25,95,33,72,Decent
male,9.5,3.4,4.7,2.7,no,no,31,44,77,37,62,Decent
female,9.0,2.2,5.0,1.9,no,no,27,18,96,61,84,Decent
male,5.4,4.7,0.0,2.7,no,no,36,7,67,0,47,Worst
male,6.6,6.0,8.2,3.0,no,no,25,88,68,99,87,Nice
male,6.5,0.0,2.8,1.2,no,no,20,11,49,71,97,Just Pass
male,7.7,3.9,2.1,4.3,no,no,42,74,33,50,80,Decent
female,8.0,0.1,3.5,2.3,no,no,71,92,17,17,85,Decent
male,5.7,4.0,7.0,1.3,yes,no,3,2,69,52,47,Just Pass
male,7.1,3.3,8.4,2.3,no,no,15,30,23,12,58,Worst
female,4.0,4.3,4.3,3.5,no,no,5,66,43,69,99,Decent
female,9.2,2.0,6.0,3.2,no,no,39,44,36,20,77,Just Pass
male,6.2,0.0,4.1,3.8,no,no,36,64,62,82,100,Decent
female,7.1,2.1,1.9,4.8,no,no,65,95,43,52,62,Decent
male,6.5,3.8,7.0,5.6,no,no,62,30,99,83,72,Decent
male,8.7,5.0,2.8,3.6,no,no,34,63,99,15,68,Decent
male,2.7,0.7,7.1,0.9,no,no,85,96,96,13,74,Nice
male,7.0,5.1,6.6,2.5,no,no,54,9,66,28,48,Just Pass
female,6.8,1.7,5.2,1.0,no,no,15,12,100,47,41,Just Pass
male,6.3,3.7,7.7,6.4,no,no,50,76,61,46,44,Decent
female,9.6,2.0,8.5,7.0,no,no,100,100,80,36,70,Nice
female,5.7,3.4,3.6,4.3,no,no,100,31,34,41,30,Just Pass
female,8.2,4.8,2.4,4.7,no,no,30,38,94,75,46,Decent
female,7.5,0.5,0.3,3.5,no,no,25,18,26,67,96,Just Pass
male,8.9,1.6,8.5,3.7,no,no,68,55,80,100,100,Nice
female,6.0,3.4,3.1,0.0,no,no,44,0,75,39,53,Just Pass
male,5.9,7.8,6.3,2.9,no,no,39,36,57,31,12,Just Pass
female,8.6,1.3,2.5,1.2,yes,no,41,44,0,58,31,Just Pass
female,7.6,7.1,7.1,3.6,no,no,26,100,64,44,63,Decent
male,4.7,7.0,2.6,2.9,no,no,4,74,69,54,30,Just Pass
male,6.2,2.8,1.6,6.9,no,yes,48,73,9,85,11,Just Pass
male,7.6,2.4,3.6,4.8,no,no,100,35,86,62,35,Decent
female,8.3,1.6,2.9,3.6,no,no,24,19,98,60,58,Decent
female,6.0,2.9,5.2,2.5,no,no,78,68,100,85,29,Nice
male,2.6,0.2,3.9,6.4,no,no,57,66,55,89,38,Decent
male,7.8,2.8,5.3,2.9,no,no,38,60,11,60,96,Decent
male,5.2,6.0,3.4,3.7,no,no,86,11,42,7,78,Just Pass
male,4.0,1.8,2.7,3.1,no,no,49,53,70,100,9,Decent
female,2.8,2.5,2.8,2.2,no,no,53,10,84,32,27,Just Pass
male,8.2,0.0,8.1,3.1,no,no,65,63,100,52,74,Decent
male,7.2,3.7,4.5,0.0,yes,no,0,0,72,80,0,Worst
male,6.7,3.5,0.0,0.0,no,no,50,76,56,78,59,Decent
male,9.1,3.1,3.0,3.7,no,no,48,8,75,40,45,Just Pass
female,8.0,2.6,4.2,6.1,no,no,26,100,18,48,57,Just Pass
male,9.4,2.4,7.7,3.7,no,no,75,100,52,88,42,Nice
female,4.9,4.0,6.1,1.6,no,no,3,78,93,36,36,Just Pass
male,6.9,2.9,2.2,0.1,no,no,16,94,64,21,82,Decent
male,4.6,3.6,8.8,4.6,no,no,94,21,62,100,94,Nice
female,6.7,3.4,3.9,1.9,no,no,6,67,13,59,96,Just Pass
male,6.6,5.2,6.5,4.3,no,no,73,93,33,85,78,Nice
female,7.9,4.4,1.7,3.8,yes,no,81,0,42,58,44,Just Pass
female,7.1,3.4,0.0,4.0,no,no,20,61,92,78,28,Decent
male,7.9,6.0,1.2,3.1,no,no,37,35,5,86,62,Just Pass
female,8.1,3.8,0.0,3.8,no,no,58,44,16,51,91,Decent
female,10.2,5.6,8.2,2.8,no,no,51,97,71,81,12,Decent
female,6.5,4.2,4.4,1.7,no,no,63,54,30,80,45,Decent
female,5.6,0.0,2.2,1.1,no,no,46,15,22,100,20,Just Pass
female,7.4,5.6,4.9,0.0,no,no,7,86,10,64,74,Just Pass
female,5.8,3.3,4.4,2.6,no,no,14,24,55,95,67,Decent
female,9.2,2.9,5.2,6.0,no,no,92,100,76,27,100,Nice
female,6.6,3.6,6.4,4.5,no,no,37,100,100,26,20,Decent
male,6.2,2.3,3.4,3.5,no,no,93,96,61,24,99,Nice
male,6.3,3.5,2.2,1.5,no,no,73,66,68,13,5,Just Pass
female,8.1,1.8,5.7,5.0,no,no,23,93,37,27,47,Just Pass
male,6.8,5.5,5.6,2.8,no,no,23,72,74,15,18,Just Pass
female,6.0,2.8,4.2,6.1,no,no,46,63,81,100,31,Decent
female,9.5,2.2,8.4,1.0,no,no,69,37,31,37,27,Just Pass
male,5.7,1.2,3.1,1.5,no,no,86,34,72,53,54,Decent
female,7.1,3.5,2.2,1.3,no,no,4,71,19,80,76,Decent
female,8.0,3.4,4.8,0.0,no,no,22,60,57,9,87,Just Pass
female,4.6,3.8,2.7,1.1,no,no,33,54,62,27,52,Just Pass
female,7.7,0.9,5.0,3.2,no,no,32,79,83,29,29,Decent
male,5.4,0.0,2.3,1.6,no,no,62,85,98,14,15,Decent
female,8.2,4.3,3.2,0.0,no,no,41,68,88,90,43,Decent
female,5.6,6.0,7.8,5.1,no,no,43,22,93,97,88,Decent
female,8.0,0.9,3.2,0.0,no,no,53,38,89,89,64,Decent
male,8.7,6.2,2.4,4.2,no,no,35,26,1,86,58,Just Pass
female,8.3,3.6,6.3,3.1,no,no,43,62,45,24,13,Just Pass
male,7.4,3.0,1.9,7.2,no,no,42,22,19,94,57,Just Pass
male,6.7,2.2,2.6,5.0,no,no,67,89,35,85,68,Decent
female,6.1,0.2,5.2,2.0,no,no,57,23,51,100,72,Decent
female,9.2,5.0,5.9,1.6,no,no,20,28,87,22,1,Worst
male,6.0,1.4,6.4,6.0,no,no,25,100,75,65,43,Decent
female,5.4,1.4,2.5,0.0,no,no,15,5,64,29,94,Just Pass
male,8.0,5.0,5.2,3.4,no,no,9,71,41,30,55,Just Pass
male,5.8,0.0,3.1,2.7,no,no,55,100,72,77,82,Nice
female,5.6,0.0,2.8,2.3,no,no,33,72,92,27,41,Decent
female,4.8,3.0,6.4,3.7,no,no,54,83,42,58,70,Decent
male,6.3,3.6,2.9,3.4,no,no,37,84,98,69,40,Decent
male,6.9,4.0,4.6,3.9,no,no,61,30,29,21,37,Just Pass
male,7.4,2.4,4.3,3.3,no,no,82,68,100,35,51,Decent
male,8.4,8.1,1.9,3.8,yes,no,26,9,0,75,24,Worst
female,7.8,2.5,5.9,3.2,no,yes,0,11,41,66,20,Worst
female,6.7,2.5,5.1,1.7,no,no,7,25,100,73,31,Just Pass
female,6.7,1.4,0.0,3.0,no,no,26,63,65,90,67,Decent
female,7.8,3.2,4.6,1.6,no,no,45,82,58,4,41,Just Pass
female,8.9,4.2,2.5,1.4,no,yes,0,59,40,0,0,Worst
male,7.2,5.4,6.2,2.3,no,no,34,44,30,17,77,Just Pass
female,6.3,0.0,1.1,2.8,no,no,98,47,15,59,82,Decent
female,5.5,2.5,3.3,3.1,no,yes,0,51,8,39,71,Just Pass
female,4.8,3.9,4.7,4.8,no,no,100,88,27,21,65,Decent
female,8.0,4.2,4.1,2.0,no,no,86,26,93,8,28,Just Pass
female,7.9,3.0,5.5,3.4,no,no,93,39,95,92,96,Good
male,7.9,4.1,1.0,3.2,no,no,86,53,31,46,28,Just Pass
male,6.8,1.4,7.3,1.8,no,no,20,56,95,100,77,Decent
male,9.1,6.1,5.1,3.1,no,no,16,71,22,23,20,Worst
female,6.3,5.0,6.7,5.0,no,no,25,62,31,76,74,Decent
male,8.4,0.3,5.7,3.4,no,no,29,29,94,98,100,Decent
male,6.9,0.8,4.0,3.5,no,no,46,30,46,100,67,Decent
female,6.1,0.9,1.4,1.6,no,no,87,94,10,34,51,Decent
female,7.9,4.4,2.9,6.9,no,yes,14,11,60,8,88,Just Pass
female,7.6,0.4,7.2,1.7,no,no,38,19,100,36,16,Just Pass
male,7.5,2.3,6.8,0.0,no,no,71,77,60,70,37,Decent
male,7.1,3.9,2.8,4.7,no,no,17,76,34,60,99,Decent
female,6.9,2.9,0.0,2.8,yes,no,22,46,23,45,50,Just Pass
female,10.6,3.5,3.6,2.4,no,no,32,53,67,5,57,Just Pass
male,8.8,0.9,3.4,1.9,no,no,92,100,78,47,71,Nice
male,8.1,4.2,3.5,6.7,no,no,65,25,100,45,46,Decent
female,7.2,1.8,5.1,3.7,no,no,78,65,100,100,21,Nice
female,8.5,2.4,5.8,4.1,no,no,27,71,100,92,42,Decent
male,7.8,3.5,6.0,3.3,no,no,100,12,74,52,43,Decent
female,7.0,3.2,4.9,3.5,no,no,41,50,53,72,56,Decent
male,6.5,3.0,0.4,5.8,no,no,80,88,77,14,49,Decent
male,6.9,1.5,3.3,2.5,no,no,100,55,74,71,60,Nice
male,2.2,2.4,8.6,0.1,no,no,46,83,17,5,15,Just Pass
male,7.3,3.0,4.7,4.7,no,no,63,77,63,84,31,Decent
female,6.3,0.2,4.7,4.0,no,no,29,94,38,75,53,Decent
female,9.4,2.1,4.7,3.2,no,no,50,91,100,41,58,Decent
male,7.0,3.8,4.8,3.9,no,no,94,77,41,46,43,Decent
male,5.2,0.4,0.0,2.3,no,no,18,79,85,14,62,Decent
male,6.9,5.3,3.5,3.0,no,no,92,70,38,33,32,Decent
male,5.4,5.5,3.9,2.7,no,yes,41,30,51,71,0,Just Pass
male,7.7,0.5,6.6,1.8,no,no,56,70,36,62,100,Decent
female,7.4,5.7,4.1,5.4,no,no,62,26,84,55,28,Decent
female,8.4,2.7,0.7,0.2,no,no,9,76,11,56,90,Just Pass
female,5.8,3.8,4.9,7.7,no,no,41,51,69,68,100,Decent
female,7.1,2.0,2.4,4.8,no,no,41,66,24,48,82,Decent
male,5.0,4.8,1.6,0.0,no,no,28,14,42,3,40,Worst
male,8.1,3.8,2.3,2.6,no,no,92,70,83,64,80,Nice
male,7.8,1.4,5.1,2.7,no,no,48,100,87,86,99,Good
male,7.7,0.7,6.5,3.8,no,no,71,99,24,100,89,Nice
male,7.0,0.1,5.0,1.0,no,no,26,71,59,10,20,Just Pass
female,7.6,3.4,5.3,3.1,no,no,81,64,93,14,8,Decent
male,9.4,4.1,4.9,2.8,no,no,61,53,70,94,24,Decent
female,6.6,4.3,4.2,1.5,no,no,43,20,5,63,18,Worst
female,7.2,2.8,5.4,1.2,yes,no,83,23,21,84,7,Just Pass
female,5.4,0.7,0.0,4.8,no,no,100,52,67,55,62,Decent
female,5.7,1.6,4.2,0.0,no,no,67,96,19,43,54,Decent
male,7.1,5.3,1.9,4.0,no,no,93,43,69,35,73,Decent
female,8.7,2.0,6.3,4.6,no,no,74,76,81,32,38,Decent
female,6.6,3.3,3.7,2.6,no,no,87,97,25,42,14,Decent
female,6.6,0.8,4.1,3.1,no,yes,28,39,43,0,54,Worst
male,6.4,3.7,1.0,5.3,no,no,16,33,89,58,56,Decent
male,6.2,2.1,6.0,1.6,no,no,100,46,45,92,74,Nice
male,7.4,5.1,5.3,1.8,no,no,16,37,24,32,38,Worst
female,4.8,4.5,5.1,2.0,no,no,26,72,71,10,76,Decent
female,8.9,2.0,2.4,5.3,no,no,30,43,21,100,82,Decent
male,6.0,2.7,2.5,5.6,no,no,46,86,96,25,78,Decent
female,8.1,1.9,4.4,0.2,no,no,30,90,96,54,4,Decent
male,5.1,0.2,2.6,5.0,no,no,78,51,100,98,100,Good
male,8.0,1.3,4.9,4.6,no,no,100,30,60,42,54,Decent
female,8.0,3.4,0.0,6.1,yes,no,0,57,56,78,7,Just Pass
female,7.6,3.7,3.0,3.8,no,no,83,42,91,61,81,Nice
female,5.5,3.3,7.6,2.9,no,no,23,64,33,44,59,Just Pass
female,7.4,2.4,4.9,5.3,no,no,18,80,19,100,20,Just Pass
male,5.2,4.9,4.3,4.4,no,no,70,47,45,69,85,Decent
male,6.6,3.1,8.0,7.5,no,no,100,100,100,87,69,Excellent
male,8.5,4.4,0.0,4.9,no,no,20,42,53,53,78,Just Pass
male,8.2,0.0,2.4,3.3,no,yes,22,18,41,15,63,Worst
male,7.0,0.0,3.2,0.7,no,no,22,94,75,36,15,Just Pass
female,5.5,3.6,5.7,1.8,no,no,94,17,61,12,65,Just Pass
male,8.0,0.2,5.8,0.1,no,no,35,20,13,32,44,Worst
male,7.0,2.6,2.3,2.6,no,no,48,97,60,31,58,Decent
male,3.5,2.4,6.0,4.9,no,no,100,31,75,16,19,Just Pass
female,8.2,6.2,3.2,3.0,no,no,53,12,62,9,56,Just Pass
female,7.0,3.8,6.4,5.0,no,no,100,68,87,42,92,Nice
female,8.8,3.3,1.9,3.7,no,no,97,9,56,72,100,Decent
female,5.4,4.7,3.8,2.2,no,no,46,62,90,18,32,Just Pass
male,2.2,3.7,3.0,3.2,no,no,51,38,39,45,8,Just Pass
male,7.4,2.1,6.1,3.9,no,no,38,79,66,65,51,Decent
female,7.4,5.1,3.0,3.3,no,no,100,29,79,84,2,Decent
female,4.5,0.8,3.9,3.3,no,no,38,100,94,71,51,Decent
male,5.5,3.6,5.0,1.5,no,no,81,30,67,94,94,Nice
male,11.1,0.0,5.1,2.1,no,no,44,76,25,75,32,Decent
female,6.5,3.4,5.8,7.5,no,no,53,100,55,24,69,Decent
female,8.1,3.4,4.4,5.5,no,no,24,54,16,52,71,Just Pass
female,6.0,6.4,3.2,0.1,no,no,44,5,18,58,6,Worst
female,3.9,0.0,3.3,0.0,no,no,24,6,57,47,33,Just Pass
male,6.7,1.8,4.1,3.2,no,no,25,100,91,52,100,Nice
male,6.6,4.6,4.5,4.8,no,no,31,85,67,76,38,Decent
male,6.4,3.7,3.7,2.0,no,no,27,93,5,30,65,Just Pass
female,6.8,3.4,4.0,5.0,no,no,62,81,37,100,25,Decent
female,7.4,1.1,1.0,3.1,no,no,46,42,65,49,74,Decent
male,6.8,1.8,5.3,2.7,no,no,18,23,81,74,38,Just Pass
male,5.1,5.5,4.4,4.5,no,no,59,98,92,100,29,Nice
male,7.7,2.9,6.0,1.9,no,no,85,55,100,85,19,Decent
male,4.1,3.8,4.0,2.4,no,no,57,39,89,53,4,Just Pass
female,3.9,2.8,0.5,4.3,no,no,99,59,48,87,98,Nice
male,8.1,0.6,3.3,2.9,no,no,21,22,86,68,53,Decent
male,7.8,4.9,3.6,6.8,no,no,95,43,37,57,90,Decent
male,6.9,4.0,5.5,4.4,no,no,61,74,17,98,100,Decent
male,4.9,7.6,0.0,4.3,yes,no,30,0,0,0,0,Worst
male,5.9,1.0,4.1,2.9,no,no,63,25,36,52,98,Decent
male,6.6,4.6,5.0,4.7,no,no,42,61,13,44,80,Just Pass
male,4.6,0.4,2.7,2.4,no,no,40,70,93,79,65,Decent
female,5.9,3.3,4.1,3.6,no,no,71,26,56,9,88,Decent
female,8.0,5.0,2.7,1.2,no,no,0,0,76,61,6,Worst
female,9.1,0.0,2.5,5.1,no,no,77,100,100,53,45,Nice
female,6.4,2.6,3.2,3.6,no,no,81,11,100,18,22,Just Pass
male,8.1,1.9,2.6,7.0,no,no,55,20,100,100,100,Nice
female,4.1,1.6,5.4,7.8,no,no,44,55,94,44,32,Decent
female,8.0,3.8,2.5,4.5,no,no,28,29,51,41,100,Just Pass
male,5.8,5.2,2.2,3.1,no,no,7,56,58,19,9,Worst
male,7.5,2.7,7.5,1.1,no,no,15,96,88,73,73,Decent
female,6.6,3.4,5.9,4.8,no,no,30,62,100,92,80,Nice
female,9.0,3.2,0.3,3.4,no,no,3,79,97,88,95,Nice
male,5.7,3.0,2.5,4.1,no,no,34,98,81,39,40,Decent
female,7.9,0.8,4.5,6.5,no,yes,29,17,52,51,32,Just Pass
male,6.6,5.2,4.6,1.4,no,no,97,46,94,64,82,Nice
male,6.8,3.6,1.0,1.2,no,no,95,60,91,58,93,Nice
male,6.7,3.8,6.3,2.5,no,no,25,40,54,78,10,Just Pass
male,5.7,1.4,5.7,4.6,no,no,39,91,82,94,81,Nice
female,7.0,2.1,5.0,4.1,no,no,63,84,94,23,38,Decent
male,6.9,2.6,6.7,1.2,yes,no,6,34,35,8,64,Worst
male,7.4,0.0,4.9,4.5,no,no,70,28,100,93,97,Nice
female,7.1,0.0,4.9,0.6,no,no,48,10,20,56,85,Just Pass
male,8.2,1.8,7.1,1.3,no,no,42,46,58,52,53,Decent
female,8.4,4.0,6.2,2.8,no,no,89,15,55,52,22,Just Pass
female,5.4,1.7,2.3,1.9,no,no,86,82,72,41,62,Decent
female,8.3,1.0,5.3,4.8,no,no,100,52,30,78,97,Nice
male,5.2,1.4,2.7,3.6,no,no,33,77,21,43,100,Decent
female,7.9,2.1,5.0,6.5,no,no,100,55,100,84,66,Good
female,7.9,2.3,5.0,2.5,no,no,62,88,39,29,33,Decent
male,4.1,7.3,1.2,2.8,no,no,47,76,20,63,0,Just Pass
female,7.1,5.1,3.8,5.4,yes,no,83,77,71,72,73,Nice
female,6.3,5.0,4.5,2.8,no,no,96,50,43,59,55,Decent
female,5.9,5.3,3.1,6.0,yes,no,66,2,77,30,61,Just Pass
female,9.0,1.0,4.6,4.1,no,no,50,53,56,17,31,Just Pass
female,6.0,0.6,5.6,0.0,no,no,54,48,82,18,6,Just Pass
male,5.8,0.8,3.9,5.4,no,no,81,100,72,27,100,Nice
female,7.1,5.7,4.4,4.8,no,no,88,62,99,7,87,Decent
female,8.0,1.9,6.8,4.9,no,no,85,84,52,92,60,Nice
male,6.8,0.5,4.9,0.0,no,no,42,84,42,100,51,Decent
male,8.7,2.1,4.4,1.7,no,no,47,62,100,7,98,Decent
male,7.8,2.5,2.1,1.8,no,no,7,61,75,13,22,Just Pass
female,3.7,3.5,5.3,1.3,no,no,89,21,74,83,77,Decent
male,6.2,3.5,4.7,6.5,no,no,25,22,46,85,18,Just Pass
female,6.2,1.3,6.6,3.0,no,no,72,87,68,55,100,Nice
female,7.7,4.4,4.1,2.9,no,no,90,87,34,100,61,Nice
male,3.1,1.7,0.4,4.1,no,no,43,42,26,58,48,Just Pass
male,10.8,2.7,0.6,4.1,no,no,86,60,59,72,76,Decent
female,7.8,4.4,5.5,0.0,no,no,77,27,95,62,3,Decent
male,7.2,1.7,2.9,1.7,no,no,10,50,26,27,24,Worst
female,8.8,1.9,4.9,0.2,no,no,44,23,27,51,43,Just Pass
male,10.5,4.2,4.2,3.8,no,no,76,82,31,28,68,Decent
male,8.3,1.3,3.7,2.4,no,no,51,58,88,59,23,Decent
male,8.4,2.2,3.8,3.0,yes,no,48,48,45,0,31,Just Pass
female,7.2,4.1,2.3,0.0,no,no,52,0,31,31,19,Worst
male,6.8,7.1,4.0,2.4,no,no,10,57,79,32,59,Just Pass
female,6.3,4.2,2.8,5.2,no,no,50,29,38,38,100,Decent
female,5.8,3.9,3.3,5.8,no,no,14,50,51,19,28,Worst
female,6.0,4.1,3.4,4.4,no,no,22,49,15,85,26,Just Pass
female,5.0,0.9,3.5,0.3,no,no,54,47,14,45,63,Just Pass
male,6.9,3.2,5.8,5.5,no,no,74,39,30,98,62,Decent
female,4.5,2.9,3.7,4.4,no,no,23,94,43,92,80,Decent
female,7.3,3.6,6.0,2.8,no,no,83,50,60,29,36,Decent
male,6.9,3.2,7.1,0.0,no,no,39,63,2,44,56,Just Pass
female,7.2,3.8,5.7,4.9,no,no,100,74,31,85,51,Decent
male,6.2,2.4,5.1,1.8,no,no,45,67,24,56,35,Just Pass
female,11.6,3.1,4.7,3.7,no,no,24,65,35,95,82,Decent
male,9.0,0.5,5.7,3.1,no,no,91,98,32,73,95,Nice
female,5.1,2.4,4.2,6.1,no,no,74,99,37,80,50,Decent
male,7.3,5.8,6.0,2.7,no,no,40,43,100,80,64,Decent
female,6.1,3.6,5.2,3.0,no,no,42,70,66,19,24,Just Pass
female,5.5,3.0,3.3,6.2,yes,no,16,11,77,59,80,Just Pass
male,5.0,6.8,5.8,1.7,no,no,30,5,77,4,24,Worst
male,7.6,0.3,4.2,4.6,no,no,21,66,85,45,36,Decent
male,6.0,0.8,3.8,2.6,no,no,61,100,81,32,100,Nice
male,8.5,6.4,3.0,1.0,no,no,80,55,54,47,33,Decent
female,8.5,3.1,4.3,3.0,no,no,86,73,71,91,71,Nice
female,9.1,2.5,6.0,4.4,yes,no,2,15,92,13,80,Just Pass
male,5.7,0.6,5.8,5.7,no,no,100,69,42,100,92,Nice
female,7.7,3.9,4.7,5.9,no,no,60,55,42,29,71,Decent
male,7.9,4.1,5.2,2.4,no,no,23,82,13,22,41,Just Pass
male,6.3,0.8,6.5,1.0,no,no,85,23,93,100,100,Nice
female,5.8,2.7,3.7,2.4,no,no,38,59,50,6,19,Just Pass
female,9.4,2.3,1.8,0.6,no,no,23,89,88,17,86,Decent
female,7.3,3.5,6.6,2.6,no,no,24,97,49,29,78,Decent
female,8.0,0.8,2.9,2.3,no,no,57,94,53,37,66,Decent
female,5.8,5.5,2.6,4.5,no,no,12,40,47,39,35,Just Pass
female,5.2,4.8,0.4,0.0,no,no,66,82,49,0,2,Just Pass
female,6.1,2.3,5.1,1.5,no,no,53,86,82,52,50,Decent
male,6.8,2.6,0.8,1.5,no,no,43,84,34,38,77,Decent
male,5.4,2.7,2.5,5.4,no,no,13,100,76,75,87,Decent
male,7.0,1.4,5.2,0.8,no,no,87,99,26,92,70,Nice
male,4.5,2.1,5.4,3.5,no,no,60,35,66,40,100,Decent
male,5.3,2.5,2.7,2.7,no,no,48,17,59,59,100,Decent
female,8.0,6.2,3.7,5.1,no,no,81,74,93,42,45,Decent
male,7.9,4.9,2.3,4.2,no,no,9,59,92,7,22,Just Pass
male,6.4,4.9,2.9,3.2,no,no,37,33,49,83,47,Just Pass
male,5.5,3.7,4.5,1.9,no,no,60,71,5,66,87,Decent
male,5.5,0.8,3.0,0.0,no,no,48,8,86,2,47,Just Pass
male,6.4,2.9,3.5,3.5,no,yes,1,0,0,7,16,Worst
male,8.0,4.9,1.1,4.1,no,no,30,36,48,31,75,Just Pass
male,8.4,0.5,6.3,0.0,no,no,38,27,9,89,73,Just Pass
female,6.3,4.3,5.0,0.5,no,no,97,69,33,74,94,Nice
female,5.3,7.6,5.6,3.5,no,no,31,93,62,38,53,Decent
male,7.4,5.1,6.6,3.7,no,no,28,74,45,23,100,Decent
female,5.8,5.8,2.3,1.0,no,no,73,56,83,29,20,Decent
female,6.2,3.4,3.3,1.9,no,no,44,2,66,83,88,Decent
female,9.0,4.9,0.2,0.0,no,no,32,39,52,33,23,Just Pass
female,8.2,1.6,10.3,5.8,no,no,82,100,65,39,100,Nice
male,7.2,4.6,3.7,0.4,no,no,54,60,0,0,87,Just Pass
female,5.1,4.3,6.1,4.1,no,no,69,32,83,43,72,Decent
female,7.3,3.6,1.5,2.9,no,no,4,85,72,15,73,Just Pass
female,8.6,5.6,6.0,5.6,no,no,92,100,64,85,100,Good
male,6.4,1.9,7.7,1.4,no,no,30,38,52,38,48,Just Pass
male,9.0,2.6,3.9,3.1,no,no,37,28,61,95,59,Decent
male,8.9,3.2,2.0,0.0,no,no,12,28,69,56,84,Just Pass
male,9.5,0.9,3.7,0.0,no,no,79,9,74,42,70,Decent
male,7.5,3.5,0.0,4.2,no,no,61,90,68,64,90,Nice
male,7.9,0.0,3.9,0.0,no,no,80,97,95,34,66,Nice
male,9.1,5.1,5.6,2.5,no,no,68,66,63,17,76,Decent
female,7.7,3.1,3.9,5.0,no,no,23,89,14,100,14,Just Pass
female,6.2,2.0,3.4,4.5,yes,no,28,64,59,54,31,Just Pass
female,6.3,1.3,5.1,1.7,no,no,59,46,70,9,86,Decent
male,7.4,2.5,5.2,0.0,yes,no,16,49,0,17,26,Worst
male,5.1,4.4,0.7,4.0,no,no,22,85,44,17,38,Just Pass
male,6.8,4.1,4.2,5.7,no,no,99,93,78,38,100,Good
male,8.6,1.6,8.9,1.7,no,no,88,22,84,19,69,Decent
male,3.7,1.3,1.3,1.4,no,no,31,43,86,21,16,Just Pass
female,9.3,4.3,3.8,2.0,no,no,76,39,84,68,47,Decent
female,8.7,1.6,7.9,4.1,no,no,82,95,31,100,71,Nice
male,6.3,3.1,6.2,5.5,no,no,18,68,78,52,100,Decent
male,7.8,3.2,3.0,0.5,no,no,36,32,57,50,69,Just Pass
male,7.0,3.6,4.4,0.0,no,no,26,67,27,1,48,Just Pass
male,8.8,4.7,4.0,7.7,no,no,38,64,35,26,60,Just Pass
female,8.5,0.5,2.5,2.6,yes,no,20,20,14,50,86,Just Pass
male,4.9,0.0,3.9,3.5,no,no,100,100,32,99,79,Good
male,7.9,1.9,3.4,1.6,no,no,53,16,85,13,40,Just Pass
male,6.7,6.6,4.2,4.0,no,no,85,2,15,42,47,Just Pass
male,7.1,7.0,2.5,4.9,no,no,21,14,26,97,27,Just Pass
female,5.9,6.7,1.4,3.6,no,no,13,12,17,69,92,Just Pass
male,9.6,2.6,3.9,6.5,no,no,100,71,89,37,88,Nice
male,8.6,0.0,7.4,2.3,no,no,67,80,33,46,57,Decent
female,5.9,0.0,4.2,2.5,no,no,100,57,15,100,31,Decent
female,5.0,1.8,3.3,3.5,no,no,16,30,47,32,27,Worst
female,6.4,2.6,5.5,3.9,no,no,100,26,43,57,60,Decent
male,7.7,5.6,3.7,3.5,no,no,43,51,41,37,48,Just Pass
male,7.4,4.7,7.7,0.4,no,no,16,57,76,50,42,Just Pass
female,8.9,3.5,4.0,3.6,no,no,76,38,9,31,93,Just Pass
female,8.2,1.2,5.4,2.3,no,no,91,34,15,78,100,Decent
female,8.5,1.1,2.5,1.8,no,no,10,14,31,29,41,Worst
female,7.5,3.5,5.0,3.1,no,no,100,10,96,68,37,Decent
female,4.9,4.4,4.6,1.1,no,no,67,8,14,33,75,Just Pass
female,6.7,3.8,3.9,0.7,no,no,30,72,97,23,42,Decent
male,8.6,0.9,3.0,0.0,no,no,17,36,82,71,23,Just Pass
male,6.9,4.3,2.7,6.5,no,no,51,14,57,100,30,Decent
male,7.8,3.9,4.6,4.1,no,no,31,59,83,95,37,Decent
female,6.5,0.9,5.3,2.8,no,no,63,67,65,22,14,Just Pass
female,5.5,1.4,3.7,1.7,no,no,85,49,63,52,100,Decent
female,6.8,4.4,4.6,0.0,no,no,61,6,53,64,38,Just Pass
female,7.5,2.5,3.9,1.5,no,yes,22,54,43,35,0,Worst
female,6.0,6.2,4.2,4.4,no,no,15,72,10,76,20,Just Pass
female,6.6,4.0,3.6,4.9,no,no,100,49,71,100,42,Nice
male,5.6,2.0,4.0,4.3,no,no,40,51,84,47,68,Decent
male,8.7,3.0,9.4,3.3,no,no,43,31,47,93,86,Decent
female,6.6,3.1,4.6,5.6,no,no,79,90,100,24,45,Decent
male,9.2,1.5,5.3,2.3,no,no,88,70,25,97,100,Nice
female,9.3,1.2,4.9,5.2,no,no,100,27,100,96,95,Good
male,6.9,4.4,3.5,2.2,yes,no,81,22,52,37,67,Decent
female,5.5,4.7,6.6,1.2,no,no,92,91,67,83,33,Nice
female,3.9,4.2,3.4,1.0,no,no,36,38,80,59,31,Just Pass
male,4.8,6.0,6.1,0.9,no,no,12,28,79,51,49,Just Pass
male,4.9,1.9,3.3,4.3,no,no,70,76,46,100,57,Decent
female,9.1,6.3,2.1,1.5,no,no,0,11,61,4,16,Worst
female,7.2,1.2,4.7,0.9,no,yes,0,33,0,80,80,Just Pass
male,7.6,1.0,1.8,4.4,no,no,13,79,59,28,97,Decent
male,3.7,0.0,5.1,3.7,no,yes,6,73,81,36,11,Just Pass
female,5.2,2.1,1.6,4.9,no,yes,33,55,13,9,75,Just Pass
male,8.3,2.0,3.4,4.0,no,no,51,50,16,39,70,Just Pass
female,7.4,4.1,1.1,1.5,no,no,31,71,53,58,0,Just Pass
female,6.8,3.5,9.6,3.2,no,no,98,100,50,18,49,Decent
female,7.8,0.6,0.7,3.3,no,no,76,56,46,100,11,Decent
female,9.5,2.2,4.0,1.2,no,no,97,4,62,31,12,Just Pass
male,6.7,2.3,6.3,0.8,no,no,50,94,68,33,23,Decent
male,7.1,0.0,6.1,1.6,no,no,40,29,56,99,61,Decent
male,7.3,1.0,5.7,7.1,no,no,39,39,77,100,65,Decent
male,10.6,1.5,3.4,2.2,no,no,74,37,100,74,21,Decent
male,3.9,5.9,6.7,5.5,no,no,91,44,100,21,46,Decent
male,8.0,3.4,5.8,2.1,no,no,24,85,76,82,36,Decent
male,6.8,4.3,4.4,4.8,no,no,97,48,26,46,51,Decent
female,7.9,0.0,4.5,4.8,no,no,73,25,56,100,38,Decent
male,6.0,5.4,3.4,4.9,no,no,20,69,94,73,66,Decent
male,6.9,5.6,2.2,3.8,no,no,64,67,42,83,4,Decent
female,8.1,0.0,6.5,5.8,no,no,79,100,100,100,65,Good
male,11.7,1.6,6.6,3.8,no,no,19,56,65,76,100,Decent
male,8.2,4.0,2.2,6.4,no,no,51,20,98,83,53,Decent
female,5.7,4.3,3.7,0.0,no,no,72,49,0,53,38,Just Pass
male,6.4,1.6,3.7,3.7,no,no,67,24,55,17,18,Just Pass
male,6.3,2.4,3.9,3.6,no,no,38,11,80,44,70,Just Pass
male,4.3,1.8,4.1,1.1,no,no,94,79,88,33,95,Nice
female,6.5,3.2,5.9,4.2,no,no,36,53,73,84,42,Decent
male,8.1,5.4,2.5,0.0,no,no,15,42,7,47,29,Worst
male,5.1,1.5,2.3,1.7,no,no,39,70,92,65,62,Decent
female,8.6,5.0,6.5,0.0,no,no,86,37,54,81,6,Decent
male,7.7,1.4,3.1,6.1,yes,no,54,9,14,56,99,Just Pass
female,5.9,1.3,1.5,2.5,no,no,74,31,52,27,52,Just Pass
female,6.8,4.6,3.0,7.3,no,no,100,33,83,15,25,Decent
male,9.4,4.8,3.3,4.6,yes,no,69,88,36,6,24,Just Pass
female,8.1,4.7,7.1,3.9,no,no,27,83,97,13,47,Decent
female,7.0,0.4,5.8,1.8,no,no,91,58,55,36,47,Decent
male,6.6,2.1,6.3,0.9,no,no,80,12,64,69,75,Decent
female,7.1,4.6,5.6,4.0,no,no,31,19,29,23,42,Worst
female,6.2,3.1,5.9,2.9,no,no,41,90,60,17,41,Just Pass
male,3.8,0.9,2.6,0.3,no,no,68,91,19,94,29,Decent
male,10.1,3.9,3.6,0.0,no,no,18,0,17,94,72,Just Pass
male,7.2,1.6,2.0,1.1,no,no,22,93,29,65,32,Just Pass
female,7.6,6.6,3.6,6.6,no,no,78,46,12,18,9,Worst
male,6.9,6.1,5.4,7.4,no,no,100,36,31,97,51,Decent
female,5.9,4.2,4.3,3.4,no,no,13,16,48,59,33,Just Pass
female,6.7,5.7,6.6,3.3,no,no,49,82,18,23,95,Decent
female,4.6,3.1,1.7,2.3,yes,no,45,31,0,42,32,Worst
female,10.4,4.5,5.0,1.1,no,no,66,82,95,2,22,Decent
female,5.1,6.0,1.5,5.8,no,no,100,26,46,100,100,Nice
female,5.5,3.5,4.2,6.7,no,no,85,84,57,99,41,Nice
female,6.3,2.5,5.5,1.2,no,no,67,16,31,31,81,Just Pass
male,8.9,0.0,3.6,2.8,no,no,100,21,64,54,77,Decent
male,7.0,2.8,5.1,2.1,no,yes,0,0,40,20,27,Worst
female,5.1,4.6,2.1,2.2,no,no,5,78,39,84,38,Just Pass
female,8.9,4.9,0.7,5.4,no,no,61,70,44,40,92,Decent
male,8.1,4.0,5.1,0.4,no,no,33,14,68,2,45,Worst
female,7.8,1.9,7.5,3.9,no,no,27,56,100,39,55,Decent
male,8.1,0.0,2.0,4.5,no,no,46,92,100,37,51,Decent
male,10.6,2.0,6.4,2.7,no,no,79,40,23,100,39,Decent
male,10.3,2.4,4.1,4.8,no,no,100,100,79,100,54,Good
female,6.0,2.4,1.3,3.3,no,no,14,96,5,35,16,Just Pass
female,9.4,4.2,1.7,5.4,no,no,62,63,71,8,14,Just Pass
male,7.6,7.0,4.0,0.0,no,no,17,51,34,39,42,Just Pass
male,7.7,3.2,3.2,2.3,no,no,69,68,52,82,48,Decent
male,4.5,2.6,1.4,2.9,no,no,56,27,60,28,19,Just Pass
male,6.7,2.5,0.6,0.0,no,no,86,30,68,37,4,Just Pass
male,5.8,3.2,2.3,0.8,no,no,0,10,69,14,11,Worst
female,8.2,1.3,4.4,1.4,no,yes,29,74,0,14,13,Worst
male,8.6,3.2,4.0,4.9,no,no,31,84,85,87,57,Decent
female,3.9,3.9,3.0,1.6,no,no,48,0,77,37,14,Just Pass
male,7.0,3.4,4.4,1.4,no,no,87,56,8,46,77,Decent
female,8.7,3.9,6.1,4.6,no,no,100,47,45,91,32,Decent
female,6.7,3.9,4.8,0.0,no,no,36,78,76,73,9,Decent
female,8.1,0.0,3.8,0.0,no,no,86,39,54,23,100,Decent
female,7.5,4.3,5.9,2.3,no,no,33,69,74,46,49,Decent
female,7.5,1.7,2.1,0.1,no,no,0,15,49,83,16,Worst
female,6.6,0.8,3.6,0.2,no,no,89,59,100,49,93,Nice
male,5.2,0.8,3.6,4.1,no,no,26,44,100,81,38,Decent
female,5.3,3.9,1.5,4.8,no,no,7,22,34,36,98,Just Pass
male,8.1,2.6,3.2,4.6,no,no,47,73,50,17,23,Just Pass
female,7.0,0.0,0.0,5.2,no,no,52,78,58,31,99,Decent
female,6.8,4.0,7.8,5.5,no,no,25,100,28,58,36,Just Pass
male,6.4,0.1,2.1,0.0,no,no,83,68,42,37,95,Decent
female,6.5,3.3,7.2,3.9,no,no,54,65,91,100,71,Nice
male,8.6,3.5,4.1,1.9,no,no,51,94,87,57,21,Decent
male,6.5,4.8,5.1,1.5,no,no,26,82,88,62,84,Decent
male,5.0,6.6,3.0,4.1,no,no,51,54,1,68,39,Just Pass
male,8.1,0.3,4.4,0.0,no,no,81,56,83,58,78,Nice
female,6.7,2.9,5.3,0.0,no,no,90,94,50,76,64,Nice
female,7.0,2.4,5.3,4.3,no,no,100,75,34,92,85,Nice
male,9.4,3.9,5.5,4.0,no,no,52,81,59,45,44,Decent
female,7.0,3.4,3.3,3.3,no,no,100,14,90,14,99,Decent
female,7.4,2.3,3.0,1.2,no,no,31,73,45,100,57,Decent
male,5.2,2.1,0.8,4.5,no,no,9,35,100,73,16,Just Pass
female,6.7,0.8,5.0,4.4,no,no,94,29,79,88,24,Decent
male,7.9,5.0,6.2,3.2,no,no,23,90,54,81,79,Decent
male,4.7,3.9,7.2,0.6,no,no,6,70,30,62,85,Decent
female,7.3,4.8,4.6,2.1,no,no,93,41,2,48,70,Decent
female,7.2,2.4,2.5,4.7,yes,no,75,39,57,94,23,Decent
female,7.1,1.7,0.6,5.7,no,yes,0,7,45,60,10,Worst
male,8.6,0.8,6.1,2.3,no,no,91,14,65,98,70,Decent
male,7.5,3.7,0.4,2.5,no,no,82,32,51,41,17,Just Pass
female,9.2,0.9,3.3,2.7,no,no,100,24,94,100,47,Nice
female,5.5,6.7,3.6,3.5,no,no,53,41,30,72,61,Decent
female,7.2,0.4,3.9,1.8,no,no,80,93,65,84,38,Nice
female,7.1,3.5,4.1,0.0,no,no,73,8,64,5,34,Just Pass
male,5.4,6.1,4.3,5.4,no,no,75,16,27,68,43,Just Pass
female,8.4,4.2,0.0,6.6,no,no,73,99,100,42,55,Nice
male,10.5,3.4,4.0,1.8,no,no,56,76,75,68,69,Decent
male,7.0,1.1,0.0,0.9,yes,no,31,0,0,40,62,Worst
female,7.8,0.2,5.5,2.7,no,no,100,22,100,26,81,Decent
female,7.1,4.5,2.9,2.6,no,no,33,68,92,52,2,Just Pass
female,5.9,6.0,0.0,5.0,no,no,8,37,79,45,89,Decent
male,4.3,2.1,2.4,3.1,no,no,80,76,46,81,62,Decent
female,5.9,0.7,2.9,1.4,no,no,27,46,100,56,98,Decent
female,4.9,0.0,6.4,0.4,no,no,63,100,22,58,100,Decent
male,9.6,1.0,4.4,4.7,no,no,27,87,71,89,64,Decent
female,6.8,2.8,4.7,4.2,yes,no,58,1,14,63,88,Just Pass
male,6.5,6.2,6.4,5.1,no,no,100,42,52,100,45,Decent
female,8.3,4.3,3.8,1.1,no,no,70,54,90,33,24,Decent
male,5.3,3.6,5.5,6.7,no,no,40,33,98,87,26,Decent
female,5.8,2.2,5.4,0.0,no,no,99,2,80,18,47,Just Pass
female,7.1,1.8,1.4,4.4,no,no,40,17,45,90,78,Decent
male,8.5,5.8,6.9,0.0,no,no,38,47,88,73,92,Decent
male,7.8,3.4,1.2,1.4,no,no,46,60,33,69,49,Decent
female,7.4,0.0,5.8,6.1,no,no,100,36,29,38,100,Decent
male,7.1,1.7,1.0,4.7,no,no,17,77,74,100,100,Nice
male,7.6,1.3,5.2,1.9,no,no,79,71,46,100,64,Nice
male,7.3,1.9,7.7,2.0,no,no,48,100,27,49,28,Decent
male,5.5,4.1,3.6,3.2,no,yes,0,63,72,36,63,Just Pass
female,7.1,2.8,3.5,4.0,no,no,100,100,73,98,67,Good
female,5.4,2.8,5.2,5.5,no,no,75,100,100,66,92,Good
male,7.1,5.6,3.3,2.1,no,no,72,41,55,56,62,Decent
male,6.3,1.6,7.6,0.0,no,no,31,55,13,67,13,Just Pass
male,10.8,6.7,4.4,3.3,no,no,75,27,1,63,15,Just Pass
male,6.9,1.7,3.4,2.1,no,no,89,57,97,64,35,Decent
female,4.9,3.2,2.9,0.4,no,no,40,12,0,37,25,Worst
female,6.8,2.4,2.1,3.6,no,no,64,74,68,60,90,Nice
male,7.8,3.2,2.7,2.6,no,no,100,5,32,90,62,Decent
male,9.5,3.9,3.3,3.6,no,no,90,29,74,92,14,Decent
male,6.1,3.9,3.0,1.2,no,no,42,18,26,75,36,Just Pass
female,4.6,1.5,2.7,4.0,no,no,76,100,13,51,65,Decent
male,8.2,0.8,8.2,0.4,no,no,89,25,84,89,36,Decent
female,4.9,8.0,1.9,1.3,no,no,0,75,17,24,0,Worst
male,6.3,2.0,4.3,2.5,no,no,66,20,63,74,46,Decent
female,6.6,4.4,5.2,6.5,no,no,100,81,93,72,62,Good
male,6.9,0.0,5.3,4.6,no,no,100,52,91,51,100,Nice
female,8.0,2.4,3.9,5.2,no,no,98,46,49,60,100,Decent
male,6.0,2.7,3.5,5.8,no,no,25,100,89,98,65,Nice
male,6.6,3.9,4.9,10.0,no,no,100,49,100,100,74,Good
male,7.0,0.0,4.5,3.1,no,no,76,36,76,36,80,Decent
female,7.2,3.3,3.5,5.8,no,no,36,72,84,59,39,Decent
male,7.1,0.7,0.9,5.0,no,no,81,88,100,57,42,Nice
female,7.7,3.6,3.1,5.0,no,no,95,100,94,58,10,Nice
female,8.3,0.9,1.7,6.5,no,no,30,89,54,100,26,Decent
male,7.6,1.3,2.7,2.2,no,no,98,63,100,58,24,Decent
male,7.7,2.5,4.1,2.0,no,no,97,45,7,88,69,Decent
male,4.6,0.9,4.7,3.6,no,no,15,73,100,80,35,Decent
female,7.1,2.0,7.6,2.6,no,no,100,74,38,24,26,Decent
male,7.7,0.6,2.9,3.6,no,no,100,34,57,82,74,Decent
female,8.1,0.0,5.5,6.1,no,no,29,93,100,90,91,Nice
female,6.0,5.0,4.6,2.0,no,no,29,20,24,75,5,Worst
male,6.0,0.4,6.6,2.4,no,no,53,64,38,23,93,Decent
male,6.1,2.6,5.2,3.3,no,no,45,36,75,35,71,Decent
male,7.8,4.5,2.0,2.5,no,no,74,30,69,75,38,Decent
male,8.6,1.8,0.6,0.0,no,no,31,57,0,33,94,Just Pass
male,6.4,1.3,4.6,1.8,no,no,100,15,54,100,10,Decent
male,8.4,3.5,2.9,4.4,no,no,100,9,56,59,62,Decent
female,7.2,5.2,2.0,5.9,no,no,38,20,34,7,22,Worst
female,6.8,0.7,1.5,0.7,no,no,52,18,56,71,34,Just Pass
female,6.7,2.7,4.3,0.7,no,no,56,20,16,52,14,Worst
male,8.1,0.0,7.0,3.1,no,no,76,96,51,50,85,Nice
female,7.5,2.2,3.2,0.0,no,no,36,43,70,1,39,Just Pass
female,10.4,3.1,5.2,2.1,no,no,22,52,93,25,100,Decent
female,5.7,1.3,3.8,0.0,no,no,7,66,60,18,67,Just Pass
female,7.8,2.1,1.4,5.7,no,no,23,85,20,71,100,Decent
female,6.2,0.2,5.5,1.5,no,no,100,12,79,88,36,Decent
male,5.7,3.2,1.8,6.3,no,no,41,98,100,36,44,Decent
male,7.0,5.1,4.0,5.2,no,no,15,100,58,77,44,Decent
female,7.2,0.8,3.3,1.7,no,no,70,20,57,97,91,Decent
female,11.4,1.8,5.8,0.9,no,no,13,71,100,68,27,Decent
female,6.7,4.0,1.9,2.6,no,yes,0,0,38,52,69,Worst
male,5.3,5.4,4.8,2.8,no,no,64,6,82,22,6,Just Pass
male,7.4,0.0,2.3,3.7,no,no,73,42,78,21,100,Decent
female,3.9,2.7,3.0,1.4,no,yes,0,56,0,8,17,Worst
male,6.9,3.6,0.0,4.5,no,no,50,69,32,74,56,Decent
male,7.0,2.8,8.2,3.5,no,no,58,59,81,83,100,Nice
female,8.2,0.0,5.1,2.3,no,no,68,57,59,100,100,Nice
male,8.5,4.0,2.5,1.6,no,no,71,44,38,60,88,Decent
male,6.2,6.0,1.8,2.6,no,no,23,26,0,36,53,Worst
female,6.8,3.2,3.0,1.4,no,no,43,87,88,79,95,Nice
male,5.9,0.9,5.4,3.1,no,yes,69,46,78,5,58,Decent
male,5.3,2.0,0.2,3.2,no,no,96,52,50,85,85,Nice
female,7.5,6.5,3.7,3.5,no,no,88,45,69,35,71,Decent
male,5.1,4.8,7.5,6.5,no,no,65,100,35,33,96,Decent
male,6.4,4.3,1.7,2.7,no,no,51,71,49,15,62,Just Pass
female,5.5,3.7,4.2,5.0,no,no,64,26,55,100,84,Decent
female,7.8,1.7,8.4,3.5,no,no,100,61,83,80,61,Nice
female,9.7,2.6,5.3,2.5,no,no,91,36,54,25,78,Decent
male,5.0,2.8,4.3,2.8,no,no,38,100,56,33,34,Decent
female,4.2,4.1,5.0,2.9,no,no,18,43,31,39,65,Just Pass
male,6.8,6.0,3.2,3.6,no,no,37,6,4,5,52,Worst
female,7.0,5.2,6.6,1.1,no,no,28,41,91,10,89,Decent
male,7.3,0.2,3.2,0.1,no,no,99,36,5,80,71,Decent
female,6.3,3.4,0.1,4.3,no,no,30,63,32,82,63,Decent
female,6.7,4.5,3.2,4.8,no,no,25,29,51,100,38,Just Pass
female,7.6,4.2,2.1,4.5,no,no,95,9,37,12,92,Just Pass
female,8.6,1.7,3.4,3.3,no,no,18,19,65,98,15,Just Pass
male,4.1,8.8,3.5,4.5,no,no,19,21,39,24,82,Just Pass
female,6.4,0.4,6.4,4.4,no,no,64,55,46,53,86,Decent
female,7.3,0.8,5.4,4.6,no,no,78,100,27,31,37,Decent
male,5.6,3.5,4.5,1.3,no,no,33,28,14,99,91,Decent
female,9.6,7.2,4.0,0.8,no,no,39,0,38,88,22,Just Pass
male,6.0,1.3,1.9,2.2,no,no,25,84,90,92,22,Decent
female,6.9,2.5,0.0,3.0,no,no,59,88,12,11,33,Just Pass
female,7.8,5.2,4.2,2.5,no,no,40,49,67,84,96,Decent
female,6.1,3.0,5.6,0.0,no,no,84,28,79,63,75,Decent
male,4.2,2.3,3.8,6.4,no,no,56,92,42,27,100,Decent
female,6.4,4.1,2.9,2.5,no,no,45,1,67,27,30,Just Pass
female,8.5,3.5,4.9,3.3,no,no,67,100,76,76,16,Decent
female,6.5,5.1,3.8,5.5,no,no,21,95,79,89,65,Decent
male,5.7,5.6,7.4,0.0,no,no,12,51,86,81,45,Decent
male,8.4,3.6,6.5,2.0,no,no,85,33,45,60,78,Decent
female,6.5,3.6,5.9,2.2,no,no,33,9,30,59,60,Just Pass
male,6.2,3.4,5.5,2.3,yes,no,59,90,45,59,30,Decent
female,7.2,4.0,1.4,2.7,no,no,9,76,6,77,0,Just Pass
female,8.2,3.1,5.3,5.9,no,no,99,50,50,34,63,Decent
female,10.6,3.0,4.8,4.3,no,no,100,13,100,85,24,Decent
female,8.2,5.4,5.2,4.9,no,no,46,72,62,43,100,Decent
female,8.7,6.0,5.0,3.1,no,no,51,99,44,39,93,Decent
female,6.2,0.0,4.9,0.2,no,no,51,77,33,14,87,Decent
female,5.5,3.0,9.4,0.0,no,no,95,14,31,64,21,Just Pass
male,7.1,1.6,3.8,0.0,no,no,1,41,24,10,15,Worst
male,7.2,2.4,5.9,3.7,no,no,78,23,95,100,69,Nice
male,5.4,3.8,3.1,3.1,no,no,69,95,100,66,76,Good
male,6.7,4.3,5.6,2.6,no,no,43,38,58,100,95,Decent
male,7.6,2.8,5.9,2.3,no,no,29,81,15,32,97,Decent
male,7.5,0.0,4.7,7.0,no,no,51,36,100,95,43,Decent
male,7.8,1.1,7.3,1.4,no,no,92,24,99,100,100,Good
female,7.4,4.8,2.2,4.9,no,no,12,73,99,35,21,Just Pass
female,6.2,0.0,3.0,3.0,no,no,69,97,75,22,97,Nice
female,6.2,5.4,4.4,2.9,no,no,31,21,51,64,59,Just Pass
female,5.2,4.0,5.8,5.4,yes,no,25,40,61,35,66,Just Pass
male,9.7,5.6,4.4,5.9,no,no,60,71,11,37,70,Just Pass
male,7.0,2.6,6.6,2.5,no,no,99,89,75,100,96,Excellent
female,6.7,0.0,2.7,4.6,no,no,78,79,87,92,80,Good
female,5.6,3.9,1.7,3.7,no,no,81,12,75,51,87,Decent
male,11.4,5.5,4.6,3.0,no,no,62,56,58,7,17,Just Pass
female,5.4,4.8,3.8,3.4,yes,no,57,76,58,7,74,Decent
female,6.4,1.7,5.1,1.6,no,no,51,94,71,37,100,Decent
female,7.6,3.2,3.9,2.4,no,no,97,63,16,53,71,Decent
female,7.9,1.9,3.3,1.8,no,no,55,100,94,54,100,Nice
male,8.4,1.4,3.9,4.8,yes,no,56,11,63,3,22,Worst
female,9.7,4.9,4.1,2.8,no,no,54,49,74,96,84,Nice
female,7.8,0.6,3.4,0.4,yes,no,20,66,23,43,5,Worst
male,5.4,1.2,3.6,1.6,no,no,30,21,98,8,58,Just Pass
male,6.6,0.8,3.2,0.0,no,no,9,99,52,72,68,Decent
female,7.5,0.0,5.7,2.0,no,no,85,49,81,21,80,Decent
male,10.1,3.3,4.4,3.1,no,no,35,42,100,79,74,Decent
female,4.9,5.3,8.5,2.7,no,no,45,28,98,77,39,Decent
female,8.8,2.6,4.3,7.0,no,no,100,48,84,100,100,Good
male,7.3,0.0,2.9,4.1,no,no,72,73,32,50,16,Just Pass
female,8.3,4.7,9.3,4.1,no,no,23,56,100,28,76,Decent
female,6.8,6.4,4.8,0.0,yes,no,55,0,74,0,62,Just Pass
female,5.7,1.7,6.0,2.3,no,no,36,91,21,18,100,Decent
female,8.1,2.0,5.2,2.0,no,no,63,14,53,89,80,Decent
male,8.0,4.0,5.2,1.4,no,no,52,85,56,73,59,Decent
male,8.5,6.2,5.1,1.4,no,no,19,23,5,93,41,Just Pass
female,7.0,2.0,1.8,0.0,no,no,8,46,15,27,41,Worst
male,6.1,0.3,4.7,0.4,no,no,28,45,60,87,49,Decent
female,4.7,4.3,1.4,4.7,no,no,13,61,100,13,73,Decent
female,8.2,4.6,3.7,2.7,no,no,29,81,4,92,75,Decent
female,7.6,3.0,2.5,2.0,no,no,100,100,93,7,53,Decent
female,5.6,1.9,4.7,3.0,no,no,51,41,100,89,85,Nice
female,6.2,5.0,4.7,5.3,no,no,96,65,95,40,62,Nice
male,6.3,4.1,5.0,3.0,no,no,60,52,43,24,15,Just Pass
female,4.8,1.5,4.6,4.1,no,no,80,100,63,84,99,Good
male,5.8,3.1,2.8,1.3,no,no,15,80,40,89,87,Decent
male,5.3,0.3,3.5,1.8,no,no,36,48,100,85,35,Decent
female,6.4,4.4,5.8,3.7,yes,no,44,40,45,24,71,Just Pass
female,5.9,2.5,6.1,6.8,no,no,100,47,31,58,74,Decent
female,4.6,2.1,1.7,5.9,no,no,17,88,40,31,25,Just Pass
female,10.0,2.9,0.9,4.2,no,no,56,90,52,88,45,Decent
female,8.9,3.1,2.5,3.3,no,no,10,100,100,15,12,Just Pass
male,5.8,4.8,6.1,5.8,no,no,59,70,70,100,92,Nice
female,7.4,4.2,6.4,4.6,no,no,74,79,81,72,31,Decent
female,7.6,2.7,2.2,0.0,no,no,70,40,4,54,12,Just Pass
male,8.8,4.5,4.6,0.9,no,no,11,58,85,81,18,Decent
male,5.8,3.8,7.7,3.7,yes,no,14,32,51,64,20,Just Pass
female,8.6,2.1,4.8,0.0,no,no,48,74,93,31,68,Decent
male,6.2,2.8,6.8,1.2,no,no,100,8,50,40,69,Decent
female,5.0,2.7,6.0,1.6,no,no,42,9,75,24,19,Just Pass
male,8.1,4.0,2.2,2.5,no,no,42,71,47,46,72,Decent
male,8.9,2.3,3.6,2.4,no,no,49,99,20,17,40,Just Pass
female,10.9,2.2,4.1,2.4,no,no,15,70,34,72,52,Just Pass
male,5.2,6.9,4.2,4.7,no,no,80,75,9,19,15,Just Pass
male,8.0,4.9,5.8,2.5,no,no,28,85,47,89,73,Decent
male,6.4,1.5,4.8,2.2,no,no,80,46,74,80,47,Decent
male,8.2,4.1,0.0,0.3,no,no,37,0,14,79,53,Just Pass
male,4.8,3.2,1.4,5.0,no,no,69,100,57,16,50,Decent
male,5.1,3.8,0.0,1.7,no,no,0,88,40,74,0,Just Pass
female,5.8,3.3,4.4,0.8,no,no,88,44,53,88,70,Decent
female,7.1,5.4,4.5,3.4,no,no,27,24,21,7,58,Worst
male,6.0,3.7,4.6,1.5,no,no,69,91,55,100,45,Nice
female,8.0,2.9,2.1,1.9,no,no,80,71,37,31,21,Just Pass
female,8.5,5.1,5.3,3.5,no,no,59,5,33,26,67,Just Pass
female,7.9,3.5,5.4,2.3,no,no,39,16,64,47,33,Just Pass
male,9.4,3.2,1.5,7.6,no,no,100,100,31,17,59,Decent
female,7.6,3.6,1.1,2.9,no,no,28,4,91,89,6,Just Pass
male,5.2,2.8,4.0,4.2,no,no,100,39,100,37,88,Nice
female,9.0,3.0,7.6,0.0,no,no,18,57,69,55,12,Just Pass
male,6.1,1.8,7.4,1.3,no,no,48,28,40,72,99,Decent
male,8.4,1.5,5.1,0.8,no,no,19,29,68,85,92,Decent
female,9.4,1.0,2.5,1.1,no,no,4,39,64,29,100,Just Pass
female,7.7,0.2,5.8,3.8,no,no,45,45,58,90,100,Decent
male,4.8,1.2,3.1,5.1,no,no,24,96,44,27,100,Decent
female,5.6,2.7,2.5,3.7,no,no,100,58,24,78,96,Nice
female,9.0,3.2,0.0,2.5,no,no,75,26,20,90,10,Just Pass
female,6.7,2.5,4.2,1.7,no,no,5,36,70,13,48,Just Pass
male,7.1,0.0,2.7,5.2,no,no,41,22,100,30,26,Just Pass
male,8.1,6.1,4.2,7.1,no,no,79,16,50,67,66,Decent
female,8.0,5.2,0.0,3.3,no,no,35,67,8,0,48,Worst
female,7.4,3.9,4.3,4.9,no,no,94,22,12,29,100,Decent
female,6.7,6.8,0.0,3.7,no,no,44,41,34,13,90,Just Pass
male,6.5,1.0,6.2,4.5,no,no,85,100,43,68,45,Decent
male,8.3,6.8,5.0,0.7,no,no,51,28,24,16,50,Just Pass
female,7.8,1.1,3.4,2.0,no,no,71,42,32,55,54,Decent
female,6.6,3.5,5.1,3.8,no,no,33,97,76,62,64,Decent
female,8.6,0.5,2.0,5.4,no,no,54,100,80,90,70,Nice
female,6.8,3.0,4.1,1.4,no,no,7,90,93,96,93,Nice
female,5.7,3.8,5.6,0.0,no,no,56,55,67,48,87,Decent
female,5.9,2.7,0.0,2.0,no,no,44,94,15,34,11,Just Pass
male,5.5,4.4,3.1,5.0,yes,no,69,74,68,18,27,Decent
female,6.6,3.2,4.0,0.0,no,no,18,39,16,61,73,Just Pass
male,8.9,2.0,3.6,0.6,no,no,45,64,57,96,70,Decent
female,5.8,1.9,6.9,3.3,no,no,33,27,22,91,78,Decent
female,7.3,4.6,1.8,2.8,no,no,60,54,3,19,98,Just Pass
male,6.0,1.7,2.8,4.2,no,no,96,38,58,100,45,Decent
male,6.6,4.8,0.2,0.5,no,no,65,17,0,62,40,Just Pass
male,4.7,5.4,7.0,2.4,yes,no,82,0,18,0,85,Just Pass
male,6.7,0.0,3.5,5.4,no,no,100,56,54,92,90,Nice
female,6.7,5.3,3.1,0.6,no,no,70,41,69,21,57,Decent
male,7.8,7.1,3.9,6.0,no,no,34,66,39,55,21,Just Pass
female,7.3,3.5,5.3,0.9,no,no,22,31,50,31,25,Worst
male,5.2,4.2,4.7,4.7,no,no,54,89,87,18,47,Decent
female,8.6,5.1,9.3,2.3,no,no,100,60,28,84,54,Decent
female,7.3,2.4,4.9,0.7,no,no,44,66,83,85,52,Decent
female,7.3,3.4,3.1,2.0,no,no,21,29,85,25,92,Decent
female,7.0,0.4,2.9,4.1,no,no,100,96,100,38,25,Nice
female,6.2,3.3,3.2,3.0,no,no,43,67,49,47,29,Just Pass
female,7.3,4.0,1.0,5.2,no,no,76,93,44,88,21,Decent
male,7.7,4.0,4.1,5.9,no,no,91,28,83,20,86,Decent
female,4.4,5.1,5.6,0.6,yes,no,64,18,0,60,77,Just Pass
male,6.2,1.5,2.8,0.5,no,no,83,12,4,93,90,Decent
male,6.6,1.9,2.4,0.4,no,no,83,21,33,56,72,Decent
female,7.4,6.8,7.0,1.2,no,no,63,36,69,3,0,Just Pass
male,8.8,2.7,1.1,5.2,no,no,50,99,21,36,44,Decent
female,5.8,3.4,0.0,4.1,no,no,69,58,66,14,89,Decent
male,6.3,2.9,1.7,1.9,no,no,84,34,27,26,66,Just Pass
female,6.2,1.4,0.9,3.0,no,no,41,80,71,87,26,Decent
male,5.8,6.2,4.8,5.8,no,no,38,10,54,14,55,Just Pass
female,6.5,1.9,3.3,6.8,no,no,54,57,31,48,28,Just Pass
female,8.2,0.7,3.6,3.5,no,no,69,74,38,65,66,Decent
female,5.4,2.1,6.3,0.0,no,no,9,62,25,91,94,Decent
female,7.6,0.0,2.6,3.6,no,no,91,74,30,38,17,Decent
male,4.4,1.7,5.6,4.9,no,no,29,37,62,93,77,Decent
female,6.2,1.1,7.0,3.4,no,no,30,50,100,75,40,Decent
male,6.5,4.2,3.1,4.5,no,no,26,100,72,74,100,Nice
male,9.5,1.7,5.5,3.7,no,no,72,100,98,100,21,Nice
male,6.6,4.8,3.5,0.5,no,no,22,25,92,0,55,Just Pass
female,3.7,5.8,5.8,1.2,no,no,28,56,46,44,17,Just Pass
male,4.0,4.6,0.9,2.4,no,no,86,17,16,67,81,Decent
male,7.1,2.6,0.7,5.1,no,no,93,45,100,97,21,Nice
male,7.9,3.3,3.2,1.5,no,no,86,80,70,14,43,Decent
female,7.6,0.0,2.2,3.9,no,no,72,65,100,49,33,Decent
female,7.3,2.7,3.0,3.6,no,no,94,92,73,15,87,Nice
male,8.7,1.3,3.6,6.2,no,no,97,82,97,100,55,Good
female,6.2,4.4,5.4,2.9,no,no,100,67,94,90,23,Nice
female,8.3,8.1,3.2,0.0,no,no,0,0,59,32,56,Worst
male,4.6,4.0,2.4,4.3,no,yes,0,53,35,0,60,Worst
male,5.6,0.0,3.3,7.3,no,no,43,100,73,36,72,Decent
female,4.3,2.3,2.5,4.4,no,no,100,55,90,70,45,Nice
male,6.6,3.2,2.1,1.4,no,no,59,14,76,97,62,Decent
female,6.9,3.2,0.8,0.8,no,no,37,92,31,78,60,Decent
female,7.2,1.5,4.1,1.1,no,no,56,34,54,84,71,Decent
female,7.1,3.5,2.9,7.0,no,no,98,56,79,57,43,Decent
female,5.6,0.5,5.9,2.3,no,no,100,21,16,100,100,Decent
female,6.7,1.1,1.1,1.7,no,no,76,15,28,86,25,Just Pass
female,4.8,4.3,2.9,2.7,no,no,75,21,25,33,37,Just Pass
male,9.0,1.0,7.6,2.4,no,no,48,70,100,90,44,Decent
male,6.5,4.1,2.1,6.1,no,no,57,66,44,54,100,Decent
female,6.3,0.3,3.5,1.0,yes,no,80,52,46,58,74,Decent
female,9.4,6.5,1.6,5.4,no,no,80,60,85,99,83,Good
female,5.1,1.5,1.3,3.2,no,no,75,56,32,31,7,Just Pass
male,5.3,2.6,7.1,5.4,no,no,26,100,32,99,88,Decent
female,5.4,3.7,4.3,6.2,no,no,18,100,100,74,38,Decent
male,6.9,1.9,4.3,3.2,no,no,24,37,81,100,100,Decent
female,7.6,3.3,0.6,2.4,no,no,57,12,16,12,52,Worst
female,8.1,4.2,4.7,3.1,no,no,58,47,86,76,61,Decent
male,10.9,4.9,6.3,2.8,no,no,99,7,83,8,40,Just Pass
male,3.6,4.6,6.3,0.0,no,no,61,80,75,16,45,Decent
female,7.9,2.7,5.3,6.1,no,no,48,42,46,51,93,Decent
female,6.2,2.7,1.7,3.5,no,no,22,60,50,49,62,Just Pass
female,6.1,7.7,4.6,0.7,no,no,73,0,58,85,53,Decent
male,6.1,4.9,5.3,0.0,no,no,40,50,34,1,42,Just Pass
male,5.6,1.2,0.4,0.0,no,no,62,0,3,13,68,Worst
male,9.5,3.2,1.8,4.5,no,no,64,84,21,28,97,Decent
male,8.3,2.3,5.8,1.8,no,no,18,100,67,50,13,Just Pass
male,7.0,2.7,5.8,2.1,no,no,13,38,45,14,18,Worst
male,9.0,0.5,0.9,4.0,no,no,49,37,12,100,80,Decent
female,4.7,2.2,5.6,2.0,no,no,43,51,83,62,44,Decent
female,5.0,6.6,4.2,4.1,no,no,69,63,43,83,30,Decent
male,3.7,4.2,5.6,3.2,no,no,65,20,33,79,19,Just Pass
female,6.0,0.0,2.7,2.8,no,no,100,92,83,78,69,Good
female,7.2,5.4,5.3,0.0,no,no,79,13,39,84,28,Just Pass
male,7.2,5.2,5.7,1.4,no,no,48,0,68,89,49,Decent
female,7.2,2.3,3.3,4.2,no,no,61,63,12,23,100,Decent
male,4.9,4.4,4.0,1.6,no,no,66,10,0,89,74,Just Pass
male,8.2,1.3,2.7,5.4,no,no,28,86,72,69,96,Decent
female,7.4,2.1,7.3,7.7,no,no,100,44,100,54,40,Decent
male,8.1,6.0,3.8,4.3,no,no,54,84,30,63,35,Decent
male,4.2,2.5,2.2,6.0,no,no,100,58,79,39,21,Decent
male,7.5,0.0,2.6,4.4,no,no,100,73,34,64,100,Nice
male,5.2,2.9,4.3,1.9,no,no,62,22,35,85,72,Decent
male,6.4,2.8,5.5,3.4,no,no,21,25,18,14,12,Worst
male,7.8,5.4,1.3,7.0,no,no,66,72,97,27,56,Decent
male,7.1,3.0,7.7,2.0,no,no,69,35,41,100,36,Decent
male,5.7,2.2,4.6,0.9,no,no,82,42,27,48,57,Decent
female,7.0,5.1,4.9,0.7,no,no,0,43,69,26,13,Worst
female,4.7,3.2,3.8,2.6,no,no,50,26,23,96,9,Just Pass
female,8.7,1.5,4.0,1.0,no,no,97,84,29,96,37,Decent
male,6.7,5.3,3.7,6.3,no,no,100,100,21,15,40,Decent
male,8.7,3.4,6.0,3.4,no,no,29,53,100,46,81,Decent
female,6.2,3.0,4.0,4.9,no,no,100,100,37,100,60,Nice
female,6.2,3.4,5.5,2.4,no,no,20,94,100,23,35,Decent
female,5.9,0.9,3.1,0.7,no,no,88,20,21,61,61,Decent
male,8.3,1.9,4.4,0.4,no,no,30,20,5,35,10,Worst
female,5.9,3.0,2.4,1.2,no,no,94,46,88,72,65,Nice
female,8.0,2.6,6.4,3.7,no,no,83,66,72,29,28,Decent
male,6.4,5.5,2.3,4.0,no,no,40,35,36,60,28,Just Pass
female,4.0,3.4,3.4,4.2,no,no,33,36,56,5,33,Worst
male,6.1,4.7,3.4,0.0,no,no,16,36,19,18,39,Worst
male,5.2,3.0,3.3,3.0,no,no,74,75,69,22,100,Decent
male,7.1,5.1,5.4,0.9,no,no,87,6,59,18,30,Just Pass
female,5.2,3.8,3.4,3.8,no,no,82,78,15,93,35,Decent
female,8.4,3.0,6.8,4.0,no,no,97,100,100,100,30,Good
male,6.9,3.0,2.4,0.7,no,no,76,74,44,73,37,Decent
female,6.7,1.1,4.3,4.9,no,no,100,37,37,77,36,Decent
female,8.0,4.0,2.4,7.7,no,no,91,24,46,39,29,Just Pass
female,8.4,2.9,4.8,4.7,no,no,35,63,100,41,99,Decent
female,7.0,2.0,4.0,2.7,no,no,88,100,47,39,14,Decent
male,5.8,5.2,3.7,2.4,no,no,31,80,55,76,70,Decent
female,4.3,0.5,6.4,2.6,no,no,100,69,100,38,33,Decent
male,6.0,2.2,2.7,1.5,no,no,40,17,68,100,4,Just Pass
male,6.1,5.1,5.2,3.5,no,no,34,76,72,84,84,Decent
female,7.2,3.6,2.5,0.7,no,no,19,77,20,95,66,Decent
male,6.5,2.9,4.2,0.0,no,no,64,92,65,44,32,Decent
female,8.0,3.5,1.6,3.4,no,no,13,64,42,61,10,Just Pass
female,6.1,3.4,2.7,3.0,no,no,99,55,95,32,40,Decent
male,6.9,0.0,3.8,1.9,no,no,40,72,23,71,29,Just Pass
male,8.8,2.3,7.6,0.4,no,no,35,100,34,100,99,Nice
male,7.5,6.2,4.2,3.6,no,no,5,63,7,4,53,Worst
male,6.9,1.7,7.3,1.0,no,no,33,34,47,37,100,Decent
female,6.1,2.4,4.4,2.7,no,no,49,71,22,36,43,Just Pass
female,6.1,1.9,3.2,6.5,no,no,55,100,100,100,74,Good
female,5.7,2.8,7.1,4.3,no,no,43,72,100,29,35,Decent
male,6.2,1.8,4.9,0.3,no,no,7,53,69,84,83,Decent
male,8.1,4.0,2.7,0.5,no,no,25,68,5,22,0,Worst
male,6.7,3.4,4.9,3.3,no,no,85,74,42,94,77,Nice
female,5.0,4.5,3.4,0.2,no,no,37,0,90,42,33,Just Pass
male,9.7,0.9,0.0,0.0,no,no,26,69,10,21,54,Just Pass
female,7.5,2.3,5.9,4.1,no,no,45,55,70,85,74,Decent
male,4.9,2.5,6.2,3.6,no,no,68,100,48,97,84,Nice
female,6.3,3.9,7.7,3.9,no,no,43,100,100,60,33,Decent
female,7.2,1.4,4.8,3.5,yes,no,62,43,27,70,52,Decent
male,9.6,4.8,3.5,2.9,no,no,99,97,5,19,43,Decent
male,5.3,5.4,5.7,1.7,no,no,4,31,70,93,28,Just Pass
female,8.5,1.0,5.7,4.0,no,no,34,86,50,27,67,Decent
female,9.1,2.0,7.3,6.1,no,no,41,31,89,46,100,Decent
male,6.1,1.9,3.9,2.0,no,no,51,21,17,35,100,Just Pass
male,6.6,8.3,3.7,1.0,no,no,0,73,39,2,14,Worst
female,5.4,2.1,2.6,0.7,no,no,47,89,37,40,88,Decent
male,6.7,6.4,5.1,1.3,no,no,87,48,48,40,82,Decent
female,6.9,0.5,0.9,3.4,no,no,11,43,95,61,34,Just Pass
female,8.0,1.0,5.6,0.0,no,no,41,50,100,9,64,Decent
male,8.6,1.6,5.2,3.9,no,no,91,100,90,36,100,Good
male,5.9,1.3,5.2,4.3,no,no,32,38,93,97,68,Decent
male,4.0,2.5,4.3,0.0,no,no,3,25,48,77,32,Just Pass
male,7.0,1.6,7.1,1.0,no,no,72,87,18,42,74,Decent
male,7.4,1.4,5.7,3.2,no,no,14,100,80,60,31,Decent
female,7.4,5.3,2.8,2.7,no,no,79,8,13,17,15,Worst
female,6.5,5.4,2.8,4.0,no,no,8,82,26,84,85,Decent
male,7.2,4.9,2.2,2.7,no,no,51,63,69,94,3,Decent
male,9.3,4.0,5.1,5.5,no,no,88,37,79,43,94,Decent
male,7.6,3.2,2.0,2.4,no,no,26,77,33,80,31,Just Pass
female,6.4,2.0,6.2,1.0,no,no,17,79,84,42,55,Decent
male,6.2,1.1,6.6,0.9,no,no,26,23,100,9,63,Just Pass
male,6.7,3.7,2.2,4.5,no,no,92,57,61,66,83,Nice
female,9.5,0.7,3.6,3.1,yes,no,67,72,64,38,85,Decent
female,6.7,1.0,4.0,4.3,no,yes,10,10,18,66,71,Just Pass
male,7.0,5.3,5.8,4.2,no,no,79,54,100,82,65,Nice
male,6.3,6.8,7.2,0.0,no,no,63,5,20,87,27,Just Pass
male,8.6,3.8,0.6,0.7,no,no,92,23,81,36,45,Decent
female,9.9,5.2,3.4,1.0,no,no,34,16,87,43,0,Just Pass
male,7.7,2.5,3.5,1.4,no,no,89,53,74,43,27,Decent
male,7.1,0.3,1.2,2.2,no,no,51,21,88,36,43,Just Pass
male,7.1,4.2,3.0,5.0,yes,no,83,32,39,57,25,Just Pass
female,3.4,4.1,4.9,5.4,no,no,15,33,97,88,15,Just Pass
female,8.1,3.1,3.4,2.4,no,no,21,78,78,19,9,Just Pass
male,7.2,2.5,0.9,2.5,no,no,86,71,34,100,44,Decent
male,7.6,4.9,9.7,1.6,no,no,88,16,10,75,14,Just Pass
female,5.9,1.0,4.5,3.2,no,no,43,100,67,91,41,Decent
female,6.4,1.5,4.2,3.4,no,no,71,86,96,100,59,Good
female,6.4,1.0,1.8,4.6,no,no,52,75,100,64,34,Decent
female,8.5,3.2,4.5,4.6,no,no,13,59,95,19,19,Just Pass
female,6.4,0.8,3.7,0.0,yes,no,0,5,9,67,31,Worst
female,10.1,1.6,0.2,2.7,no,no,9,100,46,91,48,Decent
female,7.6,1.6,1.9,5.8,yes,no,60,1,62,17,92,Just Pass
female,5.1,2.5,5.6,2.1,no,no,35,77,74,10,20,Just Pass
female,6.8,0.0,7.9,5.3,no,no,41,77,60,40,88,Decent
male,6.0,3.2,4.7,2.4,no,no,100,96,75,38,37,Decent
male,3.7,5.5,6.2,3.3,no,no,12,38,59,92,12,Just Pass
male,9.4,3.3,3.7,0.7,no,yes,41,25,30,0,13,Worst
female,8.1,6.1,3.8,0.8,no,no,81,66,58,72,34,Decent
male,7.8,5.7,6.2,4.5,no,no,24,12,68,93,44,Just Pass
female,7.2,4.6,7.3,4.8,no,no,34,18,29,94,89,Decent
female,4.9,3.1,6.6,3.1,no,no,68,32,98,19,94,Decent
male,6.3,3.0,1.9,0.5,no,no,46,10,20,63,10,Worst
female,8.3,4.5,3.9,3.1,no,no,55,3,77,98,19,Decent
male,5.4,2.2,4.6,5.5,no,no,72,79,34,29,59,Decent
male,3.2,0.0,3.5,6.5,yes,no,96,81,68,5,34,Decent
male,6.7,4.0,4.8,2.4,no,no,9,99,93,91,85,Nice
female,6.8,0.7,5.6,0.0,no,no,82,50,6,70,100,Decent
male,7.2,1.1,6.0,4.7,yes,no,28,32,100,69,23,Decent
female,8.1,3.0,7.4,2.4,no,no,47,96,12,100,86,Decent
male,8.0,2.8,3.3,4.9,no,no,20,96,13,88,72,Decent
male,7.4,0.2,1.3,3.6,no,no,56,74,97,51,76,Decent
male,8.8,3.3,4.7,1.2,no,no,82,29,72,45,28,Decent
female,4.7,4.9,7.8,3.1,no,yes,0,72,0,0,0,Worst
female,7.8,0.7,3.0,5.6,no,no,46,36,100,49,73,Decent
female,7.9,5.5,5.4,2.7,no,no,39,6,69,46,63,Just Pass
male,5.1,0.0,5.4,0.9,no,no,20,89,21,36,100,Decent
male,4.7,7.2,4.4,0.0,no,no,63,43,73,78,54,Decent
female,5.9,2.2,4.0,1.5,no,no,83,29,53,6,49,Just Pass
female,6.0,3.3,2.2,2.2,no,no,84,68,28,59,100,Decent
female,8.1,0.0,0.0,4.6,no,no,71,89,95,90,50,Nice
female,6.1,2.9,1.8,0.8,no,no,47,81,70,70,13,Decent
female,5.7,3.5,3.2,6.1,no,no,40,42,76,78,75,Decent
female,6.1,2.8,6.2,0.3,no,no,68,5,92,44,29,Just Pass
male,8.7,1.9,3.8,7.7,no,no,68,75,100,100,100,Good
female,7.0,1.1,3.0,6.5,no,no,100,100,43,53,63,Nice
male,6.7,5.3,2.2,3.3,no,no,95,19,86,74,13,Decent
male,6.8,3.1,5.3,0.0,no,no,90,42,37,92,14,Decent
female,8.9,6.1,6.7,2.9,no,no,39,28,46,15,67,Just Pass
female,5.9,1.9,6.1,2.2,no,no,47,12,100,100,47,Decent
male,9.0,2.1,5.2,0.5,no,no,89,93,79,81,40,Nice
female,7.3,4.6,1.0,3.6,no,no,72,13,32,61,61,Just Pass
female,6.8,0.0,3.3,1.4,yes,no,64,70,58,31,16,Just Pass
male,10.8,0.6,7.9,1.6,no,no,42,49,68,100,29,Decent
male,5.4,5.2,6.2,2.6,no,no,87,31,15,8,69,Just Pass
male,6.5,0.7,0.9,1.9,no,no,62,99,93,48,5,Decent
female,5.2,0.0,3.9,7.2,no,no,71,92,100,100,100,Excellent
male,8.4,6.7,4.7,1.9,no,no,82,64,73,77,14,Decent
female,9.5,0.2,2.5,3.9,no,no,53,89,69,34,58,Decent
male,9.5,3.4,0.0,3.3,no,no,66,35,23,5,22,Worst
male,8.8,3.1,4.2,3.7,no,no,55,65,97,89,30,Decent
male,6.7,0.0,2.4,3.9,no,no,74,42,50,57,98,Decent
female,6.5,2.5,2.4,4.8,no,no,15,94,13,25,69,Just Pass
female,4.5,3.9,3.3,3.5,no,no,49,62,100,11,34,Decent
male,10.1,3.7,3.7,3.4,no,no,61,30,92,70,31,Decent
male,7.7,4.8,4.0,3.1,no,no,52,92,65,61,24,Decent
male,6.3,2.2,2.2,2.7,no,no,89,63,6,90,60,Decent
female,9.0,4.4,3.6,1.2,no,no,29,47,20,1,71,Just Pass
male,5.5,1.6,0.5,2.9,no,no,93,8,50,91,30,Decent
female,7.6,0.2,4.6,3.5,no,no,56,100,78,100,49,Nice
male,6.7,0.4,0.0,3.8,no,no,79,100,80,54,82,Nice
male,8.0,0.1,3.4,3.4,no,no,23,71,93,22,88,Decent
male,6.9,5.0,5.8,2.5,no,no,23,47,58,97,23,Just Pass
male,4.8,0.0,1.9,2.9,no,no,86,45,75,17,48,Decent
male,7.1,3.5,5.4,1.9,no,no,6,31,86,64,91,Decent
male,8.6,2.5,6.3,3.6,no,no,100,71,85,63,88,Good
female,7.0,2.8,0.0,2.6,no,no,19,12,95,83,16,Just Pass
male,8.2,5.7,3.7,3.4,no,no,91,92,88,51,39,Nice
female,5.4,2.1,0.0,5.0,no,no,60,26,25,55,100,Decent
male,7.0,4.2,3.8,1.6,no,no,56,74,94,88,52,Nice
male,6.1,3.1,4.0,4.2,no,no,18,40,30,100,81,Decent
female,8.1,2.7,0.0,3.1,no,no,38,24,100,56,11,Just Pass
male,7.0,7.6,7.8,7.0,no,no,28,68,83,58,96,Decent
female,8.0,0.1,4.6,2.6,no,no,66,90,76,97,74,Nice
female,8.6,5.6,2.3,4.4,no,no,57,74,34,85,19,Decent
male,8.0,4.3,6.9,3.0,yes,no,63,16,6,24,31,Worst
female,7.4,2.0,0.4,0.2,no,no,83,29,8,53,4,Just Pass
female,5.5,6.3,1.5,2.0,no,no,38,78,78,7,69,Decent
male,7.0,0.0,0.0,4.8,no,no,37,86,57,77,88,Decent
female,6.2,2.0,7.6,2.1,no,no,45,83,67,95,61,Decent
male,6.5,0.6,4.7,0.0,no,no,89,31,98,23,50,Decent
male,6.4,3.8,5.3,2.9,no,no,21,86,32,39,53,Just Pass
male,5.5,0.8,4.6,0.8,no,no,69,42,83,51,10,Decent
male,4.1,3.9,5.1,3.3,no,no,5,44,51,88,40,Just Pass
female,6.0,2.6,4.2,6.1,no,no,42,46,39,91,30,Just Pass
male,7.3,2.0,4.5,4.5,yes,no,59,12,85,31,18,Just Pass
male,5.0,3.8,4.2,6.1,no,no,60,57,82,39,100,Decent
female,7.0,2.5,2.8,1.9,no,no,52,4,12,72,29,Just Pass
male,9.9,0.8,3.9,2.7,no,no,77,56,65,58,59,Decent
male,8.5,8.6,4.5,0.9,no,no,10,59,72,46,75,Decent
female,9.5,2.0,4.2,1.6,no,no,34,100,12,70,47,Decent
female,7.6,0.0,1.0,1.1,no,no,72,11,45,59,56,Just Pass
female,8.8,1.3,1.3,0.4,no,no,52,27,79,60,15,Just Pass
female,5.9,0.5,6.2,5.7,no,no,26,74,100,100,53,Decent
female,6.0,4.7,3.4,0.0,no,no,60,10,70,79,43,Decent
female,2.9,3.6,5.2,5.7,no,no,69,18,37,21,43,Just Pass
female,8.8,3.8,1.8,5.5,no,no,16,54,59,67,12,Just Pass
male,9.3,2.3,1.1,4.0,yes,no,66,50,66,35,32,Just Pass
female,6.2,2.4,2.3,0.8,no,no,51,81,14,27,80,Decent
female,6.6,2.3,3.6,0.0,no,no,19,98,58,62,10,Just Pass
female,5.9,2.8,2.7,1.9,no,no,57,79,74,53,3,Decent
male,7.6,4.7,6.6,4.3,no,no,70,33,95,88,22,Decent
male,8.7,3.7,4.4,3.0,no,no,98,80,17,15,74,Decent
female,4.4,4.0,7.7,0.9,no,no,75,54,33,31,80,Decent
female,7.6,4.0,4.8,5.3,no,no,43,58,67,15,17,Just Pass
female,6.6,4.8,0.0,6.4,no,no,18,100,77,81,95,Nice
male,7.2,3.6,6.1,2.5,no,no,92,77,80,98,69,Good
male,7.7,3.7,1.0,3.2,no,no,85,69,26,59,52,Decent
female,6.7,5.4,4.5,0.0,no,no,10,0,0,54,18,Worst
male,6.8,1.7,2.5,2.2,no,no,12,92,75,10,43,Just Pass
female,6.7,1.3,8.3,4.0,no,no,92,100,100,71,100,Excellent
male,8.5,0.6,6.9,3.7,no,no,91,48,98,71,100,Good
male,7.6,3.4,2.5,2.0,no,no,18,30,63,4,63,Just Pass
female,7.3,0.0,3.7,2.5,no,no,79,18,100,91,70,Nice
female,5.1,3.9,4.5,2.1,no,no,30,8,46,30,24,Worst
female,6.4,2.8,5.7,2.4,no,no,34,74,60,80,100,Decent
female,8.3,5.3,4.1,3.8,no,no,36,22,5,44,79,Just Pass
male,7.1,1.7,2.0,0.0,yes,no,35,75,77,82,21,Decent
male,8.0,2.6,2.6,2.9,no,no,86,90,64,27,87,Decent
male,9.6,5.2,4.0,3.7,no,no,53,38,43,9,25,Just Pass
female,8.6,5.8,6.5,1.9,no,no,29,38,4,97,21,Just Pass
male,7.1,1.6,4.9,2.0,no,no,97,41,45,33,88,Decent
female,6.2,3.4,2.5,2.1,no,no,6,10,1,64,56,Worst
male,3.2,3.6,5.3,2.0,no,no,76,0,29,34,52,Just Pass
female,6.7,3.7,3.2,3.0,no,no,82,49,99,67,61,Nice
female,6.5,2.5,5.8,3.3,no,no,37,100,27,71,24,Decent
male,7.6,5.6,9.1,0.0,no,no,18,90,53,69,33,Decent
female,6.8,0.0,3.3,4.3,no,no,100,97,35,18,74,Decent
female,6.5,2.2,5.6,2.4,no,no,65,72,88,93,34,Decent
male,4.3,3.9,2.5,6.9,no,no,15,96,67,58,61,Decent
female,5.6,3.9,3.8,0.6,no,no,86,48,17,48,52,Decent
female,7.7,5.7,4.1,1.3,no,no,29,13,81,36,89,Just Pass
female,9.6,5.4,3.6,2.6,no,no,33,67,77,97,23,Decent
male,6.9,2.4,8.9,3.8,no,no,82,100,100,98,61,Good
male,7.5,5.6,3.4,0.0,no,no,57,0,0,22,89,Just Pass
female,8.4,1.6,5.2,1.3,no,no,42,32,52,85,25,Just Pass
male,5.8,4.9,0.1,4.2,no,no,14,26,99,43,78,Decent
female,7.6,6.6,4.9,1.1,no,no,49,3,75,81,11,Just Pass
female,5.9,5.4,6.3,5.7,no,no,75,35,96,16,98,Decent
female,8.3,3.2,2.9,2.1,no,no,88,40,64,37,50,Decent
female,7.2,2.3,0.0,1.2,no,no,45,90,68,39,94,Decent
female,7.4,0.0,3.9,4.2,no,no,82,100,98,92,35,Good
male,5.8,3.6,4.0,6.2,no,no,20,100,24,33,83,Decent
female,8.1,0.8,5.4,3.8,yes,no,91,14,71,30,71,Decent
male,10.1,1.4,8.0,5.5,no,no,57,27,100,97,96,Nice
male,5.5,0.6,3.2,6.4,no,no,85,32,26,29,32,Just Pass
female,6.5,2.1,2.3,1.2,no,no,92,92,30,21,29,Decent
female,7.3,2.9,1.7,4.9,no,no,91,25,42,85,43,Decent
male,8.2,3.5,4.4,0.0,no,yes,35,29,57,59,4,Just Pass
male,6.2,1.8,5.0,3.8,no,no,84,36,92,86,81,Nice
male,2.8,5.1,2.9,2.9,no,no,83,0,56,43,0,Just Pass
female,9.0,2.6,5.6,5.5,no,no,99,26,98,27,91,Decent
male,8.1,1.4,4.9,5.3,no,no,79,89,64,100,71,Nice
female,4.4,3.5,4.1,4.1,no,no,72,25,94,19,24,Just Pass
female,6.1,6.9,2.2,3.6,no,no,10,18,19,34,18,Worst
female,9.4,3.7,3.0,4.0,no,no,54,44,77,12,16,Just Pass
male,9.2,2.3,0.0,3.1,no,no,33,68,27,73,48,Just Pass
female,8.4,0.0,4.5,2.9,no,no,58,61,18,65,74,Decent
female,6.7,2.6,4.1,5.9,no,no,83,100,45,100,75,Nice
female,7.1,3.5,4.4,6.1,no,no,30,59,65,29,100,Decent
female,6.8,2.2,5.0,2.7,no,no,11,29,94,91,39,Decent
female,8.7,0.0,4.8,3.5,no,no,56,70,67,68,93,Decent
male,5.7,1.3,3.8,3.2,no,no,44,57,29,48,84,Decent
female,5.8,5.9,4.1,0.0,no,no,33,69,90,55,0,Just Pass
female,8.5,5.9,1.2,2.3,no,no,86,86,20,72,86,Decent
male,6.9,1.2,2.8,6.2,no,no,89,100,100,63,100,Good
female,9.1,4.3,4.1,1.5,no,no,31,37,92,22,38,Just Pass
male,6.0,0.6,2.5,7.2,yes,no,25,29,62,99,49,Decent
female,6.9,5.8,5.7,5.3,no,no,70,100,18,40,90,Decent
male,5.6,3.5,2.7,3.8,no,no,71,44,75,100,55,Decent
male,7.0,4.9,4.4,4.1,no,no,54,83,90,82,85,Nice
female,4.8,0.0,4.2,1.2,no,no,30,100,53,77,12,Decent
female,6.3,4.4,5.5,2.5,no,no,6,61,27,5,29,Worst
female,4.8,3.0,5.8,5.9,no,no,44,65,98,62,27,Decent
male,8.0,4.7,5.4,1.8,no,no,46,70,55,51,46,Decent
male,8.1,4.8,0.0,5.1,no,no,81,22,22,40,88,Decent
male,4.4,3.1,6.4,0.2,no,no,85,48,94,14,56,Decent
female,9.0,1.8,7.1,0.6,no,no,48,38,100,43,59,Decent
male,10.7,4.6,3.0,6.8,no,no,92,29,49,20,49,Just Pass
male,7.1,2.9,4.5,3.0,no,no,100,69,14,37,14,Just Pass
female,6.0,1.3,2.2,1.9,no,no,76,62,68,13,81,Decent
male,11.2,1.2,0.1,5.7,no,no,86,90,45,89,71,Nice
male,5.0,0.0,2.5,5.5,no,no,100,100,26,87,100,Good
female,7.0,2.0,2.9,4.8,no,no,46,35,100,100,56,Decent
male,7.3,5.2,3.3,1.9,no,no,0,74,96,34,37,Just Pass
female,9.0,3.4,2.1,2.4,no,no,99,37,36,79,98,Decent
female,7.5,1.9,2.5,3.6,no,no,58,71,83,67,23,Decent
female,6.3,4.6,4.0,4.4,no,no,85,92,13,71,32,Decent
female,5.6,1.3,2.5,2.0,no,no,87,31,42,60,54,Decent
female,6.5,3.2,5.1,3.3,no,no,48,69,19,86,61,Decent
male,5.5,2.6,5.4,3.5,no,no,66,60,17,16,66,Just Pass
male,7.1,4.6,8.8,5.6,no,no,71,97,76,26,39,Decent
female,6.2,0.0,6.3,4.5,no,no,44,91,100,31,100,Nice
female,4.8,1.3,4.5,0.0,no,no,13,78,47,30,72,Just Pass
male,8.9,0.0,2.8,2.6,yes,no,51,25,49,56,22,Just Pass
female,6.3,2.5,4.6,1.1,no,no,15,73,30,67,32,Just Pass
female,5.1,5.4,4.7,4.1,no,no,39,65,78,76,93,Decent
female,6.7,2.0,3.0,4.8,yes,no,16,43,34,26,36,Worst
male,7.1,2.0,5.6,3.2,no,no,83,50,19,78,68,Decent
male,4.4,4.7,1.2,2.5,no,no,82,28,11,6,7,Worst
female,7.5,5.1,3.5,3.1,no,no,58,1,13,1,26,Worst
female,5.4,2.8,5.1,3.4,no,no,51,26,53,79,51,Decent
male,9.6,4.4,3.4,1.7,no,no,98,4,5,70,64,Just Pass
male,7.8,0.8,3.6,0.6,no,no,7,89,85,67,33,Decent
female,6.4,5.8,3.7,0.0,no,no,21,77,81,16,86,Decent
female,5.9,7.3,2.3,5.5,no,no,28,85,25,93,23,Decent
male,6.8,4.0,6.3,4.0,no,no,46,92,59,98,88,Nice
male,7.9,0.0,2.0,3.7,no,no,37,36,65,65,50,Decent
male,7.0,1.9,4.6,5.5,no,no,44,67,100,100,100,Good
female,6.7,4.2,4.8,0.5,no,no,23,88,4,27,90,Just Pass
male,7.1,2.2,2.1,0.0,no,no,47,72,63,46,15,Just Pass
female,6.1,5.5,4.1,3.8,no,no,42,3,37,95,52,Just Pass
male,6.5,4.2,2.2,3.6,yes,no,51,33,38,34,3,Worst
male,3.9,1.6,6.8,0.0,no,no,52,2,22,48,71,Just Pass
male,8.5,3.1,1.7,3.7,no,no,23,33,21,12,88,Just Pass
male,7.4,1.2,2.7,2.2,no,no,88,50,31,28,45,Just Pass
female,5.8,2.6,1.6,1.4,no,no,47,89,7,15,39,Just Pass
female,9.8,1.9,1.3,2.3,no,no,19,69,31,60,24,Just Pass
male,7.1,5.3,7.2,0.0,no,no,13,33,66,28,27,Just Pass
female,5.4,7.2,5.1,1.8,no,no,74,44,60,2,27,Just Pass
male,8.3,0.1,4.3,1.6,no,no,81,92,66,61,26,Decent
male,7.6,0.0,2.7,4.1,no,no,66,45,16,82,46,Decent
male,7.6,2.5,5.8,2.7,no,no,40,71,22,83,100,Decent
male,6.4,0.0,2.4,4.3,no,no,62,42,100,99,48,Decent
female,7.7,3.1,5.6,0.0,no,no,63,47,27,48,27,Just Pass
male,6.6,4.5,2.3,1.3,no,no,83,0,87,35,34,Just Pass
male,7.8,6.0,2.7,4.1,yes,no,41,71,73,54,82,Decent
female,4.1,3.4,5.5,2.4,no,no,30,7,18,4,79,Worst
male,6.3,2.6,5.7,4.7,no,no,20,38,100,79,36,Decent
male,9.6,0.0,5.2,0.0,no,no,24,40,69,47,82,Decent
male,5.8,3.1,1.9,4.5,no,no,73,70,71,53,84,Decent
female,6.1,3.1,3.1,1.7,no,no,18,74,87,31,97,Decent
male,6.3,4.3,4.3,1.5,no,no,48,8,40,12,89,Just Pass
female,5.2,1.6,2.3,5.0,no,no,83,18,87,54,23,Decent
male,3.7,2.1,6.7,5.3,no,no,45,94,81,45,60,Decent
male,6.7,0.0,0.0,5.1,no,no,81,86,92,100,85,Good
female,7.2,0.0,2.4,7.1,no,no,82,100,90,100,100,Excellent
male,6.9,0.8,3.0,5.5,no,no,62,86,27,83,27,Decent
male,6.8,0.0,0.0,1.4,yes,no,78,64,18,79,25,Decent
female,7.1,3.7,1.2,3.3,no,no,71,39,95,77,51,Decent
female,8.5,2.0,5.3,2.3,no,no,45,68,31,43,50,Just Pass
female,6.7,1.9,4.1,7.1,no,no,100,100,69,82,67,Good
female,6.1,1.0,7.1,5.2,no,no,96,40,58,45,59,Decent
female,6.6,0.0,7.1,2.6,no,no,97,60,26,86,100,Nice
male,7.9,6.0,4.9,4.8,no,no,70,80,24,10,86,Decent
female,9.1,1.0,4.6,0.5,no,no,42,58,33,88,78,Decent
male,6.1,2.2,4.1,3.5,no,no,45,79,57,69,52,Decent
male,7.1,0.1,0.0,1.1,no,no,68,32,90,8,91,Decent
male,7.5,4.9,1.2,0.0,no,no,2,0,40,76,0,Worst
female,5.5,3.3,4.2,4.6,no,no,92,13,76,98,25,Decent
female,7.0,1.3,5.2,4.8,no,no,55,100,60,100,100,Good
male,4.8,2.2,4.6,3.9,no,no,75,100,99,89,68,Good
female,4.3,6.4,2.2,2.6,no,no,41,13,58,59,7,Just Pass
female,7.6,2.9,5.9,0.5,no,no,54,17,12,42,97,Just Pass
female,6.4,2.6,7.0,0.7,no,no,79,7,53,19,100,Decent
female,7.3,1.1,5.9,1.1,yes,no,56,17,76,22,82,Decent
male,7.0,0.0,6.0,2.5,no,no,41,49,89,50,39,Decent
male,5.5,2.7,2.9,5.2,no,no,20,37,100,48,40,Just Pass
female,6.9,3.7,6.2,5.1,no,yes,74,69,12,46,30,Just Pass
male,5.2,5.2,4.3,0.0,no,no,81,67,90,13,50,Decent
female,9.1,0.0,5.0,1.6,no,no,28,20,40,30,100,Just Pass
female,5.0,0.7,4.7,1.6,no,no,40,79,15,81,100,Decent
male,6.7,1.8,3.8,0.0,no,no,29,53,50,1,93,Just Pass
male,5.4,3.0,2.3,4.1,no,no,100,21,19,22,16,Just Pass
male,7.9,2.7,3.8,2.5,no,no,26,79,74,49,81,Decent
female,6.5,2.8,6.0,2.8,no,no,26,18,100,24,97,Decent
male,6.2,3.8,3.1,5.7,yes,no,15,14,89,92,30,Just Pass
female,8.3,1.2,5.8,3.2,no,no,87,29,75,82,36,Decent
male,7.0,4.9,5.5,2.1,no,no,90,95,55,45,76,Nice
male,7.8,3.9,3.4,4.1,no,no,46,76,100,18,16,Decent
female,5.5,2.4,6.8,5.1,no,no,32,60,76,57,100,Decent
female,4.9,6.2,3.3,3.6,no,no,57,81,91,64,14,Decent
female,7.2,6.1,7.0,4.4,no,no,28,29,99,100,53,Decent
female,6.5,4.9,4.9,2.7,no,no,9,96,31,50,100,Decent
female,7.9,0.0,4.0,2.8,no,no,100,83,15,83,100,Nice
female,6.9,6.2,2.2,3.2,no,no,84,52,40,16,74,Decent
female,7.3,4.6,3.8,1.5,no,no,95,77,84,60,81,Nice
female,4.6,7.0,3.6,1.9,no,no,39,56,75,14,88,Decent
male,9.8,5.5,1.5,5.8,no,no,34,93,65,24,97,Decent
female,6.8,6.2,3.6,7.0,no,no,86,92,25,60,72,Decent
female,8.0,4.8,2.4,6.2,no,no,28,29,20,31,83,Just Pass
male,5.7,5.7,5.2,0.4,no,no,18,17,89,66,53,Just Pass
female,7.5,7.0,6.6,0.2,no,no,18,0,35,86,43,Just Pass
male,5.0,3.4,1.5,0.6,no,no,90,17,59,34,83,Decent
male,7.7,0.0,7.4,3.3,no,no,93,55,100,53,94,Nice
female,6.5,2.4,3.7,0.0,no,no,12,1,85,16,84,Just Pass
male,7.0,3.8,2.0,1.8,no,no,7,29,54,37,7,Worst
female,8.0,3.1,5.5,5.8,no,no,100,94,65,72,74,Good
male,5.2,0.5,3.1,5.0,yes,no,83,87,76,40,35,Decent
male,6.0,0.0,3.8,2.0,no,no,78,11,45,73,62,Decent
male,7.7,1.5,3.2,2.1,no,no,26,7,69,73,68,Just Pass
female,10.1,4.6,2.4,4.1,no,no,52,18,6,13,88,Just Pass
female,6.8,6.2,5.4,4.9,no,no,67,94,89,76,10,Decent
male,7.9,4.8,3.4,1.9,no,no,91,44,97,88,14,Decent
male,6.8,5.1,1.1,2.5,yes,no,0,79,76,0,73,Just Pass
female,9.9,2.8,5.1,1.9,no,no,57,94,41,61,100,Decent
female,4.4,0.0,1.6,0.3,no,no,15,89,53,60,5,Just Pass
male,7.1,2.1,1.7,2.6,no,no,49,17,28,75,38,Just Pass
male,4.6,2.5,6.4,2.4,no,no,28,55,38,46,8,Just Pass
female,3.2,2.0,1.6,0.5,no,no,74,90,36,72,66,Decent
female,7.4,3.1,0.0,4.3,no,no,30,19,79,58,73,Decent
female,7.2,3.9,5.2,4.0,no,no,51,67,11,50,66,Just Pass
female,6.6,4.7,3.4,4.4,no,no,46,40,45,77,75,Decent
female,6.8,2.4,3.6,1.5,no,no,89,41,58,95,56,Decent
male,11.6,0.0,3.4,0.0,no,no,80,94,26,86,28,Decent
female,6.6,2.0,4.5,3.9,no,no,18,71,20,100,88,Decent
male,7.8,3.1,2.5,1.7,no,no,7,76,54,27,79,Just Pass
female,6.0,5.4,7.0,1.2,no,no,55,67,63,11,85,Decent
male,7.4,1.9,1.0,0.5,no,no,40,50,62,51,93,Decent
female,6.6,4.0,4.9,2.4,no,no,31,83,39,8,78,Just Pass
female,6.4,3.6,5.3,6.2,no,no,96,100,40,84,22,Decent
male,9.7,3.1,2.5,2.0,no,no,14,98,24,26,4,Just Pass
male,8.8,4.9,2.0,0.8,no,no,90,71,0,38,66,Decent
female,7.2,1.7,6.0,4.3,no,no,19,65,35,82,22,Just Pass
female,3.5,1.8,2.0,3.3,no,no,13,18,83,50,33,Just Pass
female,6.5,3.0,2.8,0.0,no,no,27,0,0,19,9,Worst
female,11.1,1.7,5.8,4.3,no,no,67,40,21,100,100,Decent
female,6.7,4.0,4.1,7.3,no,no,39,52,30,94,49,Decent
male,8.7,1.6,0.4,0.0,no,no,69,8,38,56,1,Just Pass
male,9.2,3.5,7.5,0.5,no,no,39,26,37,73,98,Decent
female,7.3,2.8,2.9,0.0,no,no,0,5,14,38,57,Worst
male,5.7,3.4,3.2,2.8,no,no,91,56,15,41,7,Just Pass
male,3.3,2.1,4.5,5.0,no,no,100,21,100,25,92,Decent
male,8.0,2.3,5.3,3.2,no,no,72,85,100,91,26,Nice
female,5.8,3.2,7.9,5.8,no,no,100,54,98,59,100,Good
male,7.3,3.4,0.7,4.7,no,no,18,73,31,75,66,Decent
female,5.1,3.0,5.7,6.4,no,no,46,100,52,49,37,Decent
male,6.6,6.4,5.5,5.3,no,no,40,16,74,87,83,Decent
female,7.1,1.0,3.7,2.2,no,no,100,100,38,19,54,Decent
male,7.4,2.9,5.6,3.1,no,no,61,74,63,72,73,Decent
female,5.3,0.0,5.9,1.3,no,no,12,17,77,92,98,Decent
female,8.8,3.7,1.2,2.5,no,no,38,31,51,66,26,Just Pass
male,6.1,0.8,7.5,3.1,no,no,18,100,59,87,54,Decent
female,4.5,2.4,0.9,2.8,no,no,24,60,35,53,100,Decent
female,6.8,2.3,1.7,5.7,no,no,58,41,90,68,63,Decent
female,7.1,3.6,3.5,2.3,no,no,35,97,76,9,58,Decent
female,7.2,1.9,7.8,1.1,yes,no,0,73,64,20,23,Just Pass
female,9.0,1.8,3.4,1.3,no,no,15,77,41,76,45,Decent
female,6.6,5.9,3.9,4.3,no,no,59,92,81,98,54,Nice
female,6.8,3.6,6.9,0.2,no,no,70,77,96,55,26,Decent
female,5.3,1.9,3.4,2.6,no,no,48,36,76,80,31,Decent
male,8.2,2.5,1.6,5.7,no,no,86,71,53,81,73,Nice
male,7.3,6.3,3.2,3.6,no,no,15,83,78,98,17,Decent
female,6.4,2.5,6.7,2.9,no,no,24,30,72,91,67,Decent
female,4.1,1.6,4.1,2.9,no,no,90,23,94,69,77,Decent
male,9.2,1.6,7.9,0.9,no,no,43,25,81,21,29,Just Pass
male,5.2,1.9,5.5,1.3,no,no,50,26,83,43,81,Decent
male,6.1,1.8,2.7,2.6,no,no,100,17,73,32,42,Decent
female,7.5,0.4,4.1,3.5,no,no,57,98,24,100,100,Nice
male,5.2,0.8,2.3,4.9,yes,no,1,82,49,45,98,Decent
female,4.8,1.3,2.7,3.2,no,no,100,24,14,62,88,Decent
female,3.8,4.2,12.0,5.7,no,no,20,89,63,100,53,Decent
male,8.1,2.2,6.0,6.2,no,no,88,84,93,100,100,Excellent
female,6.2,2.6,5.7,4.6,no,no,47,42,57,93,100,Decent
female,11.4,5.5,2.8,5.4,no,no,53,28,6,20,52,Worst
female,5.5,5.6,7.1,1.0,no,no,53,24,35,1,60,Just Pass
female,5.6,2.4,6.2,0.7,no,no,45,78,11,17,5,Worst
male,6.2,1.7,7.8,4.0,no,no,96,50,97,93,23,Nice
male,7.4,1.3,7.7,0.3,no,no,100,36,87,50,59,Decent
female,6.3,4.4,1.0,2.4,no,no,5,0,77,8,57,Worst
female,7.9,2.6,1.8,4.5,no,no,89,99,12,82,40,Decent
male,5.5,2.2,2.0,5.8,no,no,26,89,17,33,23,Just Pass
female,4.9,1.4,2.1,2.5,no,no,14,53,96,64,84,Decent
male,4.3,1.5,4.6,1.7,no,no,100,99,17,79,46,Decent
female,3.7,3.6,2.9,3.6,no,no,48,29,67,60,64,Decent
female,6.2,0.4,8.1,0.9,no,no,28,80,92,100,78,Nice
male,6.5,5.0,7.8,2.7,no,no,63,37,51,50,61,Decent
male,6.1,1.9,4.0,3.0,no,no,36,41,64,41,27,Just Pass
male,8.9,2.7,7.9,2.9,no,no,59,97,35,33,74,Decent
male,8.8,0.3,7.0,3.2,yes,no,66,82,96,54,36,Decent
female,6.5,3.0,3.1,1.3,no,no,87,30,31,86,82,Decent
male,4.3,2.3,0.0,1.5,no,no,0,3,16,89,14,Worst
female,6.1,2.9,3.6,1.5,no,no,23,37,54,99,31,Just Pass
male,6.1,5.9,2.7,0.0,no,no,0,65,8,42,33,Worst
male,6.0,3.4,4.4,3.7,no,no,18,19,77,69,83,Decent
female,6.0,1.4,4.2,4.8,no,no,100,84,68,75,89,Good
male,6.0,1.6,4.1,4.6,no,no,100,100,29,61,48,Decent
male,6.4,4.2,5.0,2.5,no,no,78,21,10,19,55,Just Pass
male,6.0,5.6,1.6,1.4,no,no,56,78,5,0,15,Worst
male,7.3,3.6,4.8,4.5,no,no,95,16,24,54,88,Decent
female,7.5,4.4,3.1,4.3,no,yes,0,47,12,0,0,Worst
female,5.6,4.2,4.4,3.4,no,no,17,85,89,94,87,Nice
male,8.9,5.8,5.9,6.5,no,no,44,57,18,89,100,Decent
male,5.5,0.0,1.6,2.9,no,no,94,31,23,72,100,Decent
male,4.6,4.3,3.4,2.5,no,no,47,92,30,4,85,Decent
female,7.6,5.0,3.8,2.2,no,no,49,0,54,61,21,Just Pass
female,5.8,0.3,3.0,0.0,no,no,25,58,79,65,44,Decent
female,7.5,1.2,5.8,4.3,no,no,82,55,100,61,26,Decent
female,3.4,1.3,2.6,2.8,no,no,90,48,43,67,18,Decent
male,9.1,1.5,2.9,4.0,no,no,44,65,22,97,16,Just Pass
male,8.0,2.0,2.6,6.7,no,no,80,72,40,94,83,Nice
male,4.7,3.5,6.2,2.2,no,no,38,25,33,52,58,Just Pass
female,4.8,4.7,3.0,0.0,no,no,70,58,69,17,82,Decent
male,9.5,5.2,4.9,4.0,no,no,53,7,74,53,52,Just Pass
female,5.9,1.3,8.0,3.3,no,no,51,20,38,100,82,Decent
female,5.7,1.3,3.9,1.5,no,no,49,54,90,88,47,Decent
male,3.6,5.6,6.2,3.8,no,no,10,55,86,3,83,Just Pass
male,6.5,4.3,7.3,4.6,no,no,100,41,100,92,100,Good
male,6.7,3.2,6.1,1.1,no,no,99,59,31,21,47,Decent
female,8.1,3.9,4.0,2.4,no,no,50,54,16,60,11,Just Pass
female,4.9,2.9,5.3,6.0,no,yes,15,27,3,73,9,Worst
male,4.7,4.0,1.4,1.6,no,no,61,60,35,51,67,Decent
male,7.7,2.3,2.4,3.1,no,no,52,100,49,47,39,Decent
female,8.5,3.5,2.8,0.0,no,no,20,44,81,27,73,Just Pass
male,4.6,0.0,8.5,0.0,no,no,14,89,37,41,85,Decent
female,8.6,1.6,2.4,3.3,no,no,97,33,71,92,78,Nice
female,7.1,1.6,2.3,5.5,no,no,94,91,93,97,96,Excellent
male,8.6,2.3,1.9,0.3,no,no,80,62,24,80,73,Decent
male,6.9,1.1,5.1,3.1,no,no,57,77,40,42,77,Decent
male,3.2,1.9,4.3,2.2,no,no,76,90,67,80,1,Decent
male,6.8,0.0,6.2,4.9,no,no,82,47,96,27,75,Decent
female,8.6,4.1,5.3,0.6,no,no,36,35,94,19,58,Just Pass
female,5.7,2.8,1.2,3.9,no,no,90,14,90,57,100,Decent
female,6.4,0.0,2.4,1.7,no,no,100,80,90,48,73,Nice
male,6.7,1.3,6.7,3.4,no,no,100,100,86,28,74,Nice
female,2.7,3.7,3.6,3.1,no,no,73,36,7,0,50,Just Pass
male,9.5,1.9,6.4,2.5,no,no,86,47,92,73,22,Decent
male,5.6,1.6,3.7,4.0,no,no,78,78,100,44,55,Nice
male,7.8,2.9,2.1,3.1,no,no,90,12,44,6,18,Just Pass
male,6.9,3.7,3.4,2.7,no,no,52,32,34,46,8,Just Pass
male,8.9,0.1,2.1,2.3,no,no,27,45,61,39,41,Just Pass
male,7.6,4.1,2.9,3.2,no,no,79,54,98,60,67,Nice
female,6.6,1.4,4.4,3.4,no,no,100,60,18,100,99,Nice
male,5.7,3.0,5.0,1.0,no,no,37,23,73,33,84,Decent
female,8.2,2.9,0.8,2.3,no,no,78,54,81,99,29,Decent
female,4.2,1.9,4.0,0.9,no,no,27,92,78,8,4,Just Pass
male,8.0,1.0,2.8,2.9,no,no,100,12,66,18,50,Just Pass
male,5.4,2.4,2.7,1.8,no,no,71,71,95,74,34,Decent
male,8.9,6.3,4.3,4.5,no,no,60,66,17,78,41,Decent
female,7.2,0.3,2.9,4.3,no,no,93,100,40,58,71,Nice
male,8.0,6.4,6.8,1.2,no,no,78,61,27,25,0,Just Pass
female,7.1,2.5,6.4,3.0,no,no,100,74,12,91,49,Decent
male,4.4,3.1,6.4,4.3,no,no,100,88,49,100,67,Nice
male,5.7,0.8,3.0,2.6,no,no,15,36,26,100,53,Just Pass
female,8.0,1.5,2.1,1.5,no,no,15,62,75,66,69,Decent
female,7.2,2.0,4.2,0.8,no,no,85,54,44,77,21,Decent
male,8.8,0.9,3.7,4.7,no,no,100,60,87,99,32,Nice
female,7.6,2.6,2.8,4.8,no,no,42,19,41,91,42,Just Pass
female,5.5,2.2,1.6,2.6,no,no,4,33,17,100,14,Just Pass
female,5.8,6.7,3.9,4.5,no,no,34,29,15,83,25,Just Pass
female,7.2,0.7,3.2,0.0,no,no,41,75,23,69,11,Just Pass
female,3.5,3.2,5.4,5.7,no,no,87,100,22,48,51,Decent
male,9.5,3.5,5.3,2.7,no,no,11,30,29,66,78,Just Pass
male,7.7,0.9,6.2,3.3,no,no,37,23,73,100,44,Decent
female,8.8,4.4,1.5,2.4,no,no,87,97,23,28,0,Just Pass
male,4.6,2.2,4.8,5.8,no,no,32,86,51,20,72,Decent
male,8.9,0.0,2.5,0.9,no,no,81,94,11,38,75,Decent
female,10.3,4.3,1.6,5.9,no,no,45,23,98,100,48,Decent
male,5.0,0.8,3.1,3.8,no,no,80,94,27,93,43,Decent
female,8.2,0.9,6.1,4.2,no,no,26,100,53,37,68,Decent
female,7.0,4.4,3.3,2.3,no,no,28,15,37,1,10,Worst
male,4.7,2.3,7.1,0.4,no,no,46,20,81,70,68,Decent
female,7.7,4.8,5.1,4.9,no,no,95,39,58,67,83,Decent
female,8.3,5.4,3.2,3.6,no,no,58,23,40,10,72,Just Pass
female,6.1,1.7,6.3,5.7,no,no,26,100,91,100,54,Nice
female,8.7,4.6,4.9,2.6,no,no,83,39,62,64,87,Decent
female,4.5,1.5,2.1,2.2,yes,no,0,65,0,54,83,Just Pass
male,4.8,7.5,7.7,5.8,no,no,100,89,40,94,38,Nice
male,7.2,1.6,4.5,6.8,no,no,44,61,100,56,49,Decent
female,7.0,5.1,4.0,3.0,no,no,50,70,50,57,72,Decent
female,5.9,4.7,2.3,1.5,no,no,3,6,38,53,66,Just Pass
male,8.2,3.6,6.4,4.6,yes,no,55,38,13,95,50,Decent
female,7.8,1.7,5.0,2.5,yes,yes,19,66,53,0,62,Just Pass
male,8.3,2.7,5.3,4.2,no,no,54,29,26,88,27,Just Pass
female,6.8,0.0,3.0,2.5,no,no,15,50,22,69,59,Just Pass
female,7.9,3.4,5.7,6.1,no,no,100,97,61,100,21,Nice
female,6.3,3.7,5.8,1.6,no,no,84,70,47,87,9,Decent
female,10.1,3.3,2.7,4.0,no,no,70,70,100,8,12,Decent
female,5.8,0.0,1.2,2.0,no,no,64,92,19,32,56,Decent
female,10.2,0.5,5.2,2.4,no,no,82,15,61,31,71,Decent
female,7.1,1.5,0.9,2.2,no,no,18,81,24,50,4,Just Pass
male,4.9,3.6,4.3,4.5,no,no,100,98,80,100,73,Good
male,9.1,3.6,3.1,4.8,no,no,38,11,49,10,58,Just Pass
male,7.2,2.7,6.4,4.1,no,yes,55,45,54,38,12,Just Pass
female,8.3,4.3,3.2,2.8,no,no,62,36,35,90,3,Just Pass
female,8.8,0.9,6.2,3.3,no,no,79,21,72,100,31,Decent
female,7.5,4.2,3.0,4.8,no,no,95,49,54,73,68,Decent
female,6.1,3.9,6.0,4.9,no,no,42,77,50,95,78,Decent
female,8.5,3.8,8.1,0.0,no,no,76,93,55,34,66,Decent
female,7.0,2.6,1.9,2.5,no,no,62,65,41,31,18,Just Pass
female,8.0,6.7,4.6,2.6,no,no,4,82,77,1,88,Decent
male,3.8,4.0,9.5,4.3,no,no,53,24,61,62,53,Decent
female,7.7,1.1,4.1,2.9,no,no,95,33,100,57,88,Nice
male,6.0,3.5,4.1,4.4,no,no,41,100,32,47,26,Just Pass
male,9.5,4.5,5.6,0.8,no,no,47,87,10,10,46,Just Pass
female,7.9,1.8,4.1,3.5,no,no,60,35,50,35,64,Just Pass
female,7.4,5.2,0.6,4.8,no,no,63,64,20,22,79,Just Pass
male,7.7,3.8,6.3,0.1,no,no,88,36,39,94,62,Decent
male,5.5,0.0,0.0,8.0,no,no,41,70,44,100,63,Decent
female,9.4,3.6,3.2,5.4,no,no,62,98,98,12,40,Decent
female,10.0,2.2,6.4,3.0,no,no,55,86,69,30,100,Decent
male,7.6,4.1,3.3,1.3,no,no,27,21,47,86,26,Just Pass
female,9.4,4.9,2.6,2.6,no,no,90,30,77,2,11,Just Pass
female,6.1,3.4,5.8,3.2,no,no,9,37,22,100,39,Just Pass
female,5.8,6.3,2.3,3.9,no,no,11,77,84,37,31,Just Pass
male,7.1,2.6,1.6,6.0,yes,no,71,47,46,51,10,Just Pass
male,7.7,4.2,4.5,2.0,no,no,28,97,15,78,72,Decent
male,6.4,4.6,3.6,4.1,no,no,78,87,87,30,67,Decent
female,7.8,2.8,1.5,0.4,no,no,79,17,42,6,27,Just Pass
female,7.5,4.6,5.3,2.2,no,no,28,81,63,83,100,Nice
male,5.5,1.8,4.9,3.8,no,yes,8,39,78,87,54,Decent
male,7.8,2.2,3.3,4.4,no,no,26,37,100,77,82,Decent
male,8.3,0.4,3.4,1.5,yes,no,13,29,82,75,48,Just Pass
female,7.3,3.5,4.9,2.1,no,no,30,100,45,98,59,Decent
male,8.7,3.7,6.4,5.9,no,no,100,66,92,40,20,Decent
male,5.2,5.4,3.4,5.3,no,no,84,78,30,42,84,Decent
female,7.7,4.6,5.3,3.4,no,no,6,53,89,27,97,Decent
female,5.2,2.4,5.1,0.0,no,no,88,38,35,7,13,Just Pass
female,5.3,0.6,5.8,8.0,no,no,38,100,77,100,100,Good
male,6.1,3.9,4.1,3.0,no,no,70,89,94,19,58,Decent
female,5.6,5.2,2.2,2.4,no,no,12,4,77,6,25,Worst
female,6.2,4.5,3.1,2.0,no,yes,0,1,69,9,66,Worst
male,6.7,5.2,4.7,3.8,no,no,80,55,41,11,6,Just Pass
female,8.3,2.6,7.6,3.8,no,no,62,47,31,33,43,Just Pass
male,6.5,2.1,3.0,4.9,no,no,72,91,100,19,100,Nice
male,4.6,1.5,5.6,1.1,no,no,48,17,55,93,54,Decent
female,8.7,2.9,3.3,2.4,no,no,10,83,92,81,63,Decent
female,5.7,2.8,4.2,7.1,no,no,93,81,93,100,94,Excellent
female,6.9,3.4,7.0,3.4,no,no,94,40,99,98,26,Nice
female,7.7,2.7,5.5,2.7,no,no,13,43,74,100,30,Decent
female,7.3,2.7,1.5,1.1,no,no,35,16,79,16,97,Just Pass
female,8.6,1.4,2.9,4.0,no,no,67,37,24,100,35,Decent
male,7.7,4.9,6.5,5.1,no,no,72,83,100,64,65,Nice
male,5.7,3.2,4.3,4.7,no,no,69,49,30,28,41,Just Pass
female,10.3,2.7,1.7,2.5,no,no,72,71,5,68,88,Decent
male,7.3,1.5,2.4,3.7,no,no,100,61,63,42,100,Nice
female,6.8,0.3,5.4,6.3,no,no,65,40,97,30,40,Decent
male,8.4,5.6,6.0,5.1,no,no,65,59,81,17,70,Decent
male,7.4,4.1,4.0,1.4,no,no,68,74,32,41,80,Decent
male,7.6,0.0,9.0,0.0,no,no,72,42,88,95,95,Nice
female,10.7,4.5,5.6,3.6,no,no,45,71,91,38,51,Decent
male,6.6,4.8,3.5,4.6,no,no,69,26,68,83,29,Decent
female,6.5,3.2,2.4,0.8,no,no,63,11,36,3,36,Worst
male,7.2,6.2,2.1,3.0,no,no,54,32,57,35,71,Just Pass
male,8.6,3.4,4.7,2.5,no,no,26,44,92,18,100,Decent
male,4.7,0.2,3.0,3.2,no,no,62,88,100,98,67,Good
male,4.1,3.7,7.3,1.9,no,no,91,49,6,99,22,Decent
male,6.1,3.5,6.9,5.6,no,no,100,26,30,50,22,Just Pass
female,4.5,1.8,5.3,3.3,no,no,86,74,11,100,100,Nice
female,6.4,4.1,1.6,1.2,no,no,64,41,44,70,43,Decent
male,7.8,0.0,2.7,4.8,no,no,33,51,61,18,89,Decent
male,5.7,5.0,6.5,0.5,no,no,43,78,52,46,64,Decent
male,4.9,1.2,2.9,5.6,no,no,28,32,85,100,100,Decent
male,7.1,1.0,6.2,5.0,no,no,100,100,57,74,47,Nice
female,8.3,2.8,4.9,5.8,no,no,46,50,37,71,61,Decent
male,4.5,3.9,4.1,2.7,no,no,78,48,41,46,93,Decent
female,8.2,3.3,2.6,2.0,no,no,82,93,1,40,59,Decent
male,8.2,1.5,3.8,3.2,no,no,100,87,93,13,18,Decent
female,8.4,2.0,4.4,2.8,no,no,85,17,48,72,29,Decent
male,8.8,0.7,6.1,1.7,no,no,68,69,74,88,35,Decent
male,10.3,2.6,2.2,1.9,no,no,61,33,34,81,100,Decent
female,6.5,5.2,3.5,2.3,no,no,31,49,60,61,21,Just Pass
male,7.2,3.0,4.1,0.7,no,no,17,74,54,34,86,Decent
male,6.4,4.7,5.3,4.4,no,no,22,58,29,11,16,Worst
male,7.0,5.9,2.2,2.9,no,no,15,4,59,86,15,Just Pass
female,9.3,1.8,1.4,2.4,no,no,97,56,14,46,91,Decent
male,5.0,2.6,5.3,0.8,no,no,19,5,51,63,92,Just Pass
male,5.7,7.3,1.0,0.7,no,no,57,19,56,4,2,Worst
female,9.1,5.9,6.6,6.9,no,no,33,62,69,29,37,Just Pass
female,8.5,0.0,3.7,1.7,no,no,100,74,84,18,63,Decent
female,6.5,3.8,0.9,4.2,no,no,40,54,31,83,9,Just Pass
male,8.3,3.0,3.0,3.3,no,no,47,21,10,70,100,Just Pass
male,7.5,4.7,4.8,0.0,no,no,35,88,0,57,31,Just Pass
male,9.3,1.5,2.9,6.6,no,no,100,85,46,100,68,Nice
female,7.1,1.3,4.0,4.4,no,no,36,46,55,30,25,Just Pass
male,8.5,1.6,5.5,1.5,no,no,91,100,61,25,11,Decent
male,11.0,1.9,3.6,2.9,no,no,74,97,84,27,55,Decent
female,7.9,4.6,2.1,0.7,no,no,15,7,76,35,5,Worst
female,7.1,0.6,3.4,6.7,no,no,29,88,92,100,86,Nice
female,8.1,1.8,6.8,1.2,no,no,86,65,55,97,88,Nice
female,6.5,0.0,7.4,2.0,no,no,38,36,43,76,20,Just Pass
female,10.6,5.0,0.0,1.5,no,no,80,15,34,57,53,Just Pass
male,7.3,5.5,6.2,3.2,no,no,17,61,32,94,86,Decent
female,6.6,2.3,4.5,5.7,no,no,79,50,80,80,61,Decent
male,5.7,2.4,5.8,6.6,no,no,91,100,100,44,100,Good
male,8.6,3.9,2.9,2.2,no,no,66,10,52,71,12,Just Pass
female,8.3,5.9,0.5,3.8,no,no,28,88,1,73,29,Just Pass
female,6.3,3.8,5.2,3.2,no,no,94,91,100,70,30,Nice
female,7.9,1.6,2.1,1.0,no,no,78,75,31,29,100,Decent
male,4.7,0.0,1.2,7.8,no,no,75,50,100,63,53,Decent
female,7.3,0.8,1.4,5.7,no,no,77,88,98,64,55,Nice
female,7.7,3.1,5.2,3.4,no,no,66,53,51,24,94,Decent
female,9.6,1.7,4.3,6.2,yes,no,99,68,10,50,97,Decent
female,5.8,3.4,5.6,5.4,yes,no,90,32,95,17,94,Decent
female,5.1,1.9,5.3,3.2,no,no,35,95,77,61,67,Decent
male,5.7,0.9,3.2,3.7,no,no,39,17,37,18,79,Just Pass
male,5.0,0.6,3.9,6.0,no,no,100,91,75,100,56,Good
male,9.0,6.1,3.0,1.1,no,yes,0,49,30,0,27,Worst
female,9.3,4.8,3.6,6.3,no,no,100,76,34,58,42,Decent
female,7.5,6.5,2.1,2.5,no,no,58,13,3,0,68,Worst
female,8.8,4.1,4.8,6.0,no,no,19,42,40,33,44,Just Pass
male,7.2,2.1,6.2,3.0,no,no,46,64,17,82,100,Decent
female,6.9,5.6,2.4,3.7,no,no,47,32,6,11,14,Worst
female,6.5,2.9,6.6,2.9,no,no,94,11,26,73,68,Decent
female,6.5,3.4,4.2,1.9,yes,no,20,0,3,0,40,Worst
male,4.7,2.9,4.5,2.5,no,no,36,81,29,51,31,Just Pass
female,7.4,0.0,0.6,5.8,no,no,100,26,100,90,20,Decent
male,6.9,6.2,0.4,0.0,no,no,0,77,42,77,0,Just Pass
female,8.1,4.0,4.3,0.5,no,no,52,41,39,46,93,Decent
male,7.1,3.7,5.6,1.5,no,no,53,78,59,87,97,Nice
male,6.8,2.9,2.7,0.8,no,no,4,11,0,79,10,Worst
male,5.7,3.3,7.3,6.0,yes,no,13,97,94,34,42,Decent
female,7.1,1.8,5.5,5.5,no,no,58,23,73,100,66,Decent
female,8.1,4.2,2.2,4.2,no,no,18,9,50,69,52,Just Pass
male,5.3,0.4,4.1,1.7,yes,no,42,0,89,5,24,Worst
male,7.1,3.4,9.0,5.7,no,no,82,32,95,100,100,Good
female,7.3,4.1,1.5,0.0,no,no,61,40,25,9,82,Just Pass
female,5.9,2.6,5.1,7.3,no,no,77,100,100,70,24,Nice
male,6.1,3.7,3.4,1.6,no,no,37,28,85,46,65,Decent
female,7.3,1.0,5.4,2.5,no,no,25,87,100,75,20,Decent
female,5.3,1.1,6.5,2.1,no,no,37,90,22,79,72,Decent
female,7.5,3.5,3.2,0.9,no,no,39,88,93,21,84,Decent
female,5.7,4.4,6.2,6.9,no,no,100,33,73,54,83,Decent
male,8.6,0.0,8.4,4.6,no,no,46,39,93,40,72,Decent
female,10.5,4.0,4.1,5.4,no,no,53,24,33,24,100,Just Pass
female,5.7,1.9,5.6,0.6,no,no,78,40,19,87,79,Decent
male,7.8,2.6,2.8,3.4,no,no,77,55,14,82,31,Decent
male,5.9,0.3,4.0,4.0,no,no,100,63,59,61,55,Decent
female,8.6,1.3,3.6,3.5,no,no,31,37,34,21,87,Just Pass
female,5.1,4.9,5.6,0.7,no,no,0,60,6,42,0,Worst
female,7.7,3.1,6.4,5.2,no,yes,24,25,87,21,0,Worst
female,5.7,2.2,3.8,3.2,no,no,23,45,82,86,94,Decent
male,6.7,2.8,7.1,1.1,no,no,60,16,57,15,10,Worst
male,5.5,4.0,7.1,0.0,no,no,89,59,74,45,67,Decent
male,8.2,3.9,5.7,4.2,no,no,79,76,72,70,42,Decent
female,5.7,2.8,3.0,7.9,no,no,34,96,38,100,100,Nice
female,7.8,5.2,2.8,1.0,no,no,5,84,57,2,78,Just Pass
female,6.5,4.9,2.4,3.3,no,no,92,77,69,12,96,Decent
female,6.8,3.8,5.9,5.2,no,no,62,37,37,100,23,Decent
male,7.2,3.1,1.6,0.5,no,no,88,19,28,36,38,Just Pass
male,5.9,4.3,5.4,2.0,no,no,76,94,41,77,60,Decent
female,7.3,3.6,1.8,1.3,no,no,96,76,57,75,88,Nice
male,9.3,5.1,5.6,5.0,no,no,97,88,22,41,36,Decent
female,5.8,4.8,4.0,5.7,no,no,52,82,85,32,18,Decent
female,8.8,1.0,6.7,3.3,no,no,92,43,51,44,37,Decent
male,9.2,0.8,6.3,1.3,no,no,58,95,80,87,60,Nice
female,5.8,1.6,6.9,2.1,no,no,35,26,100,96,80,Decent
female,4.8,5.0,6.9,1.7,no,no,26,37,88,71,71,Decent
male,7.5,0.0,4.3,1.0,yes,no,33,28,67,38,1,Just Pass
female,6.2,3.8,1.7,2.8,no,no,12,57,20,27,77,Just Pass
female,9.8,3.7,1.9,4.1,no,no,22,51,78,47,71,Decent
male,7.1,5.3,0.0,4.0,yes,no,33,28,46,74,23,Just Pass
female,5.8,3.4,1.8,3.0,no,no,98,58,80,89,60,Nice
male,5.3,0.3,4.1,3.1,no,no,71,55,100,46,90,Nice
female,8.6,1.1,2.9,2.8,no,no,50,34,41,42,36,Just Pass
male,6.1,0.6,3.6,0.4,no,no,29,71,69,82,99,Decent
male,7.1,1.9,5.0,3.3,no,no,31,91,39,54,25,Just Pass
male,8.4,2.6,3.4,1.8,no,no,69,51,38,61,94,Decent
female,6.3,0.7,1.8,0.3,no,no,85,65,53,43,75,Decent
male,6.9,5.9,3.9,3.7,yes,no,26,40,30,11,53,Worst
male,7.0,0.3,2.2,1.8,no,yes,37,0,42,0,0,Worst
male,8.0,5.7,3.5,3.5,no,no,71,43,76,14,92,Decent
male,7.9,5.4,6.7,4.7,no,no,15,10,70,11,39,Worst
male,6.7,4.8,3.5,1.1,no,no,31,62,92,24,70,Decent
female,7.1,1.6,7.5,3.2,no,no,88,66,89,33,100,Nice
female,6.4,3.7,6.9,0.0,no,no,69,13,99,26,25,Just Pass
female,4.8,0.4,2.8,6.1,no,no,25,74,94,27,100,Decent
female,7.4,4.8,1.8,0.3,no,no,14,80,41,25,52,Just Pass
female,9.8,2.9,3.9,2.0,no,no,71,38,45,55,69,Decent
female,5.7,2.2,6.3,5.7,no,no,48,100,94,100,100,Good
female,5.8,0.6,3.0,2.5,no,no,91,100,78,44,62,Nice
male,5.7,0.0,5.8,0.6,no,no,12,88,76,13,54,Just Pass
female,8.1,0.9,6.4,4.4,no,no,39,100,92,56,83,Nice
male,7.7,5.2,2.5,4.4,no,no,31,44,90,84,58,Decent
male,6.8,2.2,2.6,1.7,no,no,95,43,25,37,9,Just Pass
female,5.6,2.7,5.4,2.0,no,no,86,100,63,36,25,Decent
male,7.1,4.3,4.3,2.1,no,no,90,38,62,93,3,Decent
male,4.7,6.6,2.6,2.6,no,no,38,3,23,23,4,Worst
male,7.2,5.7,3.3,0.0,no,no,72,5,88,87,62,Decent
male,8.3,1.1,3.9,2.6,no,no,95,81,88,93,10,Nice
female,5.1,0.0,0.9,6.6,no,no,60,59,53,89,51,Decent
female,4.7,7.7,5.5,1.2,no,no,90,10,26,50,35,Just Pass
female,9.4,7.5,3.0,1.8,no,no,76,72,62,13,84,Decent
female,6.1,3.4,0.0,0.6,no,no,90,41,0,66,25,Just Pass
female,8.7,0.5,4.0,4.2,no,no,100,73,63,51,95,Nice
female,6.8,4.9,2.5,5.4,no,no,84,22,41,55,47,Just Pass
female,6.8,2.8,7.4,5.4,no,no,100,39,100,30,29,Decent
female,7.7,2.8,2.8,0.5,no,no,39,10,77,27,7,Worst
female,5.7,4.8,1.8,4.0,no,no,80,53,35,54,45,Decent
female,7.2,3.7,5.0,5.9,no,no,36,92,100,61,20,Decent
male,6.4,0.6,2.7,4.0,no,no,87,87,100,48,71,Nice
female,5.0,2.4,2.4,4.0,no,no,87,35,64,56,58,Decent
male,7.5,4.3,5.0,2.1,no,no,74,88,18,77,73,Decent
male,6.6,4.0,1.9,3.4,no,yes,62,0,55,23,0,Worst
male,6.8,3.5,1.1,5.5,no,no,50,20,40,59,68,Just Pass
male,5.2,4.9,7.5,3.7,yes,no,49,79,47,65,12,Decent
female,9.4,2.3,5.2,0.5,no,no,4,27,7,87,75,Just Pass
male,8.3,3.4,3.5,2.1,no,yes,0,48,28,30,8,Worst
female,8.4,0.0,4.0,5.4,no,no,86,22,60,100,83,Decent
female,6.5,2.1,5.0,3.6,no,no,69,22,81,48,100,Decent
male,4.4,4.5,5.9,3.2,no,no,23,64,8,29,52,Just Pass
female,9.9,2.2,2.5,1.9,no,no,27,21,65,72,22,Just Pass
male,6.9,2.1,4.7,5.4,no,no,52,20,95,35,100,Decent
male,5.9,0.9,3.0,6.3,no,no,92,67,22,100,56,Decent
female,7.6,5.0,3.6,5.5,no,no,69,42,83,47,82,Decent
female,8.8,4.1,4.3,5.9,no,no,19,93,26,82,45,Decent
male,7.0,4.7,4.0,2.3,no,no,76,82,70,58,30,Decent
female,8.9,0.0,5.5,2.0,no,no,40,75,59,19,78,Decent
female,8.6,2.7,5.0,2.7,no,no,75,37,63,78,23,Decent
female,5.4,2.4,1.0,3.1,no,no,16,50,37,83,90,Decent
male,6.0,2.4,1.3,5.9,no,no,100,83,37,100,51,Nice
male,8.4,1.8,3.3,5.3,no,no,24,22,23,57,17,Worst
female,2.9,2.3,7.7,4.1,no,no,83,42,95,59,39,Decent
female,6.8,4.7,2.3,0.1,no,no,46,74,53,79,70,Decent
female,4.9,0.0,3.6,0.0,no,no,13,45,100,31,90,Decent
female,6.3,6.6,2.9,3.5,no,no,0,60,83,16,54,Just Pass
female,6.6,4.0,2.9,4.8,no,no,44,17,94,21,37,Just Pass
male,6.5,2.9,4.4,2.8,no,no,87,84,66,100,59,Nice
female,6.2,4.8,6.8,6.8,no,no,22,28,26,45,100,Just Pass
male,5.4,0.1,4.9,0.8,no,no,79,95,100,84,40,Nice
female,10.4,1.7,2.4,0.6,no,no,66,11,12,45,39,Just Pass
male,9.8,2.8,9.5,1.7,no,no,38,100,63,36,65,Decent
female,5.3,5.7,4.2,1.6,no,no,3,32,81,87,84,Decent
male,9.4,2.9,2.8,4.1,no,no,100,71,56,55,67,Decent
female,6.4,3.9,6.8,2.2,no,no,37,91,23,63,27,Just Pass
male,7.2,1.8,3.1,0.0,no,no,11,1,37,22,8,Worst
male,6.9,4.0,7.3,4.8,no,no,83,41,100,47,24,Decent
male,6.0,6.4,2.3,0.0,no,no,8,77,86,61,82,Decent
male,8.5,5.0,6.9,0.9,no,no,47,38,71,34,82,Decent
male,7.2,2.8,4.4,0.0,yes,no,0,54,72,34,60,Just Pass
male,6.3,4.4,6.6,3.4,no,no,100,23,13,20,58,Just Pass
female,5.0,4.2,7.8,3.4,no,no,55,78,38,96,78,Decent
male,5.7,4.0,1.7,6.8,no,no,100,19,48,85,24,Decent
female,4.5,5.2,6.6,4.8,no,no,47,80,10,85,71,Decent
female,7.0,5.2,1.2,5.9,no,no,40,38,43,23,87,Just Pass
female,5.2,2.7,1.9,3.6,no,no,97,52,15,55,12,Just Pass
female,6.6,4.3,2.4,1.0,no,no,27,11,46,0,24,Worst
female,9.1,2.2,5.0,3.3,no,no,54,73,11,42,22,Just Pass
male,8.8,1.2,4.1,4.2,no,no,22,48,42,49,41,Just Pass
male,7.0,2.5,3.7,4.4,yes,no,92,35,83,88,74,Nice
male,6.9,2.8,4.3,2.1,no,no,13,70,26,100,38,Just Pass
female,9.8,0.0,5.2,4.0,no,no,96,36,25,80,87,Decent
male,7.8,4.7,5.3,1.1,no,no,52,84,23,50,76,Decent
male,6.5,0.0,6.2,0.9,no,no,18,85,94,56,93,Decent
male,4.9,8.4,7.6,0.8,no,no,0,49,50,0,79,Just Pass
male,7.6,6.0,4.0,3.0,no,no,93,12,58,80,59,Decent
male,8.2,2.5,3.0,0.6,no,no,74,68,0,67,28,Just Pass
female,6.1,3.0,5.2,2.2,no,no,74,7,53,70,21,Just Pass
male,7.4,3.6,1.7,4.8,no,no,50,87,33,87,57,Decent
female,6.5,1.8,2.6,0.9,no,no,25,32,35,94,12,Just Pass
female,6.7,3.4,6.0,2.0,no,no,73,17,65,44,97,Decent
female,3.3,2.7,3.8,3.1,no,no,61,17,88,43,45,Decent
female,6.7,2.8,1.6,3.5,no,no,77,100,23,100,92,Nice
female,8.5,3.4,1.0,2.0,no,no,35,76,75,65,69,Decent
male,6.1,0.4,4.1,4.6,no,no,100,41,22,100,100,Nice
male,7.1,3.1,6.3,4.2,no,no,20,100,46,36,100,Decent
male,5.9,3.3,6.3,5.3,no,yes,0,6,13,23,0,Worst
female,7.5,3.3,4.2,2.8,no,no,97,79,97,45,78,Nice
male,6.7,2.6,8.0,2.0,no,no,75,76,28,42,33,Decent
male,5.6,5.3,3.8,1.6,no,no,29,79,54,85,95,Decent
female,9.0,2.3,3.7,3.6,no,no,86,48,26,61,87,Decent
female,8.4,3.5,0.0,2.2,no,no,42,37,44,92,0,Just Pass
female,6.1,5.6,3.1,1.9,no,no,0,58,37,28,88,Just Pass
female,7.7,2.8,5.7,2.1,no,no,72,46,11,10,36,Just Pass
male,7.8,3.4,7.1,1.6,no,no,30,10,88,19,47,Just Pass
female,8.0,2.8,2.3,3.4,no,no,17,78,84,27,67,Decent
female,4.5,5.5,4.9,0.2,no,no,14,56,19,55,83,Just Pass
male,8.5,2.5,6.1,3.6,no,no,60,55,74,31,100,Decent
male,6.1,5.6,4.0,4.4,no,no,9,35,41,43,61,Just Pass
female,6.5,2.8,0.0,1.8,no,no,86,30,74,77,29,Decent
male,11.0,1.3,4.5,6.8,no,no,78,97,92,35,50,Decent
female,7.5,4.4,5.5,3.0,no,no,35,78,15,14,42,Just Pass
female,6.4,2.4,2.1,0.0,no,no,65,78,81,50,15,Decent
male,3.7,4.2,3.5,2.4,no,no,76,72,13,65,62,Decent
male,9.1,0.0,1.7,3.1,no,no,72,86,28,100,63,Decent
female,5.0,3.0,0.0,3.9,no,yes,0,4,52,45,56,Worst
female,5.5,2.1,6.1,2.5,no,no,22,21,29,100,20,Just Pass
female,6.5,0.9,4.0,1.0,no,no,91,82,18,30,45,Decent
male,9.1,1.9,7.2,0.8,no,no,31,17,41,42,31,Worst
female,8.2,1.9,5.7,1.7,no,no,10,100,91,91,61,Decent
female,6.8,2.9,3.3,1.9,no,no,67,90,20,84,49,Decent
female,7.5,0.3,3.8,0.7,no,no,22,60,40,73,51,Just Pass
female,6.1,3.6,5.1,1.5,no,no,100,38,31,53,34,Decent
female,7.2,5.7,5.9,4.3,no,no,93,59,42,8,79,Decent
male,7.1,3.6,4.6,6.3,no,no,76,89,87,44,64,Nice
female,8.5,4.6,6.2,4.5,no,no,94,86,51,26,31,Decent
female,8.5,5.2,3.4,5.6,no,no,55,15,83,13,62,Just Pass
female,7.7,5.5,2.0,4.9,no,no,81,83,67,80,62,Nice
female,6.5,6.7,3.9,4.7,no,no,67,67,39,16,5,Just Pass
male,8.1,2.0,4.4,2.3,yes,no,0,0,36,28,13,Worst
male,6.9,1.6,1.6,3.3,no,no,100,39,78,100,32,Decent
male,5.4,4.6,1.3,2.2,no,no,83,48,50,37,21,Just Pass
female,6.4,4.4,4.9,2.6,no,no,99,22,90,18,27,Decent
female,7.1,4.6,3.2,3.1,no,no,75,17,95,70,29,Decent
male,8.4,6.8,3.7,4.4,no,no,42,2,72,81,27,Just Pass
male,6.7,3.0,3.3,3.8,no,no,28,99,100,35,96,Nice
male,5.2,3.9,7.0,2.7,no,no,25,13,67,88,39,Just Pass
female,7.1,1.0,6.5,3.1,no,no,30,52,19,43,50,Just Pass
female,7.2,7.3,1.5,3.9,no,no,17,15,45,64,21,Worst
male,7.3,2.3,2.9,4.3,no,no,66,85,34,23,100,Decent
male,8.4,2.4,5.7,0.0,no,no,70,72,35,44,55,Decent
male,8.5,2.3,5.2,0.8,no,no,35,84,53,56,65,Decent
female,6.1,1.7,3.9,5.2,no,no,71,78,46,89,90,Nice
female,6.1,1.5,1.7,2.9,no,no,41,66,37,72,40,Decent
female,5.4,2.0,2.6,2.2,no,no,74,45,45,90,100,Decent
male,8.0,0.3,3.0,2.5,no,no,100,74,39,29,26,Decent
male,9.2,1.4,4.6,2.5,no,no,78,21,26,76,55,Decent
female,6.5,6.9,7.4,4.1,no,no,11,74,82,18,20,Just Pass
male,6.6,4.5,2.6,0.8,no,no,42,5,34,42,74,Just Pass
female,9.2,4.9,1.9,3.0,no,no,76,85,82,51,9,Decent
male,7.8,5.4,3.8,3.5,no,no,56,52,90,4,57,Decent
male,7.7,6.7,6.1,3.8,no,no,98,56,78,10,13,Decent
male,5.2,0.0,1.1,3.4,no,no,16,69,50,94,56,Decent
male,8.0,0.5,6.9,4.0,no,no,50,98,93,49,49,Decent
female,5.6,1.4,3.7,1.9,yes,no,14,39,7,26,82,Just Pass
male,5.3,2.1,2.5,1.1,no,no,77,43,67,65,6,Decent
female,6.5,2.4,0.8,7.9,no,no,70,46,58,40,82,Decent
female,6.1,2.1,5.4,2.4,no,no,23,22,75,29,79,Just Pass
female,6.7,3.4,3.7,2.6,no,no,32,23,79,46,92,Decent
male,4.8,3.1,4.3,4.4,no,no,63,11,67,16,98,Decent
female,8.4,1.6,2.2,6.2,no,no,100,100,81,100,100,Excellent
female,8.7,0.0,3.4,1.9,no,no,46,86,31,100,35,Decent
female,4.1,1.0,3.0,1.0,no,no,16,22,60,45,28,Just Pass
male,8.5,1.9,3.8,0.5,no,no,51,2,48,22,41,Worst
male,5.8,2.5,2.7,6.2,no,no,47,65,58,63,69,Decent
female,8.3,0.7,0.9,0.9,no,no,58,43,43,11,38,Just Pass
male,6.9,2.0,9.5,2.9,no,no,63,94,48,56,91,Decent
female,7.0,0.7,1.3,1.0,no,no,71,43,33,10,3,Worst
female,6.7,2.7,4.4,0.1,no,no,91,86,69,70,1,Decent
male,8.8,0.9,0.5,2.4,no,no,25,14,60,32,76,Just Pass
female,5.1,1.3,0.0,1.1,no,no,82,36,2,52,88,Decent
male,7.9,0.4,4.2,1.6,no,no,100,100,14,11,87,Decent
male,8.7,2.7,4.3,7.0,no,no,57,21,77,72,31,Decent
female,8.1,1.3,6.5,3.8,no,no,28,56,100,17,100,Decent
male,10.5,4.8,4.8,4.9,no,no,91,34,13,100,61,Decent
male,6.2,3.8,3.7,4.6,no,no,79,62,59,59,83,Decent
female,8.4,2.9,2.1,2.8,no,no,25,31,89,14,24,Just Pass
female,6.8,1.4,7.0,2.1,no,no,57,99,13,47,67,Decent
male,8.9,3.8,5.9,3.5,no,no,66,100,36,13,42,Decent
male,7.0,4.4,1.5,3.3,no,no,17,85,92,54,98,Decent
female,6.4,3.3,4.1,1.9,no,no,74,42,11,15,50,Just Pass
male,9.0,6.2,4.3,3.3,no,no,68,98,60,47,75,Decent
male,6.3,3.9,3.3,1.6,yes,no,73,58,35,15,45,Just Pass
male,4.9,4.8,5.5,2.7,no,no,59,38,18,79,12,Just Pass
male,6.2,3.3,5.7,2.3,no,no,64,16,11,55,61,Just Pass
male,7.9,4.4,3.6,0.5,no,no,56,61,45,79,49,Decent
male,9.1,1.4,3.4,0.0,yes,no,13,58,59,80,57,Decent
male,7.2,2.1,7.0,1.1,no,no,83,20,25,100,40,Decent
female,9.0,3.7,5.9,6.6,no,no,85,73,88,45,100,Nice
female,5.0,3.7,4.1,2.4,no,no,87,100,58,80,66,Nice
female,6.3,4.0,0.7,4.6,no,no,80,36,39,47,7,Just Pass
female,6.6,5.2,4.7,0.0,no,no,57,24,60,36,64,Just Pass
female,6.8,0.2,5.4,1.0,no,no,26,100,29,96,100,Decent
male,7.1,1.1,0.0,0.3,no,no,89,9,43,12,66,Just Pass
male,8.0,3.5,4.5,2.6,no,no,41,98,59,52,42,Decent
male,6.3,1.6,3.2,7.8,no,no,100,100,69,83,83,Good
male,7.2,9.8,3.6,3.9,no,no,32,31,31,0,9,Worst
female,6.9,4.0,2.2,6.4,no,no,26,20,86,98,72,Decent
male,5.6,2.8,3.7,2.5,no,no,94,7,71,37,56,Decent
male,6.8,2.0,6.8,5.7,no,no,100,59,85,87,24,Nice
female,6.8,2.0,3.1,7.1,no,no,98,90,100,100,52,Good
male,6.8,3.1,5.9,2.8,no,no,17,57,100,80,28,Decent
male,7.0,3.2,2.4,1.9,no,no,88,74,57,89,40,Decent
female,7.1,2.1,5.5,0.4,no,no,63,71,38,10,28,Just Pass
male,6.4,2.5,4.0,2.4,no,no,53,63,83,55,89,Decent
male,8.9,5.7,4.7,3.2,no,no,93,98,16,58,71,Decent
male,5.2,5.8,4.0,7.1,no,no,78,84,63,80,86,Nice
male,5.9,3.5,5.3,0.4,no,no,13,91,52,11,36,Just Pass
male,11.2,0.3,0.0,3.1,no,no,59,32,100,73,8,Decent
female,5.4,4.1,1.2,0.0,no,no,54,62,90,5,12,Just Pass
female,5.0,6.1,4.8,2.1,no,no,87,57,77,4,73,Decent
female,8.1,5.7,0.0,3.6,no,no,23,88,43,42,56,Decent
female,3.9,4.5,2.9,4.0,no,no,79,51,54,60,53,Decent
female,6.6,5.8,3.9,4.2,no,no,82,30,34,98,31,Decent
female,10.2,3.1,2.3,3.8,no,no,19,45,89,76,14,Just Pass
male,4.7,4.3,2.6,4.2,no,no,5,25,78,63,82,Decent
female,4.0,1.6,4.5,3.1,yes,no,51,14,70,14,0,Worst
female,4.8,3.6,6.0,0.9,no,no,79,48,14,16,6,Worst
male,8.3,5.7,2.1,0.0,yes,no,28,62,12,33,2,Worst
male,8.7,1.8,2.8,1.9,no,no,86,24,58,27,62,Decent
female,6.2,1.3,2.5,2.7,no,no,70,36,20,78,100,Decent
male,8.0,3.2,0.0,5.5,no,no,73,93,44,19,17,Just Pass
female,9.1,2.5,4.3,2.8,no,no,10,41,16,41,55,Worst
male,9.7,4.3,5.9,2.6,no,yes,0,76,75,57,40,Just Pass
female,6.6,2.1,6.0,3.8,no,no,87,41,90,98,97,Good
male,3.5,6.4,2.3,2.5,no,no,64,32,50,22,56,Just Pass
male,5.8,0.4,1.5,4.6,no,no,69,24,35,35,95,Decent
female,6.4,5.5,4.0,7.0,no,no,72,100,46,100,65,Nice
female,6.6,1.5,5.7,7.4,no,no,88,100,41,100,70,Nice
female,6.7,0.0,4.3,3.2,no,no,26,97,69,96,77,Nice
female,8.7,3.5,4.6,3.7,no,no,75,24,91,31,99,Decent
female,8.9,2.5,6.3,6.2,no,no,68,100,22,63,76,Decent
male,6.7,0.8,2.5,2.7,no,no,69,100,19,15,69,Decent
female,8.6,0.0,3.6,4.4,yes,no,59,46,25,13,36,Just Pass
female,7.5,3.0,7.3,0.7,no,no,81,73,76,27,64,Decent
male,7.1,5.0,3.6,2.4,no,no,31,99,89,30,62,Decent
male,8.4,4.2,1.5,5.3,no,no,44,47,82,100,82,Nice
female,7.1,3.1,2.7,1.6,no,no,40,12,53,43,58,Just Pass
male,10.1,4.0,2.1,2.7,no,no,77,87,11,70,20,Decent
male,4.8,2.9,4.7,0.0,no,no,42,46,74,89,57,Decent
female,6.2,0.1,2.2,7.0,no,no,41,100,34,48,53,Decent
male,6.8,0.2,4.5,5.5,no,no,100,77,56,36,30,Decent
male,7.7,2.6,2.5,3.4,no,no,56,9,37,31,89,Just Pass
female,8.9,2.7,0.0,4.0,no,no,15,54,40,93,11,Just Pass
female,7.0,4.7,4.6,3.8,no,no,73,77,38,72,69,Decent
male,4.9,4.5,4.3,5.8,no,no,85,14,88,57,100,Decent
male,8.3,4.2,5.0,2.0,yes,no,38,29,5,70,0,Worst
female,8.1,2.4,2.7,4.5,no,no,75,26,95,34,33,Decent
male,4.1,0.2,2.4,5.2,no,no,32,79,100,38,91,Decent
male,7.0,3.8,4.8,5.4,no,no,49,100,62,69,22,Decent
male,4.6,4.1,7.0,0.0,no,no,14,60,8,77,81,Just Pass
female,6.0,0.0,4.0,1.8,no,no,49,80,68,36,11,Just Pass
male,5.6,1.3,4.8,1.0,no,no,62,45,88,27,94,Decent
male,8.2,1.6,3.4,3.3,no,no,55,67,39,58,17,Just Pass
female,7.2,3.2,0.9,0.0,no,no,52,47,76,6,85,Decent
male,5.1,1.4,5.9,0.0,no,no,55,80,72,79,91,Nice
male,8.3,2.9,5.8,7.3,no,no,54,100,100,80,76,Good
female,4.8,2.6,5.4,4.2,no,no,27,79,95,64,90,Nice
female,7.5,2.7,3.6,3.2,no,no,33,100,28,95,15,Decent
female,5.8,1.6,5.2,3.7,no,no,34,96,58,87,27,Decent
female,6.5,1.7,5.8,3.3,no,no,84,26,24,28,50,Just Pass
male,7.8,0.8,7.2,5.0,no,no,100,73,29,65,76,Decent
male,7.8,3.8,6.0,1.7,no,no,76,94,74,36,90,Nice
female,9.0,4.1,4.1,3.4,no,no,70,100,97,86,60,Good
female,6.9,1.5,1.4,3.5,no,no,38,46,100,79,74,Decent
male,7.5,6.0,4.3,0.9,no,no,65,66,21,41,61,Decent
female,6.3,2.4,4.5,5.6,no,no,77,58,37,99,100,Nice
male,7.3,6.1,5.4,2.1,no,no,3,11,55,40,76,Just Pass
female,7.7,1.7,6.7,5.0,no,no,100,100,40,100,100,Good
male,6.9,0.0,3.8,3.2,no,no,22,100,44,18,17,Just Pass
female,4.3,3.8,8.2,6.3,no,no,68,68,100,31,38,Decent
female,7.5,3.5,0.5,0.9,no,no,45,0,75,69,87,Decent
male,7.5,3.1,4.8,0.8,no,yes,59,57,65,0,55,Just Pass
female,6.0,1.7,2.4,1.2,no,no,93,49,50,70,28,Decent
male,5.1,2.9,0.2,3.3,no,no,95,9,58,74,99,Decent
male,9.2,2.0,3.6,6.1,no,no,74,36,95,84,100,Nice
male,7.7,2.4,1.1,6.2,no,no,81,29,37,95,20,Decent
male,6.7,4.7,3.7,0.0,no,no,1,61,75,44,74,Decent
male,5.3,3.4,4.1,3.5,no,no,56,37,9,97,86,Decent
female,5.8,4.2,6.2,0.0,no,no,87,10,77,54,20,Just Pass
female,9.0,2.5,1.0,4.6,no,no,54,100,86,59,75,Nice
male,7.2,2.3,5.8,5.2,no,no,24,100,48,68,100,Decent
female,6.2,0.7,4.2,2.9,no,no,33,26,85,100,80,Decent
male,7.8,2.3,6.1,3.2,no,no,55,36,34,37,94,Decent
female,5.8,0.0,3.1,3.1,no,no,36,72,70,82,22,Decent
female,9.3,1.8,1.3,1.4,no,no,40,16,71,25,73,Just Pass
female,9.0,2.8,1.6,3.9,no,no,40,22,78,16,27,Just Pass
female,6.3,4.1,1.4,2.5,no,no,30,32,97,94,6,Decent
male,6.1,2.5,5.0,4.9,no,no,24,100,33,27,70,Decent
male,3.1,3.7,7.0,2.8,no,no,90,98,50,70,77,Nice
female,4.8,0.0,2.9,1.3,no,yes,51,66,70,24,36,Just Pass
female,5.0,2.9,5.3,0.0,no,no,62,69,56,83,93,Nice
male,7.2,0.0,1.0,0.0,no,no,61,73,88,78,70,Nice
female,6.5,0.6,4.4,5.6,no,no,60,67,64,35,32,Decent
male,5.0,2.6,5.3,2.1,no,no,89,60,86,53,100,Nice
male,6.6,5.6,1.1,3.7,no,no,91,61,85,0,13,Decent
male,7.8,3.7,3.6,6.6,no,no,15,88,99,57,90,Decent
female,7.8,3.0,5.4,1.9,no,yes,0,0,68,51,0,Worst
male,4.2,3.0,0.0,1.7,no,no,61,16,15,17,93,Just Pass
female,6.8,1.6,6.7,2.7,no,no,37,100,57,95,47,Decent
male,4.9,1.9,4.7,3.1,no,no,100,44,28,16,60,Just Pass
female,8.4,3.9,5.4,6.8,no,no,84,44,36,21,64,Just Pass
female,8.2,0.2,3.2,6.1,no,no,58,64,70,24,32,Just Pass
female,5.7,4.2,0.6,4.2,no,no,44,32,99,31,52,Decent
male,5.9,2.2,5.1,5.9,no,no,88,28,78,65,33,Decent
male,6.3,4.7,3.8,2.6,no,no,15,21,86,11,81,Just Pass
female,3.6,4.9,4.1,3.6,no,no,87,63,92,98,94,Good
female,7.5,0.0,6.2,2.4,no,no,16,38,24,100,96,Decent
female,6.6,1.8,5.5,0.4,no,no,100,68,20,55,47,Decent
male,8.5,1.3,7.8,5.4,no,no,40,34,53,80,24,Just Pass
male,5.4,0.0,4.3,4.1,no,no,92,22,79,100,21,Decent
male,6.1,0.9,2.6,3.0,no,no,13,96,16,86,59,Decent
male,4.7,7.9,3.6,3.0,no,yes,11,44,46,0,35,Worst
female,5.5,4.2,4.8,0.0,yes,no,44,47,0,60,62,Just Pass
female,5.2,6.8,6.0,1.0,no,no,2,0,10,18,54,Worst
male,8.5,4.7,1.1,3.7,no,no,45,24,39,44,98,Decent
male,6.0,1.5,4.0,1.9,no,no,37,88,62,60,56,Decent
female,7.2,2.2,7.2,2.6,no,no,62,27,100,84,73,Decent
male,6.4,4.2,3.5,2.8,no,no,53,84,99,18,26,Decent
male,5.1,3.9,5.9,1.6,no,no,81,61,91,10,36,Decent
male,6.7,1.8,5.0,1.1,no,no,18,80,16,92,74,Decent
male,7.9,0.0,5.9,0.0,no,no,16,72,71,90,68,Decent
male,5.2,9.6,2.4,2.7,no,no,27,28,31,39,23,Worst
male,8.2,2.7,2.4,4.2,no,no,97,38,21,75,20,Decent
female,5.7,2.3,4.0,0.0,no,yes,60,42,30,46,9,Just Pass
male,6.3,3.2,0.9,3.0,no,no,57,82,37,49,6,Just Pass
male,7.8,2.5,3.5,3.6,no,no,97,13,43,34,67,Decent
female,6.0,3.2,4.5,1.0,no,no,81,38,10,49,33,Just Pass
female,7.1,5.6,7.6,5.8,no,no,41,49,100,100,51,Decent
female,6.5,2.8,4.8,2.2,no,no,23,61,78,89,63,Decent
male,7.2,0.7,5.3,2.8,yes,no,29,10,27,45,57,Just Pass
female,3.4,2.7,6.3,2.7,no,no,26,97,95,26,62,Decent
male,4.3,2.1,2.1,0.0,no,no,57,49,89,83,44,Decent
male,7.9,5.8,3.7,5.0,no,no,64,98,87,69,54,Nice
male,8.6,5.3,8.9,1.1,no,no,62,84,68,43,85,Decent
female,5.6,3.2,3.8,2.5,no,no,23,24,42,16,51,Worst
female,6.6,0.4,6.2,4.2,no,no,99,33,63,95,73,Nice
female,7.4,0.5,5.9,5.9,no,no,68,100,70,56,100,Nice
female,8.0,3.0,1.0,0.8,no,no,43,49,90,56,14,Decent
female,4.0,3.7,4.6,2.1,no,no,98,0,75,55,71,Decent
male,5.7,2.3,4.3,5.8,no,no,46,100,47,87,65,Decent
male,6.5,2.0,4.7,3.9,no,no,52,60,75,66,96,Decent
male,8.1,1.8,2.5,4.3,no,no,79,42,71,75,52,Decent
male,10.7,3.0,1.8,0.9,no,no,85,48,78,5,27,Just Pass
female,6.7,0.0,3.0,2.2,no,no,23,93,20,77,31,Just Pass
female,4.9,0.8,3.8,2.7,no,no,84,22,81,30,98,Decent
male,7.6,1.7,6.4,1.3,no,no,100,44,42,48,80,Decent
female,9.0,5.4,7.6,0.0,no,no,39,28,9,48,4,Worst
female,7.2,1.4,6.8,2.0,no,no,40,95,85,80,83,Nice
male,5.6,3.4,5.7,5.7,no,no,84,94,50,91,20,Decent
male,8.4,3.5,2.0,3.1,no,no,27,43,76,73,21,Just Pass
female,8.0,5.6,3.2,5.7,no,no,45,73,23,16,66,Just Pass
female,5.5,5.5,4.4,3.4,no,no,92,42,100,41,49,Decent
male,7.6,2.9,2.7,1.5,no,no,60,58,81,29,85,Decent
male,8.5,2.0,5.2,5.6,no,no,28,100,47,58,79,Decent
male,8.8,1.7,5.4,3.4,no,no,46,67,88,78,100,Nice
female,6.9,2.5,5.1,4.9,no,yes,53,89,4,10,76,Just Pass
male,6.5,2.1,6.1,0.9,no,no,54,80,71,56,40,Decent
male,8.8,4.1,2.2,5.1,no,no,74,20,13,96,91,Decent
female,5.2,3.8,5.9,5.1,no,no,90,93,47,87,100,Good
female,7.7,4.2,2.6,3.6,no,yes,27,0,76,51,75,Just Pass
female,4.9,5.5,2.1,1.4,no,no,91,46,5,77,0,Just Pass
female,8.6,6.7,5.1,2.9,no,no,90,60,58,38,86,Decent
female,6.6,3.2,6.4,4.2,no,no,19,100,21,89,20,Just Pass
male,8.9,5.2,5.0,3.5,no,no,31,26,71,10,57,Just Pass
male,7.7,2.3,4.0,4.2,no,no,42,99,39,17,53,Decent
female,5.2,5.4,4.6,5.0,no,no,26,100,38,41,99,Decent
female,9.1,5.1,4.3,1.7,no,no,29,6,31,17,38,Worst
female,9.3,5.0,1.7,0.7,no,no,34,80,12,43,51,Just Pass
female,8.3,3.2,1.5,2.9,no,no,7,27,96,20,71,Just Pass
female,5.9,1.7,3.8,2.3,no,no,20,16,98,100,9,Just Pass
male,6.5,0.2,4.2,4.6,no,no,28,100,100,100,78,Good
male,7.2,2.9,4.0,0.9,no,no,5,40,11,99,52,Just Pass
male,5.9,6.1,5.4,5.0,yes,no,40,54,15,72,51,Just Pass
male,9.5,2.4,3.6,5.7,no,no,49,71,77,100,23,Decent
female,7.2,4.6,5.1,3.0,no,no,98,26,100,41,10,Decent
male,2.9,4.7,3.7,3.1,no,no,4,60,54,43,11,Just Pass
female,7.5,2.4,7.6,1.5,no,no,100,13,41,32,95,Decent
female,6.5,5.6,4.2,1.9,no,no,6,18,79,61,33,Just Pass
female,6.9,0.0,8.7,2.2,no,no,80,100,32,97,62,Nice
male,6.4,0.6,4.7,5.9,no,no,47,100,100,72,62,Nice
female,8.2,1.2,3.6,2.9,no,no,93,59,100,40,82,Nice
male,8.7,1.4,2.2,0.4,no,no,7,17,97,51,26,Just Pass
male,7.4,3.7,1.1,3.5,no,no,97,44,16,8,8,Just Pass
female,6.5,3.6,2.0,4.7,no,no,12,95,62,80,45,Decent
female,6.9,3.8,2.2,2.9,no,no,26,9,60,47,74,Just Pass
female,7.0,4.2,4.8,5.9,no,no,60,26,33,100,100,Decent
male,5.8,1.1,2.9,4.6,yes,no,75,89,54,92,5,Decent
female,7.9,0.6,4.4,0.9,no,no,100,48,71,19,88,Decent
male,7.7,3.8,6.6,1.9,no,no,48,14,38,100,12,Just Pass
female,9.3,1.7,3.8,3.5,no,no,86,24,42,100,44,Decent
female,8.9,0.0,8.2,0.0,no,no,84,100,18,74,14,Decent
male,6.0,4.9,1.6,3.7,no,no,58,50,96,83,92,Nice
male,8.2,5.8,3.7,0.0,yes,no,45,0,56,0,46,Worst
male,5.6,6.1,2.9,5.0,no,no,7,93,79,100,40,Decent
male,8.0,3.4,5.9,4.8,no,no,58,98,16,59,51,Decent
male,6.2,4.3,0.0,4.0,no,no,79,3,63,91,64,Decent
male,5.5,5.7,1.1,1.6,no,no,39,50,10,30,0,Worst
female,7.4,1.7,3.8,3.3,no,no,98,35,77,89,25,Decent
female,3.0,5.2,7.1,2.0,no,no,78,48,57,36,79,Decent
male,4.4,3.6,4.5,0.9,no,no,84,25,83,34,18,Just Pass
female,6.7,4.8,1.3,2.3,no,no,8,27,21,90,68,Just Pass
male,7.1,3.4,1.6,4.4,no,no,31,67,9,76,29,Just Pass
female,6.4,5.6,7.3,3.1,no,no,8,59,97,90,14,Decent
female,4.6,3.4,2.8,5.9,no,no,100,50,100,65,100,Good
male,5.8,0.0,2.1,4.5,no,no,39,26,61,100,100,Decent
male,7.6,5.9,7.0,4.3,no,no,44,100,15,81,68,Decent
male,7.9,1.1,6.0,0.0,no,no,33,23,55,13,52,Just Pass
female,7.0,5.5,6.5,2.4,no,no,6,66,55,79,58,Decent
male,8.7,2.8,2.1,0.9,no,no,24,6,80,0,38,Worst
female,7.6,5.4,0.9,2.6,no,no,4,63,66,77,70,Decent
male,5.9,5.3,4.3,1.6,no,no,37,7,5,31,73,Worst
female,6.6,3.9,4.7,2.2,yes,no,84,10,58,47,69,Decent
female,4.9,4.0,4.7,5.1,no,no,80,75,24,85,63,Decent
male,6.8,3.8,7.0,4.0,no,no,83,41,21,76,93,Decent
female,8.7,0.0,0.5,5.0,no,no,60,68,54,82,30,Decent
female,8.0,3.2,5.7,0.0,yes,no,66,0,0,74,0,Worst
male,9.1,0.8,1.8,3.1,no,no,100,30,92,47,74,Decent
female,6.5,3.3,5.7,4.9,no,no,100,88,61,69,25,Decent
male,9.0,0.7,3.1,6.0,no,no,29,23,78,37,75,Just Pass
male,6.7,0.6,2.4,0.0,no,no,89,13,59,48,74,Decent
male,9.2,6.2,2.8,2.3,no,no,17,16,92,10,35,Just Pass
male,7.0,5.1,1.1,5.1,no,no,43,6,95,67,8,Just Pass
female,8.1,3.0,4.1,2.6,no,no,40,15,90,38,94,Decent
female,9.2,3.4,2.5,1.2,no,no,65,26,36,83,2,Just Pass
female,6.7,2.5,5.6,0.0,no,no,61,11,16,36,92,Just Pass
male,7.3,4.1,5.3,1.1,no,no,11,87,60,29,6,Just Pass
female,8.9,1.6,7.4,0.0,no,no,85,13,51,56,80,Decent
female,6.8,5.0,4.7,3.1,no,no,46,89,25,20,95,Decent
male,5.0,2.5,5.0,4.8,no,no,15,97,24,35,100,Decent
male,10.2,2.2,6.8,0.5,no,no,47,16,49,84,95,Decent
female,6.3,3.0,2.7,3.5,no,no,58,9,72,56,95,Decent
male,7.2,1.8,1.0,4.7,yes,no,2,0,58,16,47,Worst
male,8.7,3.7,4.4,3.0,no,no,21,65,83,9,61,Just Pass
male,6.1,1.9,1.2,0.0,no,no,96,64,43,43,58,Decent
male,5.5,3.9,8.9,3.8,no,no,100,77,47,89,100,Good
female,7.4,5.4,6.9,2.9,no,no,18,59,58,40,88,Decent
male,4.3,1.6,8.3,2.7,no,no,71,30,100,37,91,Decent
male,6.6,2.7,4.1,1.9,no,no,42,89,9,44,72,Decent
male,7.4,3.9,5.1,3.2,no,no,61,39,59,100,68,Decent
male,6.6,2.1,3.1,4.0,no,no,58,100,43,53,100,Decent
male,4.7,3.9,5.8,7.8,no,no,25,59,31,46,40,Just Pass
male,9.4,4.1,1.6,3.2,no,no,32,27,44,57,20,Just Pass
male,7.2,5.2,0.0,6.0,yes,no,2,79,54,71,88,Decent
male,9.1,1.8,2.4,3.7,no,no,58,66,62,12,65,Decent
female,6.6,1.1,1.1,2.8,no,no,97,79,9,62,55,Decent
male,5.7,2.4,7.0,3.3,no,no,100,54,71,97,99,Good
female,7.4,1.1,7.6,0.6,no,no,100,98,33,31,94,Nice
male,6.7,4.1,1.2,3.6,no,no,100,93,36,94,19,Decent
male,5.2,0.7,6.6,0.0,no,no,9,51,39,65,25,Just Pass
male,9.2,7.7,5.9,1.3,no,no,65,17,78,44,72,Decent
male,6.1,5.6,0.9,3.2,no,no,23,60,0,92,74,Just Pass
female,4.2,3.0,3.2,5.4,no,no,96,100,44,22,32,Decent
male,9.0,4.7,2.8,5.9,no,no,91,72,49,84,94,Nice
male,6.2,0.0,5.5,2.5,no,no,57,100,76,96,63,Nice
female,6.1,8.0,1.5,3.3,no,no,39,26,70,40,38,Just Pass
female,4.4,1.8,3.8,5.0,no,no,39,100,85,13,100,Decent
male,9.6,2.8,2.6,0.3,no,no,25,8,72,49,48,Just Pass
female,5.1,0.0,4.9,3.8,no,no,100,53,37,33,31,Decent
female,7.1,4.0,3.6,1.3,no,no,87,48,90,55,27,Decent
female,8.4,0.8,2.9,2.7,yes,no,14,60,36,68,28,Just Pass
male,7.6,3.2,3.6,2.1,no,no,30,32,4,56,98,Just Pass
male,6.9,1.9,8.1,3.9,no,no,29,100,85,82,45,Decent
male,4.4,0.8,3.2,4.1,no,no,100,100,72,22,55,Decent
female,5.8,1.4,1.9,4.8,no,no,100,92,25,22,87,Decent
male,7.3,3.5,5.2,3.7,no,no,65,21,100,95,37,Decent
female,5.8,0.4,3.7,3.3,no,no,83,21,70,18,84,Decent
male,7.3,1.5,1.2,6.7,no,no,92,67,64,46,38,Decent
male,8.0,4.3,8.5,0.0,no,no,22,78,41,95,26,Decent
female,8.4,8.2,3.3,6.4,yes,no,81,0,8,33,86,Just Pass
male,5.2,4.0,3.2,2.4,no,no,54,66,97,69,38,Decent
female,10.3,1.2,4.3,4.1,no,no,24,67,85,37,87,Decent
female,8.2,2.3,7.5,2.3,no,no,51,84,68,39,96,Decent
male,7.0,3.1,0.6,1.6,no,no,57,40,60,47,31,Just Pass
female,8.6,2.3,4.6,4.0,no,no,48,82,97,76,48,Decent
male,10.5,4.8,8.2,5.1,no,no,84,30,78,100,92,Nice
male,4.8,3.4,4.3,3.9,no,no,96,29,19,65,68,Decent
female,6.7,4.8,1.5,1.9,no,no,72,85,64,4,31,Decent
male,3.4,2.4,2.8,10.0,no,no,85,53,77,57,95,Nice
female,7.3,5.7,4.4,5.4,no,no,59,100,100,32,94,Nice
male,7.5,2.7,6.7,4.9,yes,no,28,7,76,28,26,Just Pass
male,6.9,1.1,3.3,2.3,no,no,54,58,43,59,11,Just Pass
male,6.0,7.4,5.7,1.7,no,no,24,27,8,26,22,Worst
male,3.9,0.0,1.1,2.4,no,no,97,100,52,32,71,Decent
male,7.6,1.5,1.1,5.2,no,no,100,100,80,100,100,Excellent
female,9.2,1.7,3.0,1.0,no,no,18,26,20,61,89,Just Pass
female,6.1,8.0,6.9,0.9,yes,no,60,4,42,4,0,Worst
female,7.7,6.6,4.1,4.1,no,no,71,75,83,28,89,Decent
female,4.6,6.0,4.6,3.6,no,no,98,89,16,82,82,Nice
female,7.7,2.3,4.6,1.5,no,no,51,71,75,93,78,Nice
female,6.4,7.9,6.2,0.8,no,no,63,77,0,58,59,Decent
male,5.9,3.7,2.8,5.9,no,no,63,18,12,55,92,Just Pass
male,5.9,5.0,5.4,3.7,no,no,12,70,9,82,92,Decent
female,6.4,3.4,2.3,0.3,no,no,0,65,58,88,76,Decent
female,7.6,2.9,8.0,0.4,no,no,17,24,100,21,17,Just Pass
male,5.0,2.5,2.4,2.3,no,no,33,81,81,90,76,Nice
male,6.4,2.6,2.2,4.5,no,no,35,100,35,94,94,Nice
male,6.9,4.2,5.1,4.2,no,no,81,98,16,45,27,Decent
female,5.4,3.7,4.2,5.3,no,no,83,36,73,41,33,Decent
female,9.7,2.9,4.7,0.0,no,no,96,31,0,55,77,Decent
female,5.7,6.0,4.5,3.4,no,no,32,50,80,28,35,Just Pass
male,6.0,0.0,1.8,5.9,no,no,100,35,44,34,59,Decent
male,5.5,4.0,7.2,5.7,no,no,78,100,46,100,54,Nice
female,9.7,4.4,5.8,3.7,no,no,57,24,42,57,29,Just Pass
female,7.8,5.3,6.7,7.7,no,no,85,95,95,66,100,Good
male,5.6,2.9,2.9,4.2,no,no,79,43,35,21,89,Decent
male,8.7,3.4,4.8,5.1,yes,no,16,56,27,49,24,Just Pass
male,7.3,5.0,4.4,3.1,yes,no,63,0,42,62,0,Just Pass
male,7.4,6.0,6.3,1.4,no,no,70,18,44,22,35,Just Pass
female,6.5,2.4,6.3,1.2,no,no,100,51,100,43,48,Decent
male,5.9,3.5,4.4,3.4,no,no,99,75,34,25,8,Just Pass
male,7.5,6.4,1.0,2.6,no,no,61,70,2,28,81,Just Pass
male,6.2,0.0,7.6,0.0,no,no,82,14,65,97,96,Decent
female,9.7,1.6,5.1,0.9,no,no,100,21,24,29,91,Decent
female,5.1,5.9,2.8,2.4,no,no,92,68,37,0,76,Decent
male,9.3,5.2,4.8,4.5,no,no,89,88,25,60,80,Decent
male,6.8,4.0,1.0,3.0,no,no,76,23,88,57,63,Decent
male,7.4,2.1,6.1,2.9,no,no,23,34,44,44,100,Just Pass
female,8.2,1.2,1.1,1.0,no,no,84,9,78,65,72,Decent
female,6.1,1.8,3.6,3.0,no,no,34,24,100,12,72,Just Pass
female,8.3,6.1,4.5,5.6,no,no,64,8,100,42,86,Decent
male,2.9,1.7,6.1,3.3,no,no,46,64,58,20,30,Just Pass
female,5.9,3.2,4.2,0.0,no,no,32,88,96,20,94,Decent
male,5.6,1.5,5.3,0.5,no,no,36,19,70,43,6,Just Pass
male,5.1,4.7,3.9,4.2,no,no,91,81,18,55,70,Decent
male,6.7,1.9,3.9,2.6,no,no,84,65,96,17,15,Decent
female,7.6,2.8,4.2,2.9,no,no,60,100,54,18,93,Decent
male,8.1,0.0,3.6,1.8,no,no,76,89,25,77,100,Nice
female,7.4,0.0,0.6,4.0,no,no,100,97,91,52,52,Nice
female,6.0,3.0,2.5,2.4,no,no,42,66,65,20,88,Decent
male,7.6,0.3,4.5,2.6,no,no,68,94,100,36,46,Decent
male,7.2,7.2,3.5,1.3,no,no,44,26,73,63,6,Just Pass
female,8.4,0.0,3.7,4.8,no,no,100,39,51,24,46,Decent
male,8.2,1.4,3.4,2.6,no,no,44,100,34,59,39,Decent
female,7.0,3.0,2.3,4.2,no,no,100,81,81,44,71,Nice
male,5.7,2.3,3.0,0.6,no,no,30,9,57,81,79,Decent
female,6.0,0.8,3.4,6.5,no,no,32,100,28,100,42,Decent
female,6.2,1.1,4.0,5.6,no,no,39,54,38,88,28,Just Pass
female,6.5,1.0,4.8,0.0,no,no,46,33,19,42,26,Just Pass
female,7.4,2.4,3.6,1.4,no,no,67,65,61,66,32,Decent
male,8.1,6.9,1.9,4.0,no,no,48,53,5,60,24,Just Pass
male,6.9,3.2,1.2,0.4,no,no,32,48,15,28,16,Worst
female,7.0,5.4,9.2,2.7,no,no,64,33,62,95,54,Decent
female,7.2,4.0,1.7,3.9,no,no,87,99,17,100,89,Nice
male,6.2,5.2,3.0,2.6,no,no,82,94,23,30,9,Just Pass
male,5.6,0.0,5.0,4.1,no,no,91,19,100,99,100,Good
male,4.4,2.4,4.7,1.6,no,no,98,36,72,53,52,Decent
male,6.0,5.6,5.0,0.0,no,no,52,0,23,39,59,Just Pass
male,7.7,1.9,3.1,5.0,no,no,14,99,100,52,95,Nice
male,5.9,6.5,4.5,5.0,no,no,34,93,30,34,35,Just Pass
female,6.6,6.0,4.1,8.0,no,no,47,66,73,100,100,Nice
male,7.7,2.1,3.4,0.0,no,no,53,82,35,73,7,Decent
male,7.8,2.0,4.5,4.5,no,no,100,85,90,59,67,Nice
female,5.4,1.0,6.1,0.0,no,no,89,55,43,81,31,Decent
male,8.5,1.7,4.0,6.5,no,no,44,57,45,92,61,Decent
male,8.7,0.5,4.0,4.0,no,no,67,42,76,42,60,Decent
male,5.3,3.9,6.1,1.1,no,no,67,27,76,19,93,Decent
male,5.8,0.1,5.9,4.6,yes,no,100,63,60,90,51,Nice
male,8.8,4.2,7.2,1.9,no,no,9,22,77,87,75,Decent
female,6.8,4.3,0.5,3.6,no,no,46,17,42,99,95,Decent
male,3.7,0.0,5.8,3.4,no,no,100,14,92,14,62,Decent
female,4.9,6.1,5.2,6.5,no,no,100,72,69,65,51,Nice
female,6.6,4.0,2.2,6.6,no,no,46,100,32,83,100,Nice
male,5.3,4.5,4.5,1.8,no,no,0,88,89,58,82,Decent
female,6.4,1.5,6.1,5.1,no,no,78,90,100,91,100,Excellent
male,7.0,4.2,2.3,3.7,no,no,90,82,100,17,43,Decent
female,9.2,5.3,4.9,0.2,yes,no,11,20,35,0,48,Worst
female,6.6,2.8,5.7,1.6,no,no,99,35,73,15,30,Decent
male,8.6,7.0,1.9,7.7,no,no,41,44,94,46,94,Decent
male,9.1,3.1,3.7,3.7,no,no,69,16,13,40,100,Just Pass
male,9.2,5.3,4.6,5.0,no,no,80,71,99,95,34,Nice
male,7.4,3.6,2.4,2.6,no,no,36,19,29,10,12,Worst
male,4.1,4.2,2.2,1.9,no,no,29,70,0,38,14,Worst
female,7.7,0.0,3.7,3.1,yes,no,45,17,22,94,62,Just Pass
female,8.6,3.7,5.6,2.5,no,no,89,28,64,56,33,Decent
female,6.9,1.5,5.3,0.0,no,no,14,99,8,17,67,Just Pass
female,9.6,1.3,2.3,1.0,no,no,66,13,3,32,38,Worst
female,8.3,6.5,5.3,4.4,no,no,71,53,67,66,95,Decent
female,7.9,2.6,2.3,2.2,no,no,58,9,48,4,48,Just Pass
female,8.6,1.0,0.8,3.1,no,no,100,17,92,100,57,Nice
male,7.5,2.3,3.3,3.5,no,no,69,72,34,65,43,Decent
male,3.3,0.4,6.2,3.6,no,no,75,75,40,82,19,Decent
female,6.3,5.9,5.3,5.3,no,no,68,28,16,58,58,Just Pass
female,8.8,1.6,4.0,0.8,no,no,76,91,57,99,81,Nice
male,5.8,4.1,3.2,4.1,no,no,19,76,42,64,100,Decent
male,6.7,5.7,3.2,4.5,no,no,93,34,37,70,11,Just Pass
male,5.4,2.0,4.2,5.0,yes,no,5,25,46,87,80,Just Pass
male,9.7,4.1,1.9,0.2,no,no,57,68,77,79,19,Decent
female,9.5,0.9,3.3,3.5,no,no,74,86,23,15,95,Decent
male,5.7,7.9,3.6,6.4,no,no,24,18,56,32,38,Just Pass
female,7.2,4.9,1.3,2.8,no,no,2,32,17,22,9,Worst
female,6.0,2.6,2.3,4.0,no,no,21,29,29,8,69,Worst
female,7.9,1.5,4.8,4.6,no,no,44,46,42,100,100,Decent
male,7.8,2.8,4.0,0.9,no,no,89,29,46,32,19,Just Pass
male,8.2,2.3,3.4,6.7,no,no,100,100,68,53,21,Decent
female,7.5,6.9,2.2,4.0,no,no,4,73,85,7,86,Decent
female,11.4,0.5,7.2,4.0,no,no,49,99,100,100,90,Good
female,5.5,3.3,2.3,0.0,no,no,83,22,53,77,75,Decent
male,4.4,3.0,4.5,4.6,no,no,33,10,38,67,15,Worst
female,6.4,2.8,3.0,4.0,no,no,100,14,90,86,98,Nice
male,4.6,2.8,4.1,6.2,no,no,41,71,95,93,57,Nice
female,4.8,2.8,4.9,2.4,no,no,79,34,85,71,95,Nice
female,5.5,4.7,1.3,1.0,no,no,34,12,0,10,0,Worst
female,5.6,4.2,4.0,1.6,no,no,13,4,75,72,88,Decent
male,5.6,3.8,6.4,2.0,no,no,31,93,91,62,73,Decent
male,7.8,0.0,7.5,0.8,no,no,80,73,73,85,68,Nice
female,6.2,3.6,3.7,5.6,no,no,46,23,88,67,19,Just Pass
male,6.7,0.0,4.1,5.7,no,no,83,99,100,100,91,Excellent
female,8.3,4.3,8.4,2.6,no,no,29,84,59,71,68,Decent
male,5.9,5.9,6.3,2.2,no,no,45,29,82,58,73,Decent
male,6.6,1.1,2.8,0.0,no,no,52,19,80,85,72,Decent
male,7.5,2.5,2.8,4.4,no,no,52,92,100,48,55,Decent
female,4.1,1.8,5.9,6.3,no,no,38,51,100,50,39,Decent
male,3.4,5.5,2.0,1.7,no,no,33,71,39,37,78,Decent
male,7.5,3.2,6.2,2.8,no,no,78,13,12,67,100,Decent
female,7.7,6.5,4.7,3.9,no,no,98,51,3,24,23,Just Pass
female,10.1,3.8,5.0,6.4,no,yes,70,9,85,60,55,Decent
female,7.2,3.5,3.5,3.4,no,no,22,73,39,86,26,Just Pass
female,8.2,3.1,2.7,3.4,no,no,33,100,43,63,92,Decent
male,6.7,4.6,6.9,3.4,no,no,16,50,55,61,18,Just Pass
male,7.4,0.0,3.5,0.1,no,no,18,15,31,34,100,Just Pass
male,9.5,3.2,3.2,0.1,no,no,22,28,56,87,58,Decent
male,3.8,2.9,3.8,1.4,no,no,16,86,75,72,0,Just Pass
male,7.6,4.5,4.4,5.0,no,no,31,86,35,58,98,Decent
female,10.2,2.6,1.9,2.3,no,no,26,26,77,68,71,Decent
male,7.4,0.9,2.9,1.9,no,no,37,100,74,40,76,Decent
male,9.5,3.0,2.8,1.9,no,no,14,64,54,7,29,Just Pass
male,6.1,0.8,5.7,2.7,no,no,41,30,46,34,47,Just Pass
female,7.0,0.0,2.2,6.4,no,no,90,79,100,29,100,Nice
female,7.1,4.5,0.5,2.7,no,no,20,42,37,47,60,Just Pass
male,3.7,4.2,0.1,1.4,no,no,5,69,25,50,0,Worst
female,5.2,3.9,1.1,3.1,no,no,7,35,65,39,33,Just Pass
female,5.4,5.6,6.7,6.5,no,no,64,100,100,68,74,Good
female,8.2,1.7,4.0,2.0,no,no,91,88,57,15,21,Decent
female,8.3,0.1,5.0,0.6,no,no,14,76,81,85,18,Decent
female,7.5,2.9,5.1,2.0,no,no,60,31,51,9,11,Worst
female,8.2,2.3,4.1,3.3,no,no,75,100,31,73,73,Decent
female,6.8,1.3,3.9,4.4,no,no,74,69,27,58,47,Decent
male,8.8,2.8,6.1,5.0,no,no,100,100,30,35,54,Decent
male,7.0,1.8,4.3,0.9,no,no,90,25,6,56,10,Just Pass
female,7.1,0.0,6.8,1.1,no,no,18,100,68,91,86,Nice
male,6.6,2.1,5.2,2.4,no,no,45,90,22,50,85,Decent
male,8.0,0.7,2.8,4.4,no,no,82,100,100,51,97,Good
female,6.4,3.5,3.0,0.5,no,no,92,18,95,11,62,Decent
male,8.5,1.7,2.5,1.8,no,no,84,47,53,63,81,Decent
female,5.3,5.2,6.4,1.8,no,yes,0,0,21,59,34,Worst
female,5.4,6.2,3.2,4.9,no,no,31,17,38,60,53,Just Pass
female,8.0,4.4,2.4,4.1,no,no,80,32,67,20,29,Just Pass
male,6.9,0.0,4.6,4.8,no,no,68,100,81,87,26,Nice
male,6.3,6.0,3.8,5.7,no,no,61,73,41,10,36,Just Pass
male,8.3,6.2,4.6,2.4,no,no,58,29,32,81,66,Decent
male,6.1,3.0,7.8,0.6,no,no,16,100,70,98,98,Nice
female,6.7,5.6,5.8,0.6,no,no,81,69,51,55,21,Decent
female,9.1,1.9,4.1,0.0,no,no,87,91,72,89,67,Good
male,9.3,0.0,1.2,2.1,no,no,54,100,100,16,55,Decent
female,9.4,1.5,3.0,2.2,no,no,69,82,84,29,69,Decent
female,6.6,6.5,5.4,4.6,no,yes,45,4,10,11,0,Worst
male,8.8,0.0,1.7,3.0,no,no,29,100,86,88,23,Decent
female,5.6,3.0,8.3,2.0,no,no,21,42,55,58,31,Just Pass
male,5.6,3.1,4.0,2.8,no,no,8,73,83,40,95,Decent
female,3.5,2.0,4.1,0.9,yes,no,73,66,70,0,0,Just Pass
male,9.5,2.1,2.7,5.1,no,no,48,31,38,95,70,Decent
female,5.7,3.1,5.0,1.4,no,no,11,63,26,5,95,Just Pass
female,6.8,1.9,1.7,0.7,no,no,45,36,42,32,64,Just Pass
male,5.6,0.2,8.3,4.6,no,no,32,49,30,49,73,Just Pass
male,8.0,3.4,6.6,4.1,no,no,21,14,81,25,51,Just Pass
male,6.4,5.1,6.0,0.0,no,no,44,83,70,13,58,Decent
male,5.0,4.7,1.2,4.7,no,no,54,17,38,53,52,Just Pass
female,7.7,1.4,4.4,1.5,no,no,65,94,53,49,77,Decent
female,4.8,0.5,6.4,2.3,no,no,79,74,73,65,75,Nice
male,5.7,2.4,5.2,3.4,no,no,78,74,19,84,68,Decent
female,3.8,6.1,2.0,4.2,no,no,38,77,66,84,90,Nice
male,4.9,4.3,2.7,3.9,no,no,68,54,56,15,87,Decent
male,7.3,4.4,3.1,2.9,no,no,32,37,64,10,62,Just Pass
female,4.1,4.8,2.8,2.2,no,no,39,8,67,27,48,Just Pass
female,4.8,3.8,7.1,3.8,no,no,50,68,78,65,83,Decent
male,7.0,3.2,0.2,2.8,no,no,32,55,9,9,80,Just Pass
male,6.2,4.3,5.3,6.6,no,no,40,46,95,88,46,Decent
male,10.0,1.9,1.4,4.2,no,no,16,69,70,64,75,Decent
female,9.8,0.2,2.1,1.2,no,no,56,49,77,80,19,Decent
female,5.7,4.4,0.0,2.0,no,no,48,75,21,30,38,Just Pass
female,7.8,5.5,2.9,3.1,no,no,32,54,21,39,92,Just Pass
female,8.1,0.8,7.0,5.6,no,no,100,100,100,100,57,Excellent
male,6.1,4.6,4.5,5.8,no,no,67,63,51,38,27,Just Pass
male,4.8,6.4,1.6,2.2,no,no,80,80,49,30,6,Just Pass
male,7.0,3.0,6.0,1.1,no,no,61,56,59,5,43,Just Pass
male,6.7,1.4,6.5,0.9,no,no,26,63,66,63,30,Just Pass
male,6.3,3.2,4.2,3.5,no,no,100,44,14,93,50,Decent
male,7.7,1.9,8.1,7.6,no,no,100,70,60,32,100,Nice
female,5.9,1.8,5.6,4.1,no,no,63,100,22,77,100,Nice
female,5.3,3.9,5.4,0.0,no,no,22,20,46,82,9,Just Pass
male,7.2,0.0,2.4,1.5,no,no,30,20,98,57,84,Decent
male,7.6,0.1,5.3,1.8,no,no,93,96,51,44,23,Decent
female,5.2,3.0,4.4,1.4,no,no,9,60,81,100,40,Decent
female,8.4,3.0,5.0,2.2,no,no,69,34,34,12,100,Just Pass
female,4.3,3.7,2.6,3.7,no,no,66,45,87,23,8,Just Pass
female,6.1,6.8,4.3,4.4,no,no,20,54,43,90,4,Just Pass
male,6.6,3.2,2.4,5.2,no,no,81,70,46,40,44,Decent
male,6.0,4.2,0.0,4.0,no,no,71,83,70,82,96,Nice
male,6.2,1.0,6.0,0.0,no,no,41,45,57,39,8,Just Pass
male,9.8,4.5,1.0,0.9,no,no,40,59,25,73,14,Just Pass
male,5.7,1.9,4.2,2.7,no,no,92,92,14,77,69,Decent
female,10.7,3.1,4.7,3.3,no,yes,36,68,0,30,7,Worst
male,7.7,2.8,4.7,4.7,no,no,75,39,91,66,19,Decent
female,7.1,5.1,3.4,3.1,no,no,42,36,93,18,6,Just Pass
male,7.7,0.4,4.5,3.1,no,no,29,74,31,26,70,Just Pass
male,10.8,0.0,4.9,3.5,no,no,100,100,73,88,73,Good
male,5.5,2.6,5.5,2.5,no,no,62,88,12,93,79,Decent
male,5.3,3.9,7.5,3.2,no,no,44,69,40,83,24,Decent
male,5.9,3.3,4.5,5.3,no,no,85,100,58,100,63,Good
female,7.0,5.5,4.1,2.8,no,no,62,43,73,89,60,Decent
female,4.4,3.9,2.2,2.9,no,no,22,83,3,76,21,Just Pass
female,7.0,1.9,4.9,2.9,no,no,98,92,89,100,65,Good
male,9.5,0.0,5.3,5.6,no,no,31,100,44,40,94,Decent
male,7.2,2.5,3.6,0.8,no,no,61,99,76,74,100,Good
female,6.6,5.1,5.1,6.6,no,no,61,63,76,89,73,Nice
male,6.1,2.2,3.4,0.6,no,no,32,20,34,16,87,Just Pass
male,8.3,3.1,5.3,1.7,no,no,87,51,77,95,88,Nice
female,5.8,3.8,5.8,4.5,no,no,77,97,35,12,100,Decent
male,9.8,1.0,5.8,5.1,no,no,96,100,42,64,93,Nice
female,9.9,4.2,4.2,0.2,no,no,37,29,2,0,17,Worst
male,7.4,6.3,1.9,0.8,no,no,83,0,28,41,18,Just Pass
female,7.0,2.7,2.8,3.6,yes,no,27,43,2,34,71,Just Pass
male,8.5,0.7,5.2,7.7,no,no,82,76,70,91,81,Nice
male,8.6,2.9,8.9,5.5,no,no,100,30,22,98,47,Decent
female,5.8,0.0,3.3,2.5,no,no,20,91,27,88,77,Decent
male,6.2,3.7,4.9,0.0,no,no,8,26,91,70,88,Decent
male,5.0,3.9,2.9,3.2,no,no,100,68,83,14,39,Decent
female,7.6,6.4,2.1,3.7,no,no,95,8,21,39,57,Just Pass
male,8.0,2.6,2.6,2.2,no,no,81,90,75,85,62,Nice
female,5.0,3.8,0.0,1.3,no,no,42,67,60,59,6,Just Pass
male,6.3,1.3,6.7,3.3,no,no,66,54,33,84,25,Decent
male,5.0,2.3,0.0,1.1,no,no,22,59,34,19,85,Just Pass
male,5.7,0.0,3.5,6.7,no,no,68,43,100,57,100,Nice
male,7.8,2.6,1.6,6.0,no,no,56,100,86,100,100,Good
female,5.9,2.4,2.2,4.3,no,no,13,89,86,94,49,Decent
male,6.5,3.6,6.8,3.2,no,no,55,88,66,26,38,Decent
female,4.6,1.8,4.4,1.7,no,yes,27,0,46,34,74,Just Pass
male,7.3,3.2,2.1,3.0,no,no,70,5,54,53,92,Decent
male,6.9,2.3,2.8,6.3,no,no,68,75,91,61,98,Nice
male,5.9,2.3,2.5,4.7,no,no,98,26,85,59,45,Decent
male,6.7,3.2,3.9,3.4,no,no,44,86,11,72,71,Decent
female,7.3,3.1,4.3,4.8,no,no,53,54,76,100,88,Nice
female,5.8,4.5,7.8,4.1,no,no,69,45,74,99,69,Nice
female,4.8,2.8,0.2,3.8,no,no,23,10,9,90,63,Just Pass
female,9.7,2.3,3.9,5.0,no,no,54,100,56,85,90,Nice
male,6.1,2.6,3.4,4.0,no,no,78,100,99,11,86,Nice
female,6.9,1.6,5.9,4.7,no,no,59,31,100,62,41,Decent
female,8.5,2.3,4.7,3.3,no,no,100,44,89,62,50,Decent
male,12.0,7.1,5.2,2.5,no,yes,33,11,0,56,50,Worst
male,5.1,1.2,4.7,1.9,no,no,24,38,46,100,35,Just Pass
male,7.7,2.4,2.1,1.7,no,no,50,95,20,47,93,Decent
male,5.9,2.2,6.4,0.0,yes,yes,40,36,29,0,47,Worst
female,6.2,2.5,5.6,1.2,no,no,69,100,82,38,94,Nice
female,5.9,2.3,5.8,1.1,no,no,94,93,94,63,35,Nice
male,5.3,3.6,6.5,2.0,no,no,80,81,92,33,16,Decent
male,6.9,0.0,4.8,6.1,no,no,31,94,34,100,35,Decent
male,4.8,5.1,7.0,2.7,no,no,16,91,17,46,60,Just Pass
female,8.4,4.3,4.8,3.5,no,no,70,74,96,100,36,Nice
female,7.1,0.5,3.6,3.5,no,no,37,32,98,24,40,Just Pass
male,7.6,0.0,4.0,6.2,no,no,82,88,70,42,46,Decent
male,6.3,1.0,4.0,1.8,no,no,87,59,51,59,64,Decent
female,6.4,2.5,3.0,2.6,no,no,63,100,61,92,60,Nice
male,7.4,8.2,7.3,2.8,no,no,39,48,57,33,40,Just Pass
male,5.3,4.1,4.6,5.3,no,no,76,15,37,95,25,Just Pass
female,6.5,0.0,4.2,5.7,no,no,37,49,63,65,100,Decent
male,5.7,1.6,4.8,3.9,no,no,86,100,75,99,56,Good
female,5.7,2.9,10.0,5.5,no,no,93,100,44,51,36,Decent
male,3.8,3.5,1.7,3.4,no,no,50,71,98,46,2,Decent
male,9.0,0.4,2.3,2.7,no,no,37,15,38,37,25,Worst
female,6.0,2.7,1.2,5.4,yes,no,75,0,51,17,25,Just Pass
female,8.7,1.6,3.5,4.0,no,no,64,60,68,55,76,Decent
male,8.6,0.8,4.5,1.5,no,no,14,100,54,42,100,Decent
female,5.1,3.5,3.1,5.0,no,no,100,96,34,88,37,Nice
male,5.4,4.5,2.9,2.6,no,no,76,93,56,74,78,Nice
male,10.8,4.7,4.3,2.3,no,no,59,63,10,36,92,Decent
female,9.6,4.1,3.0,4.8,no,no,51,93,46,100,47,Decent
male,7.0,2.0,4.6,2.8,no,no,100,41,32,100,35,Decent
male,7.4,4.4,6.2,3.8,no,no,86,11,21,100,58,Decent
female,6.1,3.6,5.4,4.3,no,no,65,100,100,70,100,Good
female,7.6,3.3,5.8,1.4,no,no,69,25,73,45,5,Just Pass
male,5.9,1.8,6.2,3.8,yes,no,29,73,17,32,49,Just Pass
female,4.0,2.0,4.6,5.7,no,no,34,80,100,16,90,Decent
female,5.0,3.1,3.7,1.1,no,no,28,16,22,64,61,Just Pass
female,7.0,7.9,2.5,3.9,no,no,24,14,18,50,44,Worst
female,5.3,3.6,3.2,1.3,no,no,72,31,12,61,54,Just Pass
male,6.9,1.8,3.0,5.0,no,no,29,90,87,72,76,Decent
male,5.4,1.3,5.5,5.0,no,no,97,23,77,33,88,Decent
male,5.8,2.0,4.7,2.3,no,no,60,48,13,77,43,Just Pass
female,8.3,7.4,5.4,7.4,no,no,49,77,13,47,62,Just Pass
female,7.4,2.2,1.7,5.2,no,no,42,29,65,63,39,Just Pass
female,7.0,4.8,6.9,4.4,no,no,62,22,76,47,100,Decent
female,8.3,2.2,3.1,4.3,no,no,43,51,94,14,30,Just Pass
female,7.7,3.5,1.8,5.0,no,no,50,36,55,95,23,Decent
female,9.2,4.6,3.1,1.0,no,no,69,60,63,10,22,Just Pass
female,6.3,1.9,9.0,3.4,no,no,80,100,91,76,100,Good
male,6.4,1.7,3.2,3.8,no,no,85,11,72,99,76,Decent
male,5.0,6.3,3.3,2.2,no,no,66,85,30,17,40,Just Pass
female,6.4,5.0,3.6,3.9,no,no,85,47,17,45,96,Decent
female,8.4,4.6,3.7,5.5,no,no,30,76,74,47,100,Decent
female,8.9,4.6,2.4,2.2,no,no,97,83,74,6,38,Decent
male,8.4,3.9,4.3,2.9,no,no,52,62,23,47,61,Just Pass
male,4.3,7.0,6.2,1.4,yes,no,49,0,27,25,68,Just Pass
female,8.6,3.1,4.6,0.0,no,no,66,13,38,1,30,Worst
female,4.2,4.2,1.8,4.6,no,no,58,80,22,50,42,Decent
male,8.3,0.1,3.3,2.9,no,no,100,35,37,22,92,Decent
male,6.4,1.4,2.9,3.1,no,no,31,66,33,99,79,Decent
male,8.1,0.6,4.1,1.0,no,no,49,49,48,72,11,Just Pass
male,5.0,5.5,6.7,2.6,no,no,16,34,43,9,15,Worst
female,8.8,0.0,3.7,5.2,no,no,39,99,76,100,100,Good
male,4.8,2.2,3.8,3.0,no,no,79,81,17,44,10,Just Pass
male,6.0,0.0,7.6,3.1,no,no,20,84,78,42,100,Decent
female,5.5,1.3,5.8,3.4,no,no,100,52,17,40,42,Decent
male,4.4,2.0,5.1,0.5,no,no,64,23,26,60,60,Just Pass
male,7.1,5.8,7.9,4.2,no,no,53,60,59,17,65,Decent
male,9.7,3.8,5.0,0.5,no,no,32,80,67,4,38,Just Pass
female,11.0,1.3,0.0,1.1,no,no,12,57,77,62,3,Just Pass
male,7.1,5.1,5.7,0.9,no,no,90,95,1,96,17,Decent
female,8.7,3.0,0.8,2.6,no,no,72,2,54,49,62,Just Pass
female,7.3,3.1,4.9,2.3,no,yes,14,80,16,22,25,Worst
